Entity,Code,Year,Beef,Forestry (paper and wood),Palm oil,Soy,Cocoa and coffee,Cereals,Roots and tubers,Other crops
Afghanistan,AFG,2001,2.95,,,,,63.33,0.33,3.52
Afghanistan,AFG,2002,6.85,,,,,39.93,0.3,3.93
Afghanistan,AFG,2003,2.99,,,,,6.83,,3.38
Afghanistan,AFG,2004,3.2,,,,,24.37,0.13,4
Afghanistan,AFG,2005,7.29,,,,,2.94,,5.12
Afghanistan,AFG,2006,2.32,,,,,6.88,0.05,1.53
Afghanistan,AFG,2007,2.52,,,,,7.18,0.04,4.9
Afghanistan,AFG,2008,3.43,,,,,4.61,0.01,1.38
Afghanistan,AFG,2009,4.36,,,,,2.6,,5.77
Afghanistan,AFG,2010,1.49,,,,,5.45,0.05,0.35
Afghanistan,AFG,2011,1.21,,,,,3.78,0.03,0.44
Afghanistan,AFG,2012,2.55,,,,,0.66,0.32,12.65
Afghanistan,AFG,2013,0.21,,,,,,0.01,0.14
Afghanistan,AFG,2014,0.19,,,,,0.01,0.01,0.17
Afghanistan,AFG,2018,0.32,,,,,,,
Afghanistan,AFG,2019,0.86,,,,,0.1,,0.38
Afghanistan,AFG,2020,,,,0.03,,,0.07,1.16
Afghanistan,AFG,2021,,,,0.01,,0.16,0.02,0.12
Afghanistan,AFG,2022,0.04,,,,,0.02,,
Afghanistan,AFG,2023,0.4,,,,,0.24,0.01,0.08
Africa,OWID_AFR,2001,175665.34,5220.28,14391.26,3466.58,99735.94,85960.07,42970.49,130430.72
Africa,OWID_AFR,2002,170832.55,4014.31,23936.57,4707.09,144615.22,89193.38,53713.19,135249.9
Africa,OWID_AFR,2003,164228.19,3353.22,14117.29,5215.44,69688.68,62280.51,37691.04,112546.16
Africa,OWID_AFR,2004,155070.55,2995.12,5125.98,4307.47,42352.46,56844.65,23458.84,104665.56
Africa,OWID_AFR,2005,164960.38,4369.03,7295.27,5251.91,53929.27,87445.49,31820.55,165212.48
Africa,OWID_AFR,2006,130182.12,3724.16,19593.39,6146.34,70693.88,197182.98,159816.56,310977.47
Africa,OWID_AFR,2007,130909.1,6271.3,11140.36,5186.61,61413.89,299586.8,271372.2,191246.02
Africa,OWID_AFR,2008,117182.39,5047.18,9423.18,4529.5,70434.56,266366.75,255951.31,219444.95
Africa,OWID_AFR,2009,128455.85,4377.38,15951.1,10694.72,98762.94,316705.2,394219.3,329826.34
Africa,OWID_AFR,2010,112181.24,3915.42,43556.78,25151.04,80284.81,323824.88,294118.3,443093.44
Africa,OWID_AFR,2011,128809.65,3713.69,32492.77,10923.24,104812.97,251940.98,134926.55,336117.88
Africa,OWID_AFR,2012,148551.36,4693.28,29443.06,13003.02,86450.51,334176.25,163380.84,383369.75
Africa,OWID_AFR,2013,125485.53,7904.38,30657.96,12417.89,133108.81,350162.38,210228.62,298830.06
Africa,OWID_AFR,2014,167467.84,8617.91,35725.25,25333.15,287317.66,329253.94,318496.47,309225.44
Africa,OWID_AFR,2015,120404.85,7023.67,23193.27,16902.72,156626.06,267877.3,283390.44,252428.22
Africa,OWID_AFR,2016,188132.52,7071.75,32507.7,31552.26,256002.75,245846.38,407792.9,284103.56
Africa,OWID_AFR,2017,271680.3,6801.98,45557.42,14917.04,305743.4,142670.9,474709.44,328329.56
Africa,OWID_AFR,2018,274912.94,7006.39,43775.7,13907.1,153041.4,135876.66,254074.84,125324.53
Africa,OWID_AFR,2019,249245.75,6406.96,32491.84,10099.26,160971.38,271121.3,264662.34,229296.98
Africa,OWID_AFR,2020,250760.75,7835.44,36592.48,7907.36,167831.4,382234.72,236272.45,222438.98
Africa,OWID_AFR,2021,273587.84,7247.89,39336.02,10991.9,160172.12,466152.25,297154.78,226342.92
Africa,OWID_AFR,2022,268381.1,7643.54,39312.46,14239.37,66664.69,294349.62,305739.9,279658.25
Africa,OWID_AFR,2023,283338,7454.85,35032.76,11637.32,92569.47,399357.16,286153.4,258336.88
Albania,ALB,2001,,1060.57,,,,36.58,,326.22
Albania,ALB,2002,,428.24,,,,0.07,,0.28
Albania,ALB,2003,,141.25,,,,13.12,,44.26
Albania,ALB,2004,,1208.12,,,,19.48,,391.41
Albania,ALB,2005,72.25,255.8,,,,2.41,,38.95
Albania,ALB,2006,174.64,374.87,,,,0.02,,0.01
Albania,ALB,2007,315.35,421.59,,,,0.33,0.02,0.49
Albania,ALB,2008,163.29,,,0.03,,15.08,,16.1
Albania,ALB,2009,31.55,,,,,45,1.3,91.9
Albania,ALB,2010,,,,,,0.55,0.55,67.03
Albania,ALB,2011,,,,,,9.01,0.47,78.29
Albania,ALB,2012,,,,,,109.79,27.45,349.11
Albania,ALB,2013,,,,,,61.34,5.37,51.26
Albania,ALB,2014,24.94,,,0.12,,28.43,2.09,66.3
Albania,ALB,2015,8.44,,,0.12,,6.63,,21.94
Albania,ALB,2016,16.06,,,,,3.79,1.68,48.65
Albania,ALB,2017,15.46,,,,,7.81,,69.75
Albania,ALB,2018,,,,,,33.86,3.57,39.23
Albania,ALB,2019,,,,0.12,,26.95,,36.34
Albania,ALB,2020,,,,0.05,,28.07,1.67,22.18
Albania,ALB,2023,,,,0.12,,61.03,2.08,41.28
Algeria,DZA,2001,25.49,,,,,73.49,3.36,21.91
Algeria,DZA,2002,55.55,,,,,77.09,4.14,29.81
Algeria,DZA,2003,65.56,,,,,8.71,2.58,48.45
Algeria,DZA,2004,41.54,,,,,33.31,,87.15
Algeria,DZA,2005,33.83,,,,,,,77.53
Algeria,DZA,2006,44.59,,,,,69.82,0.87,10.58
Algeria,DZA,2007,38.78,,,,,13.36,11.99,45.82
Algeria,DZA,2008,56.41,,,,,110.46,4.03,19.52
Algeria,DZA,2009,57.87,,,,,70.35,22.18,122.27
Algeria,DZA,2010,33.42,,,,,1.48,23.36,67.27
Algeria,DZA,2011,39.52,,,,,6.02,23.77,105.94
Algeria,DZA,2012,22.14,,,,,0.24,22.21,174.21
Algeria,DZA,2013,,,,,,148.92,,27.08
Algeria,DZA,2014,,,,,,198.17,,26.56
Algeria,DZA,2015,,,,,,178.69,,34.01
Algeria,DZA,2016,,,,,,7.32,6.53,320.91
Algeria,DZA,2017,9.57,,,,,0.46,5.81,440.03
Algeria,DZA,2018,10.25,,,,,8.29,,143.71
Algeria,DZA,2019,7.05,,,,,4.16,,95.37
Algeria,DZA,2020,5.29,,,,,3.82,,4.6
Algeria,DZA,2021,2.52,,,,,7.38,0.01,0.71
Algeria,DZA,2022,3.42,,,,,0.01,0.63,6.42
Algeria,DZA,2023,2.95,,,,,5.26,0.06,1.3
Angola,AGO,2001,,,,64.68,2.69,17358.11,9069.74,8202.25
Angola,AGO,2002,,,,48.5,108.94,8397.7,6064.04,4918.88
Angola,AGO,2003,,,,75.31,5.02,12105.41,1589.33,3587.06
Angola,AGO,2004,165.52,,,215.31,215.02,10830.74,7449.67,7841.91
Angola,AGO,2005,3901.92,,,1497.73,568.71,6821.03,,24973.41
Angola,AGO,2006,,,,172.96,829.8,11268.78,3075.63,16014.97
Angola,AGO,2007,,,,253.96,542.46,21850.3,4707.53,31936.08
Angola,AGO,2008,519.16,,,,308.54,22596.35,11185.3,12385.54
Angola,AGO,2009,10329.79,,,5079.52,,1002.2,48897.81,12894.19
Angola,AGO,2010,4935.26,,,619.51,740.33,11333.82,18725.77,13942.53
Angola,AGO,2011,9801.51,,77.02,3015.44,6422.07,10685.77,7162.07,35671.28
Angola,AGO,2012,8091.43,,5.73,,581.26,47637.12,2362.82,16333.23
Angola,AGO,2013,,,10.72,92.4,470.39,47189.29,4691.19,4520.98
Angola,AGO,2014,,,4.13,682.93,1.32,46239.86,12063.75,3389.67
Angola,AGO,2015,,,,419.02,0.16,33332.7,6138.96,2135.86
Angola,AGO,2016,28253.82,,,801.72,9.11,25884.6,252.56,3238.06
Angola,AGO,2017,47930.95,,9.36,,19.75,15171.14,729.29,14040.05
Angola,AGO,2018,46868.68,,3.2,29.72,,5968.36,4594.18,2116.3
Angola,AGO,2019,37268.79,,0.7,0.08,73.84,891.49,779.18,515.04
Angola,AGO,2020,55440.86,,,,,,,
Angola,AGO,2021,80543.75,,,,,,,
Angola,AGO,2022,57686.14,,0.53,168.6,237.37,1965.16,2380.08,1930.95
Angola,AGO,2023,74391.14,,0.19,41.99,106.77,589.23,734.91,539.59
Antigua and Barbuda,ATG,2001,1.34,,,,,0.04,0.15,1.5
Antigua and Barbuda,ATG,2002,1.44,,,,,0.05,0.2,1
Antigua and Barbuda,ATG,2003,0.89,,,,,0.01,0.04,0.09
Antigua and Barbuda,ATG,2004,1.78,,,,,0.01,0.09,0.21
Antigua and Barbuda,ATG,2005,2.37,,,,,0.01,0.03,0.48
Antigua and Barbuda,ATG,2006,3.43,,,,,,0.01,0.36
Antigua and Barbuda,ATG,2007,3.85,,,,,,0.01,0.24
Antigua and Barbuda,ATG,2008,6.21,,,,,0.01,0.01,0.3
Antigua and Barbuda,ATG,2009,5.29,,,,,,0.02,0.33
Antigua and Barbuda,ATG,2010,2.35,,,,,0.04,0.07,0.72
Antigua and Barbuda,ATG,2011,4.06,,,,,0.01,0.08,0.78
Antigua and Barbuda,ATG,2012,4.41,,,,,0.07,0.31,1.52
Antigua and Barbuda,ATG,2013,0.95,,,,,,0.03,0.5
Antigua and Barbuda,ATG,2014,2.18,,,,,,0.06,1.23
Antigua and Barbuda,ATG,2015,0.59,,,,,,,1.25
Antigua and Barbuda,ATG,2016,,,,,,,0.17,3.73
Antigua and Barbuda,ATG,2017,,,,,,0.21,0.93,36.2
Antigua and Barbuda,ATG,2018,,,,,,1.58,16.15,25.02
Antigua and Barbuda,ATG,2019,,,,,,,1.24,6.48
Antigua and Barbuda,ATG,2020,0.74,,,,,,,
Antigua and Barbuda,ATG,2021,0.44,,,,,,,
Antigua and Barbuda,ATG,2022,2.36,,,,,,,
Antigua and Barbuda,ATG,2023,0.81,,,,,,,
Argentina,ARG,2001,1127.88,7861.72,,29157.64,,28975.25,602.08,51422.51
Argentina,ARG,2002,979.61,4201.66,,22651.1,,26868.03,93.18,23104.61
Argentina,ARG,2003,983.31,6256.64,,53159.93,,43074.18,52.57,102405.95
Argentina,ARG,2004,1202.42,8655.81,,124807.58,,104973.61,,138555.23
Argentina,ARG,2005,1344.62,9668.58,,97098.05,,110509.24,543.21,103483.24
Argentina,ARG,2006,1378.37,11100,,86586.41,,26408.67,50.96,35371.1
Argentina,ARG,2007,1225.18,11100,,80457.38,,196256.05,156.66,78587.45
Argentina,ARG,2008,1611.97,13933.33,,143828,,259689.02,350.18,101995.82
Argentina,ARG,2009,1034.78,7432.53,,40387.03,,168047.08,261.64,32128.03
Argentina,ARG,2010,886.38,10053.84,,71204.39,,224175.25,379.17,47937.42
Argentina,ARG,2011,705.95,13116.63,,134258.88,,75746.41,290.34,32448.86
Argentina,ARG,2012,1370.48,19600,,54978.06,,178161.7,494.61,51180.3
Argentina,ARG,2013,782.96,17550.75,,27456.34,,174264.8,506.54,45903.28
Argentina,ARG,2014,792.28,15328.05,,20078.46,,128844.05,80.86,27216.3
Argentina,ARG,2015,614.62,12612.84,,9042.27,,20980.42,2.62,3150.89
Argentina,ARG,2016,1873.13,12850.28,,13101.35,,128945.1,37.92,28343.71
Argentina,ARG,2017,1923.05,13430.72,,15309.31,,129195.56,274.56,24225.95
Argentina,ARG,2018,9819.48,11901.59,,12221.78,,94427.51,334.56,18402.63
Argentina,ARG,2019,6484.36,11604.16,,10476.85,,74270.13,10.99,16615.15
Argentina,ARG,2020,31455.01,12169.97,,15028.99,,1317.67,0.5,3214.2
Argentina,ARG,2021,30258.95,12167.78,,7831.42,,1416.32,0.65,3663.08
Argentina,ARG,2022,33386.34,16875.73,,2520.52,,581.48,0.32,2173.32
Argentina,ARG,2023,31700.09,15626.46,,379.62,,95.8,0.04,623.38
Armenia,ARM,2001,18.84,,,,,7.29,1.33,4.28
Armenia,ARM,2002,26.75,,,,,1.57,0.35,1.32
Armenia,ARM,2003,70.76,,,,,0.04,0.06,1.34
Armenia,ARM,2004,17.09,,,,,0.15,,1.59
Armenia,ARM,2005,11.39,,,,,,,
Armenia,ARM,2006,,,,,,18.16,,6.36
Armenia,ARM,2007,,,,,,0.02,,0.03
Armenia,ARM,2008,,,,,,5.96,,13.88
Armenia,ARM,2009,,,,,,12.62,,14.28
Armenia,ARM,2010,,,,,,17.99,1.99,8.05
Armenia,ARM,2011,,,,,,19.03,0.87,4.96
Armenia,ARM,2012,,,,,,13.3,,6.96
Armenia,ARM,2013,,,,,,5.72,,3.46
Armenia,ARM,2014,,,,,,0.38,,3.78
Armenia,ARM,2015,0.13,,,,,0.04,,0.42
Armenia,ARM,2016,1.23,,,,,0.21,,5.35
Armenia,ARM,2017,1.25,,,,,,,4.56
Armenia,ARM,2018,0.24,,,,,0.22,,0.12
Armenia,ARM,2019,0.22,,,,,0.07,,0.04
Armenia,ARM,2020,0.6,,,,,0.38,,0.05
Armenia,ARM,2021,0.56,,,,,0.24,,0.02
Armenia,ARM,2022,1.15,,,,,0.32,,0.01
Armenia,ARM,2023,1.48,,,,,0.65,,0.05
Asia,OWID_ASI,2001,87055.65,168471.1,186894.11,7886.34,2482.14,73386.83,7853.87,175357.73
Asia,OWID_ASI,2002,126897.54,173870.42,213124.89,10027.38,2849.18,109754.77,6571.15,167093.23
Asia,OWID_ASI,2003,116473.19,137072.02,141366.61,3695.68,765.43,95696.2,13251.86,132832.05
Asia,OWID_ASI,2004,173680.4,346694.28,434446.3,1307.31,1321.3,172671.56,17072.87,178465.25
Asia,OWID_ASI,2005,77105.91,307008.16,477474.2,3108.74,11496.95,161683.34,23935.18,187294.98
Asia,OWID_ASI,2006,61927.75,380685.88,571891.2,13533.31,15976.47,220213.3,27051.9,259405.72
Asia,OWID_ASI,2007,76643.1,450147.3,525288.4,12123.07,16844.63,192902.98,15542.81,321146.56
Asia,OWID_ASI,2008,87988.61,385588.94,587446.06,5775.3,32625.26,195031.44,22515.88,280259.03
Asia,OWID_ASI,2009,140278.2,367589.3,877971.8,2920.33,11525.47,223883.23,34104.52,267314.03
Asia,OWID_ASI,2010,111768.31,346946.88,554035.75,6714.48,11778.28,150614.53,35845.34,287347.97
Asia,OWID_ASI,2011,107992.13,355806.94,685173.9,8723.45,3941.27,116515.16,38633.17,268849.56
Asia,OWID_ASI,2012,151033.62,441201.75,945975.4,12322.56,17187.34,205797.4,56084.66,335521.12
Asia,OWID_ASI,2013,107178.77,381697.25,467412.94,3359.41,5393.63,109559.6,38723.63,273358.56
Asia,OWID_ASI,2014,303338.38,503815.03,582885.5,3487.36,8952.53,229582.55,21342.67,342259.03
Asia,OWID_ASI,2015,259066.75,464601.25,430544.84,21663.09,8616.12,171045.8,15220.22,247517.25
Asia,OWID_ASI,2016,337594.5,589114.56,440194.8,8277.63,18615.11,146668.52,6610.02,445520.72
Asia,OWID_ASI,2017,280528.88,506064.7,366150.44,11811.86,18126.89,135829.48,7861.77,427871.3
Asia,OWID_ASI,2018,205541.81,457709.66,326671.72,10635.33,16599.56,132713.47,6296.11,261760.72
Asia,OWID_ASI,2019,158343.19,406461.94,233232.12,13435.61,8527.91,124700.98,14994.65,240090.62
Asia,OWID_ASI,2020,136861.3,355618.16,123775.55,10708.65,7032.44,121454.85,27941.63,209765.2
Asia,OWID_ASI,2021,150775.1,445722.1,83684.99,14268.02,5634.39,95388.49,29487.4,207233.42
Asia,OWID_ASI,2022,179695.6,503880.75,74281.05,22800.78,7110.28,162010.77,17638.79,258379.34
Asia,OWID_ASI,2023,160920.27,457065.25,97984.66,17596.36,6966.37,137836.56,27239.34,224234.44
Australia,AUS,2001,,19041.85,,,,6592.26,0.81,451.25
Australia,AUS,2002,,21163.24,,,,8496.9,0.87,393.58
Australia,AUS,2003,,30301.49,,104.79,,11917.74,2.9,2789.15
Australia,AUS,2004,12074.46,27383.95,,,,3.11,0.33,487.72
Australia,AUS,2005,,26580.55,,,,588.05,0.14,213.1
Australia,AUS,2006,,25385.95,,86.97,,8109.72,0.49,4576.97
Australia,AUS,2007,,35522.3,,65.4,,8444.58,9.13,4661.75
Australia,AUS,2008,432.95,27490.7,,9.1,,3686.16,1.32,6389.92
Australia,AUS,2009,,12740,,,,2550.7,6.68,8138.17
Australia,AUS,2010,,,,34.94,,943.42,0.89,6571.34
Australia,AUS,2011,,,,56.07,,999.36,0.79,6103.52
Australia,AUS,2012,,,,,,1210.44,0.05,1284.51
Australia,AUS,2013,,,,,,203.61,0.01,451.94
Australia,AUS,2014,,,,,,386.61,0.03,432.98
Australia,AUS,2015,7188.34,,,4.26,,23.7,0.18,671.3
Australia,AUS,2016,12706.91,,,,,428.49,4.1,331.13
Australia,AUS,2017,,,,,,7569.95,2.76,2328.96
Australia,AUS,2018,7496.68,,,,,207.47,0.1,11.62
Australia,AUS,2019,7842.28,,,6.03,,1556.75,0.03,1007.58
Australia,AUS,2020,6275.26,,,,,,,
Australia,AUS,2021,5169.35,,,,,,,
Australia,AUS,2022,4857.59,,,,,,,
Australia,AUS,2023,4456.92,,,,,,,
Austria,AUT,2001,,,,3.4,,60.88,,31.66
Austria,AUT,2002,,,,31.27,,22.89,,67.15
Austria,AUT,2003,,,,8.5,,17.38,0.71,18.64
Austria,AUT,2004,,,,6.74,,25.46,2.18,80.19
Austria,AUT,2005,,,,,,21.1,0.23,11.94
Austria,AUT,2006,,,,0.05,,15.36,0.05,5.15
Austria,AUT,2007,,,,10.58,,29.98,,19.16
Austria,AUT,2008,,,,11.45,,5.47,0.03,12.79
Austria,AUT,2009,,,,7.92,,13.83,,10.56
Austria,AUT,2010,,,,7.03,,10.99,,15.46
Austria,AUT,2011,,,,6.89,,16.28,,12.94
Austria,AUT,2012,,,,9.9,,8.7,,10.37
Austria,AUT,2013,,,,1.36,,5.23,0.02,7.91
Austria,AUT,2014,,,,11.02,,2.68,0.86,7.46
Austria,AUT,2015,,,,1.58,,4.09,0.5,3.68
Austria,AUT,2016,72.75,,,11.48,,23.65,1.62,7.29
Austria,AUT,2017,,,,14.11,,53.27,4.44,89.38
Austria,AUT,2018,,,,24.04,,37.04,,83.44
Austria,AUT,2019,,,,40.37,,28.62,,41.3
Austria,AUT,2020,69.72,,,0.63,,0.11,,0.45
Austria,AUT,2021,30.63,,,4.01,,4.01,,0.88
Austria,AUT,2022,24.74,,,,,8.36,,5.07
Austria,AUT,2023,34.04,,,3.35,,3.88,,2.81
Azerbaijan,AZE,2001,93.55,10.14,,,,36.4,7,17.64
Azerbaijan,AZE,2002,167.16,7.34,,0.01,,11.15,3.71,22.33
Azerbaijan,AZE,2003,159.26,45,,0.01,,5.33,1,8.84
Azerbaijan,AZE,2004,,10.83,,,,66.67,1.88,53.57
Azerbaijan,AZE,2005,,3.99,,,,42.61,,16.75
Azerbaijan,AZE,2006,,6.77,,,,96.9,,8
Azerbaijan,AZE,2007,,7.17,,0.02,,76.33,,9.06
Azerbaijan,AZE,2008,,6.54,,0.06,,54.18,,17.8
Azerbaijan,AZE,2009,,9.25,,0.06,,28.24,0.47,35.07
Azerbaijan,AZE,2010,,22.95,,0.03,,121.26,,19.62
Azerbaijan,AZE,2011,,5.37,,,,37.5,,7.39
Azerbaijan,AZE,2012,,12.85,,,,71.72,,19.56
Azerbaijan,AZE,2013,,,,,,17.35,,32.64
Azerbaijan,AZE,2014,,0.74,,,,1.9,,42.03
Azerbaijan,AZE,2015,,,,,,0.68,,0.75
Azerbaijan,AZE,2016,,0.88,,,,4.52,,4.82
Azerbaijan,AZE,2017,,3,,,,7.03,,6.13
Azerbaijan,AZE,2018,,2.52,,,,1.71,,0.97
Azerbaijan,AZE,2019,,0.06,,,,2.65,,1.65
Azerbaijan,AZE,2020,,1.39,,,,2.05,,3.77
Azerbaijan,AZE,2021,1.98,0.54,,,,0.03,,12.89
Azerbaijan,AZE,2022,1.38,1.38,,,,0.01,,3.55
Azerbaijan,AZE,2023,1.99,3.47,,,,1.6,,9.45
Bahamas,BHS,2001,33.97,,,,,,1.22,7.97
Bahamas,BHS,2002,12,,,,,,1.23,7.83
Bahamas,BHS,2003,9.16,,,,,,0.82,5.8
Bahamas,BHS,2004,15.89,,,,,,0.22,1.64
Bahamas,BHS,2005,42.89,,,,,0.06,0.96,8.27
Bahamas,BHS,2006,159.99,,,,,,3.28,10.99
Bahamas,BHS,2007,14.83,,,,,,2.39,29.38
Bahamas,BHS,2008,0.22,,,,,,1.87,27.59
Bahamas,BHS,2009,,,,,,,0.92,19.06
Bahamas,BHS,2010,,,,,,0.2,4.82,14.57
Bahamas,BHS,2011,3.78,,,,,,0.35,3.21
Bahamas,BHS,2012,13.37,,,,,,0.57,3.14
Bahamas,BHS,2013,29.28,,,,,,0.16,5.03
Bahamas,BHS,2014,21.81,,,,,,0.53,3.28
Bahamas,BHS,2015,5.47,,,,,0.2,0.13,6
Bahamas,BHS,2016,43.49,,,,,,5.88,42.51
Bahamas,BHS,2017,115.16,,,,,,,29.35
Bahamas,BHS,2018,7.58,,,,,0.04,0.43,4.57
Bahamas,BHS,2019,74.25,,,,,,,6.71
Bahamas,BHS,2020,138.42,,,,,,,12.9
Bahamas,BHS,2021,4.78,,,,,0.01,0.02,0.46
Bahamas,BHS,2022,3.46,,,,,,,1.88
Bahamas,BHS,2023,3.25,,,,,,,0.43
Bangladesh,BGD,2001,198.17,,,,,20.69,11.09,75.57
Bangladesh,BGD,2002,184.58,,,17.21,,25.19,59.14,210.91
Bangladesh,BGD,2003,97.98,,,4.99,,8.52,15.72,44.17
Bangladesh,BGD,2004,168.01,,,5.81,,63.36,11,54.61
Bangladesh,BGD,2005,133.61,,,0.63,,42.72,3.49,11.1
Bangladesh,BGD,2006,300.23,,,,,154.21,4.12,38.16
Bangladesh,BGD,2007,240.05,,,0.15,,99.81,9.31,18.43
Bangladesh,BGD,2008,148.33,91.58,,0.34,,40.47,9.46,71.43
Bangladesh,BGD,2009,195.75,70.32,,0.05,,19.55,5.01,76.12
Bangladesh,BGD,2010,114.93,87.72,,,,32.15,2.34,150.72
Bangladesh,BGD,2011,19.49,65.57,,9.81,,99.65,0.76,172.79
Bangladesh,BGD,2012,7.4,63.65,,2.61,,73.65,14.69,136.29
Bangladesh,BGD,2013,3.24,11.79,,3.84,,45.35,11.12,92.3
Bangladesh,BGD,2014,12.27,9.24,,1.22,,174.06,23.45,228.11
Bangladesh,BGD,2015,22.64,,,11.85,,214.15,6.57,305.1
Bangladesh,BGD,2016,18.81,,,16.44,,843.08,,519.5
Bangladesh,BGD,2017,19.52,,,,,256.89,,941.24
Bangladesh,BGD,2018,17.05,,,,,271.72,2.6,567.4
Bangladesh,BGD,2019,71.53,,,,,305.22,8.62,636.17
Bangladesh,BGD,2020,66.39,,,,,338.16,5.98,548.49
Bangladesh,BGD,2021,44.03,,,6.25,,82.52,11.78,743.69
Bangladesh,BGD,2022,36.03,,,2.28,,125.64,0.07,496.06
Bangladesh,BGD,2023,53.17,,,2.22,,244.41,5.87,638.47
Barbados,BRB,2001,3.15,,,,,,0.06,0.85
Barbados,BRB,2002,1.93,,,,,0.05,0.16,0.92
Barbados,BRB,2003,0.22,,,,,,,0.09
Barbados,BRB,2004,0.2,,,,,0.02,0.12,0.65
Barbados,BRB,2005,0.55,,,,,0.02,0.11,1.57
Barbados,BRB,2006,0.22,,,,,,0.11,1.18
Barbados,BRB,2007,3.15,,,,,,0.11,0.42
Barbados,BRB,2008,2.02,,,,,,,0.16
Barbados,BRB,2009,2.99,,,,,0.03,0.16,0.55
Barbados,BRB,2010,2.17,,,,,0.11,,0.71
Barbados,BRB,2011,2.25,,,,,,0.07,0.16
Barbados,BRB,2012,7.42,,,,,,0.04,1.15
Barbados,BRB,2013,0.45,,,,,,,
Barbados,BRB,2014,0.45,,,,,,,
Barbados,BRB,2016,0.21,,,,,,,1.2
Barbados,BRB,2017,0.27,,,,,,0.02,0.3
Barbados,BRB,2018,0.2,,,,,,,0.17
Barbados,BRB,2019,0.02,,,,,,0.01,0.03
Barbados,BRB,2021,0.15,,,,,,0.06,0.33
Barbados,BRB,2023,0.02,,,,,,0.01,0.02
Belarus,BLR,2001,270.55,90,,,,131.82,,102.43
Belarus,BLR,2002,254.07,90,,,,99.34,,147.15
Belarus,BLR,2003,39.89,90,,,,111.21,,74.38
Belarus,BLR,2004,,90,,,,260.29,,88.16
Belarus,BLR,2005,,90,,,,285.87,,148.87
Belarus,BLR,2006,,90,,,,365.48,,243.68
Belarus,BLR,2007,,90,,,,252.04,,174.91
Belarus,BLR,2008,,347.33,,,,352.17,,59.52
Belarus,BLR,2009,,604.67,,,,302.7,,149.05
Belarus,BLR,2010,,862,,,,380.74,,314.72
Belarus,BLR,2011,,862,,,,412.22,,383.74
Belarus,BLR,2012,,862,,,,481.71,,251.73
Belarus,BLR,2013,,594.67,,,,252.32,,64.88
Belarus,BLR,2014,,310.67,,,,332.61,,116.62
Belarus,BLR,2015,,26.67,,,,242.29,,256.26
Belarus,BLR,2016,,10,,,,956.32,,952.64
Belarus,BLR,2017,,10,,,,2002.48,,443.95
Belarus,BLR,2018,,10,,,,1394.58,,279.15
Belarus,BLR,2019,,10,,,,252.59,,65.69
Belarus,BLR,2020,,10,,,,,,
Belarus,BLR,2021,,10,,,,,,
Belarus,BLR,2022,,10,,,,,,
Belarus,BLR,2023,,10,,,,,,
Belgium,BEL,2001,10.28,,,,,71.54,7.02,23.96
Belgium,BEL,2002,,,,,,47.67,8.51,46.87
Belgium,BEL,2003,,,,,,17.66,6.35,8.97
Belgium,BEL,2004,,,,,,30.09,3.32,37.15
Belgium,BEL,2005,,,,,,76.25,,18.61
Belgium,BEL,2006,,,,,,18.52,7.55,6.19
Belgium,BEL,2007,,,,,,11.96,8.68,3.44
Belgium,BEL,2008,,1511.32,,,,0.06,20.55,6.93
Belgium,BEL,2009,41.65,982.46,,,,29.85,,11.92
Belgium,BEL,2010,,2460.38,,,,31.83,,12.25
Belgium,BEL,2011,36.85,962.87,,,,35.65,,14.86
Belgium,BEL,2012,,828.4,,,,15,34.28,31.02
Belgium,BEL,2013,,469.87,,,,7.33,7.43,10.49
Belgium,BEL,2014,,712.88,,,,1.29,14.42,26.82
Belgium,BEL,2015,8.23,,,,,2.68,12.68,29.15
Belgium,BEL,2016,3.22,,,,,7.71,18.79,45.99
Belgium,BEL,2017,11.81,,,,,19.87,12.49,67.23
Belgium,BEL,2018,,,,,,70.55,,44.89
Belgium,BEL,2019,,,,,,62.1,,44.44
Belgium,BEL,2020,,,,,,51,,22.93
Belgium,BEL,2021,,,,,,34.75,10.38,18.09
Belgium,BEL,2022,,,,,,20.36,6.24,12.21
Belgium,BEL,2023,,,,,,18.08,3.99,9.65
Belize,BLZ,2001,199.54,11,2.07,,,1227.11,0.47,589.19
Belize,BLZ,2002,309.18,11,0.07,,,212.2,1.02,155.74
Belize,BLZ,2003,267.74,4.04,,,0.34,63.99,2.96,170.05
Belize,BLZ,2004,230.85,10.05,,,,69.75,0.72,157.38
Belize,BLZ,2005,292.75,11,,,3.01,71.06,0.55,187.47
Belize,BLZ,2006,135.73,7.93,,,6.22,1126.92,1.08,457.16
Belize,BLZ,2007,101.78,10.01,,86.48,17.18,1209.95,11.93,1161.47
Belize,BLZ,2008,55.44,8.89,1.04,85.53,29.66,1265.55,11.39,1060.04
Belize,BLZ,2009,21.24,10.33,,93.93,26.75,352.91,10.64,1865.16
Belize,BLZ,2010,41.62,10,,260.81,71.76,145.53,1.2,957.81
Belize,BLZ,2011,5.53,10,,572.32,110.06,,8.89,1199.68
Belize,BLZ,2012,,10,,780.01,122.03,754.38,8.05,2731
Belize,BLZ,2013,,9.76,,483.03,1.53,362.66,20.78,3479.31
Belize,BLZ,2014,,3.51,,1221.07,1.5,507.95,3.9,3420.31
Belize,BLZ,2015,38.23,5.82,,453.84,,,11.39,1932.87
Belize,BLZ,2016,0.51,13.33,,519.49,0.54,351.08,10.29,1407.78
Belize,BLZ,2017,,10,0.22,676.34,,890.14,10.69,916.85
Belize,BLZ,2018,,8.33,,699.35,11.79,974.19,5.96,587.84
Belize,BLZ,2019,41.42,10,,1104.79,50.98,569.97,7.47,812.55
Belize,BLZ,2020,262.44,10,,349.52,32.79,575.6,1.89,27.67
Belize,BLZ,2021,564.61,10,,207.05,18.89,407.95,0.88,11.6
Belize,BLZ,2022,110.74,10,,43.63,3.72,193.66,0.79,3.88
Belize,BLZ,2023,335.35,10,,187.26,16.89,492.57,1.68,13.76
Benin,BEN,2001,124.96,1.65,40.91,70.48,,1133.5,219.38,483.71
Benin,BEN,2002,81.08,0.4,60.13,64.74,,957.21,58.64,104.79
Benin,BEN,2003,1317.94,3.13,33.11,93.69,0.09,337.41,26.28,134.34
Benin,BEN,2004,228.59,0.73,13.75,10.8,,1.96,16.03,100.44
Benin,BEN,2005,135.78,1.22,17.55,68.27,,309.48,131.54,798.76
Benin,BEN,2006,16.93,0.66,33.65,60.91,0.06,234.07,85.07,637.86
Benin,BEN,2007,361.32,1.39,104.39,226.23,0.08,1181.53,815.8,882.8
Benin,BEN,2008,19.2,0.09,26.68,88.63,,53.03,3.55,94.45
Benin,BEN,2009,993.41,0.97,79.06,160.58,,1054.26,333.85,2489.67
Benin,BEN,2010,3.72,0.18,3.72,4.8,0.01,55.24,3.56,189.48
Benin,BEN,2011,4.45,0.17,8.13,12.51,,90.52,65.87,245.59
Benin,BEN,2012,20.06,4.19,56.57,397.11,,492.24,211.52,1345
Benin,BEN,2013,306.19,,0.15,199.28,,198.22,93.32,300.56
Benin,BEN,2014,19.38,,0.38,159.62,,479,40.98,474.69
Benin,BEN,2015,2.84,,0.81,29.9,0.02,247.75,8.77,304.43
Benin,BEN,2016,4.35,3.39,1.56,45.21,,590.63,58.82,371.66
Benin,BEN,2017,35.58,0.49,3.21,111.84,,469.6,119.52,338.86
Benin,BEN,2018,67.42,0.06,6.46,57.21,0.01,331.33,199.21,132.19
Benin,BEN,2019,27.64,0.02,3.3,66.15,,26.16,65.09,153.59
Benin,BEN,2020,47.62,0.37,1.34,165.16,,470.31,41.32,116.06
Benin,BEN,2021,77.67,0.42,,146.98,,409.44,29.78,98.67
Benin,BEN,2022,1223.79,0.52,,,,,,
Benin,BEN,2023,225.28,0.32,0.6,338.36,,1009.53,77.57,206.34
Bhutan,BTN,2001,57.19,21,,,,,0.29,15.95
Bhutan,BTN,2002,20.95,21,,0.01,,17.56,1.49,11.96
Bhutan,BTN,2003,65.51,21,,0.62,,13.82,1.51,10.95
Bhutan,BTN,2004,143.74,21,,0.47,,17.65,1.24,8.1
Bhutan,BTN,2005,108.16,21,,1.04,,,,6.9
Bhutan,BTN,2006,79.77,21,,,,,,3.23
Bhutan,BTN,2007,68.52,21,,,,,,3.44
Bhutan,BTN,2008,79.52,40.55,,,,3.09,0.28,6.31
Bhutan,BTN,2009,111.36,72.63,,,,0.22,0.43,9.36
Bhutan,BTN,2010,309.93,104,,,,5.1,14.99,133.45
Bhutan,BTN,2011,127.88,26.2,,,,0.65,1.02,12.18
Bhutan,BTN,2012,108.01,27.94,,0.02,,,0.55,17.86
Bhutan,BTN,2013,48.87,18.8,,,,1.59,2.83,5.24
Bhutan,BTN,2014,111.32,44.67,,0.08,,5.28,0.03,7.39
Bhutan,BTN,2015,50.25,31.3,,,,0.18,0.13,17.07
Bhutan,BTN,2016,99.76,110,,0.3,,,0.81,35.64
Bhutan,BTN,2017,16.44,105.19,,,,6.73,4.93,149.12
Bhutan,BTN,2018,1.13,71.18,,,,1.89,2.42,83.98
Bhutan,BTN,2019,,58.08,,,,4.5,0.32,69.89
Bhutan,BTN,2020,8.97,107,,,,4.15,,89.29
Bhutan,BTN,2021,15,70.57,,,,0.63,2.2,77.2
Bhutan,BTN,2022,26.4,79.29,,1.79,,17.22,5.3,55.76
Bhutan,BTN,2023,12.53,110,,0.94,,9.42,3.15,47.83
Bolivia,BOL,2001,26550.73,1.27,,15423.82,130.91,11726.67,2839.08,25084.96
Bolivia,BOL,2002,26210.13,0.96,,25356.54,187.9,29524.23,2247.59,21532.82
Bolivia,BOL,2003,34727.32,1.92,,31970.99,135.7,29726.33,1207.62,14763.56
Bolivia,BOL,2004,46998.16,0.15,,37091.39,137.63,35953.12,1020.52,11659.37
Bolivia,BOL,2005,61543.88,2.16,,28894.35,101.21,44453.75,1182.84,31923.39
Bolivia,BOL,2006,62955.73,1.04,,18895.16,513.7,21198.97,6484.38,39381.82
Bolivia,BOL,2007,52790.02,2.22,,12502.81,1680.96,10009.39,10683.88,35342.83
Bolivia,BOL,2008,106551.92,1.04,,53095.84,3620.56,39076.34,23142.11,47269.82
Bolivia,BOL,2009,80407.13,0.89,,24215.43,2754.89,29868.18,3418.74,25381.03
Bolivia,BOL,2010,113391.08,1.48,,32408.83,976.97,86280.74,1902.6,12938.4
Bolivia,BOL,2011,90005.15,2.22,,45001.84,335.68,63463.45,238.14,17717.06
Bolivia,BOL,2012,55883.07,0.67,,34752.07,,68175.55,65.29,16034.55
Bolivia,BOL,2013,61416.88,1.48,,16475.25,,18428.05,,18411.97
Bolivia,BOL,2014,89473.45,7.3,,35197.47,399.86,15097.85,2526.69,10243.13
Bolivia,BOL,2015,79098.52,2.03,,20840.45,249.25,19421.89,232.94,6990.86
Bolivia,BOL,2016,151307.25,1.02,,66734.3,1074.79,69128.3,3910.02,22741.9
Bolivia,BOL,2017,137339.02,0.29,,52822.08,1111.65,83799.8,4562.05,31970.09
Bolivia,BOL,2018,117083.58,,,40760.31,642.81,55864.77,5566.15,23798.93
Bolivia,BOL,2019,129855.19,,,34619.54,396.66,70185.34,9838.2,30515.27
Bolivia,BOL,2020,90035.17,,,28131.67,122.16,57051.56,12331.74,22631.05
Bolivia,BOL,2021,97193.75,,,36000.55,189.82,68035.47,13593.69,32926.42
Bolivia,BOL,2022,126929.03,,,38545.08,326.7,78495.67,18527.36,30393.95
Bolivia,BOL,2023,49565.36,,,376.05,193.41,60991.51,13362.1,25644.92
Bosnia and Herzegovina,BIH,2001,53.02,,,1.01,,,,51.27
Bosnia and Herzegovina,BIH,2002,25.4,,,4.63,,,,73.77
Bosnia and Herzegovina,BIH,2003,,,,3.96,,7.95,,31.56
Bosnia and Herzegovina,BIH,2004,,,,36.42,,80,,136.66
Bosnia and Herzegovina,BIH,2005,,,,,,1.89,,1.76
Bosnia and Herzegovina,BIH,2006,,,,,,2.85,,1.65
Bosnia and Herzegovina,BIH,2007,88.98,,,,,69.07,,9.18
Bosnia and Herzegovina,BIH,2008,84.01,,,,,98.61,,33
Bosnia and Herzegovina,BIH,2009,143.52,,,12.57,,69.18,0.69,55.9
Bosnia and Herzegovina,BIH,2010,94.28,,,1.43,,55.45,,47.34
Bosnia and Herzegovina,BIH,2011,24.57,,,2.96,,15.09,,87.29
Bosnia and Herzegovina,BIH,2012,39.2,,,31.09,,28.21,,201.16
Bosnia and Herzegovina,BIH,2013,114.03,,,7.33,,45.39,,39.74
Bosnia and Herzegovina,BIH,2014,42.39,,,9.93,,121.29,2.29,29.14
Bosnia and Herzegovina,BIH,2015,59.2,,,1.11,,18.8,,19.44
Bosnia and Herzegovina,BIH,2016,235.26,,,10.57,,4.74,,40.18
Bosnia and Herzegovina,BIH,2017,139.09,,,11.12,,20.07,8.83,53.88
Bosnia and Herzegovina,BIH,2018,173.88,,,12.09,,51.51,,21.82
Bosnia and Herzegovina,BIH,2019,,,,2.32,,0.66,,16.86
Bosnia and Herzegovina,BIH,2022,118.25,,,,,,,
Bosnia and Herzegovina,BIH,2023,169.61,,,,,,,
Botswana,BWA,2001,102.66,,,,,39.88,,
Botswana,BWA,2002,45.75,,,,,,,
Botswana,BWA,2003,12.04,,,,,1.94,,0.01
Botswana,BWA,2004,69.79,,,,,1.16,,0.15
Botswana,BWA,2005,28.35,,,,,26.22,,28.06
Botswana,BWA,2006,14.12,,,,,22.71,,10.61
Botswana,BWA,2007,21.72,,,,,21.8,,7.78
Botswana,BWA,2008,13.28,,,,,12.08,,2.37
Botswana,BWA,2009,46.28,,,,,0.67,,8.2
Botswana,BWA,2010,8.2,,,,,0.8,,7.57
Botswana,BWA,2011,4.31,,,,,9.02,,9.64
Botswana,BWA,2012,17.66,,,,,2.75,,0.13
Botswana,BWA,2013,22.26,,,,,0.2,,0.01
Botswana,BWA,2014,20.48,,,,,,,
Botswana,BWA,2015,0.11,,,,,0.03,,0.01
Botswana,BWA,2016,0.53,,,,,0.31,0.01,0.01
Botswana,BWA,2017,1.33,,,,,0.94,,0.12
Botswana,BWA,2018,0.91,,,,,0.82,,0.02
Botswana,BWA,2019,0.08,,,,,0.05,,0.01
Botswana,BWA,2020,3.01,,,,,0.02,0.09,1.62
Botswana,BWA,2021,0.63,,,,,,0.01,0.31
Botswana,BWA,2022,0.66,,,,,,,0.21
Botswana,BWA,2023,1.29,,,,,,0.01,0.57
Brazil,BRA,2001,1354630.2,3189.88,1729.27,170273.56,3899.34,28659.14,3958.63,43235.77
Brazil,BRA,2002,2067870.8,5441.95,332.44,265965.97,3454.89,38119.38,5616.03,53644.39
Brazil,BRA,2003,1895766.9,5286.12,328.21,365148.06,5582,34176.96,13022.25,60141.86
Brazil,BRA,2004,2395808.2,6939.54,436.95,313570.7,4071.79,52527.05,7952.48,58681.83
Brazil,BRA,2005,2230239.5,8374.5,610.16,110541.05,4732.54,34854.02,6798.69,52594.33
Brazil,BRA,2006,1788022.6,9801.04,306.6,95553.47,2377.59,17578.45,2691.69,42673.62
Brazil,BRA,2007,1473675.4,12068.55,222.58,130273.46,2671.14,16264.9,3330.23,42259.73
Brazil,BRA,2008,1302302.5,12307.15,630.43,147916.86,2920.5,13278.09,2591.49,43544.81
Brazil,BRA,2009,901100.2,10201.41,1069.32,121565.57,3007.82,19822.4,5003.48,31210.69
Brazil,BRA,2010,1358282,15006.66,2175.11,175117.92,4223.13,21737.92,4536.66,60921.22
Brazil,BRA,2011,899554.4,21263.82,1243.98,152038.98,2254.76,25599.7,2742.4,41644.72
Brazil,BRA,2012,1237030.9,39766.01,997.47,259324.55,3974.58,26304.99,3699.07,79935.01
Brazil,BRA,2013,788766.4,29274.56,1150.17,113566.91,3502.7,15106.37,3231.05,32768.68
Brazil,BRA,2014,1151169.2,38486.9,1053.85,149266.2,9768.93,20052.71,3731.17,38844.06
Brazil,BRA,2015,1038989.44,30616.86,528.55,104061.4,6338.38,8919.15,2531.65,25806.58
Brazil,BRA,2016,1722570.1,47959.67,1003.57,131275.23,8822.51,13999.69,2996.95,52407.85
Brazil,BRA,2017,1541157.6,54570.71,943.97,113322.34,7558.44,3793.25,574.52,56647.86
Brazil,BRA,2018,1224270.8,47446.22,492.96,109512.97,3568.22,1710.08,236.53,30974.15
Brazil,BRA,2019,1346133.2,46362.07,701.59,115856.55,3403.22,1696.96,230.01,29114.77
Brazil,BRA,2020,1484560.9,43433.81,562.23,143129.48,4698.96,2387.26,353.36,2202.43
Brazil,BRA,2021,1549581.1,46630.78,393.47,121050.34,2344.05,2595.11,390.97,2114.77
Brazil,BRA,2022,1715304.1,45220.52,816.12,97149.65,3738.76,50525.1,4974.04,29222.88
Brazil,BRA,2023,1145311.9,43658.75,761.43,14299.89,5530.8,53115.98,4668.3,23622.53
Brunei,BRN,2001,23.65,,0.15,,,18.06,3.21,51.14
Brunei,BRN,2002,15.09,,,,,18.84,1.83,25.6
Brunei,BRN,2003,,,,,,41.7,4.46,22.77
Brunei,BRN,2004,,,,,,63.11,5.99,20.79
Brunei,BRN,2005,,,0.08,,,24.56,12.55,41.47
Brunei,BRN,2006,,,,,,0.38,14.75,130.43
Brunei,BRN,2007,,,,,,16.28,9.27,228.22
Brunei,BRN,2008,,,0.08,,,13.1,4.85,104.67
Brunei,BRN,2009,45.41,,,,,50.15,4.72,158.82
Brunei,BRN,2010,17.08,,1.61,,,2.68,2.53,89.24
Brunei,BRN,2011,59.64,,5.03,,,5.8,9.96,291.23
Brunei,BRN,2012,34.85,,6.55,,,0.77,11.43,151.3
Brunei,BRN,2013,15.57,,,,,9.08,1.27,59.21
Brunei,BRN,2014,32.76,,3.37,,,0.61,0.24,143.13
Brunei,BRN,2015,10.78,,2.68,,,1.23,,74.85
Brunei,BRN,2016,24.83,,,,,5.12,1.75,149.49
Brunei,BRN,2017,14.52,,1.61,,,2.66,3.65,90.42
Brunei,BRN,2018,11.43,,,,,33.06,0.77,19.94
Brunei,BRN,2019,13.17,,,,,55.9,1.63,17.81
Brunei,BRN,2020,10.76,,,,,34.45,0.52,30.66
Brunei,BRN,2021,16.47,,,,,,0.84,103.95
Brunei,BRN,2022,8.11,,,,,,0.27,53.11
Brunei,BRN,2023,7.48,,,,,6.21,0.33,41.25
Bulgaria,BGR,2001,187.07,,,,,120.65,,444.24
Bulgaria,BGR,2002,122.87,,,,,0.19,,110.78
Bulgaria,BGR,2003,159.72,,,,,31.56,,26.61
Bulgaria,BGR,2004,222.82,,,,,9.78,,17.47
Bulgaria,BGR,2005,,,,,,1.64,,7.99
Bulgaria,BGR,2006,,,,0.13,,146.37,,52.18
Bulgaria,BGR,2007,,,,0.26,,99.84,,145.56
Bulgaria,BGR,2008,,,,0.33,,80.65,,146.73
Bulgaria,BGR,2009,,,,,,112.09,0.49,78.31
Bulgaria,BGR,2010,,,,,,80.69,,45.47
Bulgaria,BGR,2011,,,,,,100.17,,57.26
Bulgaria,BGR,2012,,,,48.85,,56.05,,160.6
Bulgaria,BGR,2013,18.24,,,15.38,,4.6,,134.32
Bulgaria,BGR,2014,108.44,,,13.86,,1,3.22,213
Bulgaria,BGR,2015,209.47,,,,,46.35,1.24,49.19
Bulgaria,BGR,2016,151.55,,,,,210.99,1.16,41.34
Bulgaria,BGR,2017,125.78,,,,,547.41,,54.4
Bulgaria,BGR,2018,9.29,,,,,289.31,,107.74
Bulgaria,BGR,2019,135.55,,,1.94,,7.26,,36.97
Bulgaria,BGR,2022,,,,,,119.36,,6.78
Bulgaria,BGR,2023,,,,1.07,,170.09,,51.84
Burkina Faso,BFA,2001,12.54,0.02,,,,10.25,0.57,52.15
Burkina Faso,BFA,2002,1.28,,,0.04,,0.88,0.04,6.31
Burkina Faso,BFA,2003,0.08,,,,,0.04,0.01,0.72
Burkina Faso,BFA,2004,0.72,,,0.07,,6.09,0.06,3.47
Burkina Faso,BFA,2005,1.55,,,0.09,,18.66,0.13,7.69
Burkina Faso,BFA,2006,0.4,,,0.04,,3.62,0.06,1.82
Burkina Faso,BFA,2007,0.39,,,0.05,,4.14,0.09,4.38
Burkina Faso,BFA,2008,0.45,,,0.58,,5.65,0.49,7.32
Burkina Faso,BFA,2009,0.18,,,0.17,,6.86,0.19,9.44
Burkina Faso,BFA,2010,0.08,,,,,8.51,0.26,32.59
Burkina Faso,BFA,2011,0.63,,,,,3.61,0.01,35.36
Burkina Faso,BFA,2012,0.03,,,,,0.04,,3.48
Burkina Faso,BFA,2013,,,,0.07,,0.32,,3.83
Burkina Faso,BFA,2014,,,,0.03,,2.29,0.06,2.85
Burkina Faso,BFA,2015,,,,0.02,,1.38,0.01,0.63
Burkina Faso,BFA,2016,,,,0.04,,0.51,0.02,1.55
Burkina Faso,BFA,2017,,,,0.04,,0.13,,0.5
Burkina Faso,BFA,2018,,,,0.01,,0.03,,0.03
Burundi,BDI,2001,,,14.76,2.47,447.99,1.85,36.15,35.62
Burundi,BDI,2002,268.58,,15.52,2.05,,2.73,30.81,44.66
Burundi,BDI,2003,275.78,,6.9,1.39,97.65,10.67,0.42,17.76
Burundi,BDI,2004,169.42,,11.43,2.23,,18.57,8.36,31.01
Burundi,BDI,2005,51.57,,20.54,4.36,221.16,38.72,21.8,77.9
Burundi,BDI,2006,9.34,,3.48,0.31,,6.97,68.95,27.14
Burundi,BDI,2007,64.69,,5.53,,225.96,89.02,182.64,88.4
Burundi,BDI,2008,62.96,,39.14,,,338.77,85.35,321.35
Burundi,BDI,2009,10.55,,48.12,,4.05,6.55,159.07,127.8
Burundi,BDI,2010,6.01,,51.19,0.07,,6.38,391.61,219.74
Burundi,BDI,2011,1.02,,36.82,1.29,,,248.53,169.22
Burundi,BDI,2012,0.88,,12.37,0.34,,38.9,193.9,120.04
Burundi,BDI,2013,0.4,,16.59,5.9,,171.78,13.6,415.1
Burundi,BDI,2014,5.72,,13.55,0.09,8.09,258.66,17.45,325.29
Burundi,BDI,2015,2.59,,0.77,1.61,,129.25,18.4,305.6
Burundi,BDI,2016,3.42,,15.04,,0.08,113.77,99.26,264.26
Burundi,BDI,2017,1.38,,7.01,0.16,,109.11,47.48,281.45
Burundi,BDI,2018,9.16,,6.55,0.18,0.33,254.28,54.48,477.8
Burundi,BDI,2019,7.03,,0.39,,,318.47,32.32,184.38
Burundi,BDI,2020,7.66,,,0.12,3.03,231.99,9.25,298.41
Burundi,BDI,2021,2.27,,0.71,0.12,,48.44,392.55,112.68
Burundi,BDI,2022,1.41,,0.03,,,1.08,8.63,372.31
Burundi,BDI,2023,3.15,,0.03,0.06,1.49,115.56,15.08,297.24
Cambodia,KHM,2001,20303.67,474.98,9.36,579.32,0.16,2318.15,96.06,728.26
Cambodia,KHM,2002,40745.94,369.9,17.85,802.29,0.28,4942.65,106.59,822.67
Cambodia,KHM,2003,42800.52,230.2,34.29,182.19,0.35,5491.09,1067.32,878.26
Cambodia,KHM,2004,54308.66,442.97,46.85,,0.29,6365.79,849.52,441.07
Cambodia,KHM,2005,7434.94,916.96,49.07,,0.13,4458.76,1882.24,401.14
Cambodia,KHM,2006,5725.99,1016,24.28,457.73,0.29,5162.91,919.94,523.19
Cambodia,KHM,2007,4252.52,1046.2,68.5,543.6,0.7,6884.77,1925.82,910.41
Cambodia,KHM,2008,4085.68,450.4,40.23,,1.09,16868.78,7942.15,2413.32
Cambodia,KHM,2009,2052.32,1277.53,74.08,,1.73,35077.17,17141.55,6251.67
Cambodia,KHM,2010,1829.59,1590.84,142.1,,,29532.24,21217.07,8282.53
Cambodia,KHM,2011,1201.84,825.96,100.72,300.63,1.67,14711.23,27164.37,15344.83
Cambodia,KHM,2012,1033.31,1679.54,603.74,,4.02,6588.37,36603.81,11707.21
Cambodia,KHM,2013,693.76,1362.45,782.54,,2.96,14822.27,26263.08,13015.19
Cambodia,KHM,2014,3950.86,1228.45,1673.08,,1.56,32405.7,11729.28,27715
Cambodia,KHM,2015,4502.85,2074.33,1933.33,,,37615.21,11428.03,31470.29
Cambodia,KHM,2016,6282.71,2681.86,3715.62,,,47696.28,2574.47,44334.65
Cambodia,KHM,2017,4340.86,2362.3,6098.38,28.47,0.64,29588.72,727.19,64352.26
Cambodia,KHM,2018,4148.05,1666.16,3688.21,,2.16,54968.6,53.03,37908.27
Cambodia,KHM,2019,3188.38,2688.47,3976.63,2424.01,3.84,18685.28,314.14,45706.08
Cambodia,KHM,2020,5391.11,2343.29,1001.06,85.18,0.17,36117.77,0.09,6023.3
Cambodia,KHM,2021,7427.44,1822.45,579.85,180.13,0.18,21955.1,1332.28,2788.73
Cambodia,KHM,2022,12962.62,1030.7,378.77,73.73,0.07,26835.95,139.73,926.63
Cambodia,KHM,2023,8593.73,1143.1,573,108.93,0.12,29280.18,433.78,2410.23
Cameroon,CMR,2001,7499.71,1113.58,598.18,60.69,3322.93,7507.03,4248.83,8518.65
Cameroon,CMR,2002,5184.88,1283.96,1530.21,18.34,3426.41,10230.04,1551.84,5550.39
Cameroon,CMR,2003,4177.11,709.52,914.73,31.04,1595.85,10175.62,1176.78,4904.1
Cameroon,CMR,2004,4329.44,682.9,526.31,,545.69,3049.26,223.74,1160.5
Cameroon,CMR,2005,3158.97,1099.54,497.76,,4296.55,7953.63,284.41,7041.85
Cameroon,CMR,2006,3290.42,1085.22,1488.11,47.77,4204.42,10647.36,635.49,14054.73
Cameroon,CMR,2007,1284.72,983.14,2328.17,267.93,5902.42,13252.43,3248.98,19570.09
Cameroon,CMR,2008,1156.17,1283.92,1658.69,240.33,2113.52,7223.88,3449.18,18544.92
Cameroon,CMR,2009,1459.23,2000,1139.81,,1905.47,10674.88,4110.86,10802.06
Cameroon,CMR,2010,7986.28,2000,3683.16,,,2936.6,1802.3,11424.79
Cameroon,CMR,2011,7540.8,946.42,1157.17,,230.71,934.23,282.03,803.88
Cameroon,CMR,2012,7862.33,1604.51,1450.33,38.12,487.01,1338.58,390.73,1696.49
Cameroon,CMR,2013,6075.84,2000,1262.36,50,,1693.94,622.89,905.52
Cameroon,CMR,2014,6242.16,2000,2179.7,559.43,1263.49,2159.94,2073.25,7514.37
Cameroon,CMR,2015,4289.65,2000,2201.12,968.97,,4318.07,2880.7,13747.36
Cameroon,CMR,2016,9597.03,2000,1343.97,921.84,6691.99,23481.82,1782.17,11715.65
Cameroon,CMR,2017,12745.31,2000,14569.27,3855.37,,40.78,7256.81,33612.44
Cameroon,CMR,2018,12741.86,2000,15993.58,5548.89,,9603.14,9113.82,19308.7
Cameroon,CMR,2019,9209.74,2000,3754.76,2286.34,,6046.92,23144.33,14892.83
Cameroon,CMR,2020,7277.44,2000,115.15,715.42,2454.19,6166.42,21218.23,10519.55
Cameroon,CMR,2021,8866.88,2000,426.4,,,3277.94,28049.8,12493.7
Cameroon,CMR,2022,12039.19,2000,1912.11,1920.99,1248.55,,23979.31,21362.42
Cameroon,CMR,2023,9394.51,2000,662.76,819.12,1270.38,3436.32,24612.3,14485.85
Canada,CAN,2001,11734.58,,,319.52,,621.32,38.49,4808.35
Canada,CAN,2002,14235,,,127.36,,944.41,,2826.42
Canada,CAN,2003,7371.54,,,197.6,,179.48,,2075.95
Canada,CAN,2004,14321.18,,,,,890.23,,3223.05
Canada,CAN,2005,,,,37.08,,1071.68,,3611.74
Canada,CAN,2006,14186.19,,,234.79,,104.51,,3771.64
Canada,CAN,2007,10036.02,,,463.95,,,,2723.76
Canada,CAN,2008,10148.03,,,627.79,,180.22,,4088.21
Canada,CAN,2009,,,,327.01,,361.87,,4808.03
Canada,CAN,2010,,,,1086.05,,8868.54,1.27,6837.25
Canada,CAN,2011,,,,2306.1,,3293.82,,9791.47
Canada,CAN,2012,,,,9457.31,,2151.46,,22155.5
Canada,CAN,2013,,,,3379,,674.01,,16677.8
Canada,CAN,2014,,,,5923.93,,2548.45,10.97,15673.34
Canada,CAN,2015,,,,3083.27,,4981.83,,12075.27
Canada,CAN,2016,2409.4,,,391.16,,14842.63,4.96,6446.41
Canada,CAN,2017,6690.34,,,,,7121.07,20.87,2109.38
Canada,CAN,2018,7177.11,,,,,2315.34,50.07,1542.99
Canada,CAN,2019,7783.67,,,,,509,10.9,502.59
Canada,CAN,2020,7274.35,,,,,,,
Canada,CAN,2021,7687.85,,,,,,,
Canada,CAN,2022,5326.48,,,,,,,
Canada,CAN,2023,3236.82,,,,,,,
Cape Verde,CPV,2001,,0.25,,,,,0.38,4.12
Cape Verde,CPV,2002,,0.18,,,,,3.25,15.22
Cape Verde,CPV,2003,,0.15,,,,,0.36,6.69
Cape Verde,CPV,2004,0.39,0.21,,,,,,
Cape Verde,CPV,2005,,0.21,,,,3.38,,0.02
Cape Verde,CPV,2006,,0.06,,,,3.6,0.05,0.22
Cape Verde,CPV,2007,,0.02,,,,0.26,,
Cape Verde,CPV,2008,,0.05,,,0.04,,0.04,0.09
Cape Verde,CPV,2009,,0.26,,,0.32,,0.32,5.35
Cape Verde,CPV,2010,,0.18,,,0.02,,0.03,0.51
Cape Verde,CPV,2011,3.04,2.46,,,,,0.09,2.87
Cape Verde,CPV,2012,3.04,0.81,,,,,,
Cape Verde,CPV,2013,6.08,0.87,,,,,,
Cape Verde,CPV,2014,2.32,0.73,,,,,,
Cape Verde,CPV,2018,0.14,0.25,,,,,,0.13
Cape Verde,CPV,2019,0.04,,,,,,,0.02
Cape Verde,CPV,2020,1.27,,,,,,0.01,0.49
Central African Republic,CAF,2001,6299.89,,1.07,,,99.66,16.34,117.36
Central African Republic,CAF,2002,7016.54,,,,0.49,97.03,27.81,69.38
Central African Republic,CAF,2003,3660.62,,,,0.91,51.01,42.79,45.6
Central African Republic,CAF,2004,3906.59,,,,14.2,203.86,56.75,313.18
Central African Republic,CAF,2005,4600.36,,,,43.65,523.35,248.75,1296.01
Central African Republic,CAF,2006,5323.07,,0.84,,69.28,538.32,345.69,1027.69
Central African Republic,CAF,2007,4345.72,,0.08,,60.96,35.25,157.58,510.08
Central African Republic,CAF,2008,3903.08,,,,131.57,2.79,94.83,1092.9
Central African Republic,CAF,2009,2577.64,,,,160.97,,129.36,1134.53
Central African Republic,CAF,2010,1528.59,,0.68,,311.2,27.21,204.58,1016.58
Central African Republic,CAF,2011,1112.94,,2.99,,4423.04,48.15,970.12,6273.89
Central African Republic,CAF,2012,1094.96,,4.89,,6148.74,,442.55,6869.36
Central African Republic,CAF,2013,837.57,,1.05,,986.92,1839.29,3684.61,3863.57
Central African Republic,CAF,2014,1853.99,,0.05,,7.36,962.78,3087.04,2847.87
Central African Republic,CAF,2015,48.21,,,,4759.72,501.85,1476.8,1082.35
Central African Republic,CAF,2016,142.07,,0.46,,9503.32,253.14,386.15,991.61
Central African Republic,CAF,2017,377.49,,,,9218.95,3021.47,2460.11,4383.92
Central African Republic,CAF,2018,543.74,,0.18,,7351.3,2981.52,4.31,3285.03
Central African Republic,CAF,2019,2300.57,,,,4427.3,5455.36,0.35,4550.52
Central African Republic,CAF,2020,3022.44,,,,6489.55,,21.66,7362.35
Central African Republic,CAF,2021,4457.28,,0.56,,8342.76,2937.26,,5395.48
Central African Republic,CAF,2022,2099.65,,,,6078.02,2434.62,1392.95,7401.79
Central African Republic,CAF,2023,3095.87,,0.15,,6773.2,1712.52,532.52,6773.94
Chad,TCD,2001,279.4,,,,,898.62,2.31,22.64
Chad,TCD,2002,658.62,,,,,1534.47,98.41,446.27
Chad,TCD,2003,129.86,,,,,160.44,15.39,39.63
Chad,TCD,2004,319.17,,,,,400.02,36.71,115.05
Chad,TCD,2005,403.43,,,,,248.31,28.69,274.06
Chad,TCD,2006,1165.28,,,,,1643.67,135.13,2616.3
Chad,TCD,2007,246.13,,,,,1097.31,8.31,502.28
Chad,TCD,2008,310.29,,,,,2382.96,456.71,3514.86
Chad,TCD,2009,62.2,,,,,1426.03,77.1,1089.81
Chad,TCD,2010,10.14,,,,,291.57,77.58,194.19
Chad,TCD,2011,28.39,,,,,903.68,20.4,783.35
Chad,TCD,2012,74.18,,,,,532.25,195.36,4611.34
Chad,TCD,2013,58.6,,,,,3793.87,57.5,2541.43
Chad,TCD,2014,174.02,,,,,5498.02,966.87,235.73
Chad,TCD,2015,132.31,,,,,2380.34,253.04,1811.96
Chad,TCD,2016,644.12,,,,,854.37,134.28,3129.16
Chad,TCD,2017,2643.38,,,,,639.87,22.86,3704.08
Chad,TCD,2018,3706.42,,,,,,35.17,2169.31
Chad,TCD,2019,4895.82,,,,,473.21,,353.8
Chad,TCD,2020,3064.27,,,,,206.57,133.48,135.04
Chad,TCD,2021,4649.77,,,,,718.05,69.67,0.4
Chad,TCD,2022,4458.36,,,,,677.63,15.86,304.55
Chad,TCD,2023,8755.15,,,,,1213.87,118.2,258.96
Chile,CHL,2001,3109.45,6658.14,,8.29,,,,27.23
Chile,CHL,2002,2805.41,8648.15,,5.53,,,,61.68
Chile,CHL,2003,3347.42,7875.72,,3.31,,,,128.87
Chile,CHL,2004,3583.6,7280.03,,6.77,,0.03,,15.47
Chile,CHL,2005,,10155.37,,5.73,,,,66.69
Chile,CHL,2006,,7559.93,,3.94,,2117.03,4.21,6040.97
Chile,CHL,2007,,11607.33,,15.99,,2971.07,0.37,4801.18
Chile,CHL,2008,,10615.21,,11.2,,3100.48,,7935.25
Chile,CHL,2009,,8168.92,,5.53,,1604.8,,3835.66
Chile,CHL,2010,,9010.94,,9.94,,2361.79,,2416.98
Chile,CHL,2011,,12100.46,,4.38,,1020.65,0.4,2227.91
Chile,CHL,2012,,17679.66,,28.58,,1727.73,797.9,5761.05
Chile,CHL,2013,,13714.5,,11.46,,3215.91,278.07,3652.29
Chile,CHL,2014,,16009.73,,23.27,,83.93,722.99,7950.59
Chile,CHL,2015,,15903.47,,8.76,,0.09,,67.15
Chile,CHL,2016,,19379.29,,19.58,,0.08,,24.68
Chile,CHL,2017,,40537.42,,20.68,,0.04,,22.51
Chile,CHL,2018,,16812.47,,3.1,,370.57,0.68,3431.79
Chile,CHL,2019,,19992.17,,4.53,,0.19,,11.4
Chile,CHL,2020,,15002.81,,1.29,,492.45,0.29,2251.78
Chile,CHL,2021,2963.72,16731.25,,0.55,,,,
Chile,CHL,2022,735.37,13111.73,,0.61,,1921.19,,851.13
Chile,CHL,2023,220.38,30613.5,,0.99,,215.06,0.01,302.8
China,CHN,2001,8306.83,121065,,364.34,,3073.84,26.63,17288.06
China,CHN,2002,10037.27,124334.31,,2801.7,,5241.8,729.41,14340.64
China,CHN,2003,8564.75,105378.78,,,,11817.53,35.19,8627.71
China,CHN,2004,12589.08,243749.62,4.63,,14.39,17039.88,108.27,15205.77
China,CHN,2005,9122.09,212511.8,5.82,,4.54,11311.14,78.98,20619.04
China,CHN,2006,13874.44,286830.03,26.78,,43.54,12868.92,3470.7,27281.56
China,CHN,2007,25880.65,330646,,,51.67,14379.69,2808.07,29616.42
China,CHN,2008,33701.42,272084.66,,,34.03,10002.47,1282.62,13416.28
China,CHN,2009,58577.91,213523.33,,,23.21,9451.76,295.88,6505.35
China,CHN,2010,56875.92,154962,4.6,,37.7,9094.7,233.46,5612.12
China,CHN,2011,50495.71,154962,5.1,,42.68,7764.63,45.8,5719.62
China,CHN,2012,63331.11,154962.02,1.44,,10.09,11141.96,29.8,8125.78
China,CHN,2013,36898.28,226868.02,,302.68,,6697.25,10.32,2195.85
China,CHN,2014,48422.65,333895.66,,1332.56,,7537.14,8.81,3117.55
China,CHN,2015,44511.37,308460.1,0.59,2355.53,,6820.35,15.6,2809.25
China,CHN,2016,59191.86,439102.34,3.24,7166.75,,13901.61,38.78,9423.11
China,CHN,2017,49285.14,381492.44,7.58,11077.04,,15342.5,103.04,13626.49
China,CHN,2018,40239.32,352499.53,5.8,25.05,,13053.75,72.49,18434.51
China,CHN,2019,26600.63,299195.22,2.55,5822.16,,8235.31,3312.72,10962.4
China,CHN,2020,20725.98,264523.06,2.75,595.56,,5108.89,41.96,13190.6
China,CHN,2021,19224.81,364796.12,1.29,6381.47,,3923.11,23.87,7587.1
China,CHN,2022,22547.16,427596.75,1.34,,,11133.2,400.21,10711.96
China,CHN,2023,26739.74,393716.38,1.67,2902.01,,10203.86,187.08,10412.73
Colombia,COL,2001,64002.93,102.41,816.77,313.22,850.15,1377.09,154.77,837.39
Colombia,COL,2002,80527.48,73.89,969.46,,1620.53,809.75,203.51,2019.16
Colombia,COL,2003,47617.17,50.79,670.88,,745.05,380.47,187.47,1318.34
Colombia,COL,2004,123883.12,122.61,1094.33,,1080.21,292.77,1454.95,2876.47
Colombia,COL,2005,90531.02,187.1,761.23,,235.64,1980.07,684.95,2079.82
Colombia,COL,2006,83381.64,158.64,1003.53,,760.92,4301.9,2447.08,1455.53
Colombia,COL,2007,137871.23,144.25,2420.91,190.47,321.66,1917.45,1543.16,1421.98
Colombia,COL,2008,55604.19,271.43,23609.45,2933.77,6856.34,10585.1,8165.67,20822.32
Colombia,COL,2009,51510.55,297.78,14288.86,998.02,10118.84,11527.38,4997.32,24279.35
Colombia,COL,2010,91485.01,260.17,2594.17,,1108.91,2939.37,1262.68,3160.11
Colombia,COL,2011,92789.09,303.47,2573.97,31.93,2687.07,106.72,1008.44,3173.48
Colombia,COL,2012,89432.95,632.71,5137.79,48.15,3480.51,887.29,1537.39,3167.45
Colombia,COL,2013,31898.43,569.79,9761.01,,957.21,12063.25,8128.42,14999.13
Colombia,COL,2014,45444.92,727.15,18024.71,,10705.59,19943.04,5652.22,13509.56
Colombia,COL,2015,28438.6,496.86,16268.96,63.03,7703.68,8539.69,239.25,17701.57
Colombia,COL,2016,51509.31,897.18,25173.97,1414.27,9318.31,92.64,,55764.6
Colombia,COL,2017,89089.05,925.06,9850.88,6283.59,28411.25,1724.92,5489.28,81730.73
Colombia,COL,2018,103497.62,731.76,1221.08,4154.14,26678.21,23169.91,1769.64,61740.26
Colombia,COL,2019,54383.05,944.58,1255.73,3903.01,19877.72,25252.1,703.06,43114.85
Colombia,COL,2020,86930.49,790.32,9140.3,12949.61,964.33,46669.03,1630.57,44318.49
Colombia,COL,2021,60750.65,481.18,10001.21,16608.55,555.51,39233.82,3280.75,32688.44
Colombia,COL,2022,57326.56,362.67,9484.76,17322.6,449.67,65138.77,3630.01,10875.39
Colombia,COL,2023,16691.89,465.73,5390.94,7391.76,264.09,24464.83,1388.39,11878.73
Comoros,COM,2001,,,,,0.02,0.2,0.11,0.87
Comoros,COM,2002,,,,,0.01,0.03,0.02,1.81
Comoros,COM,2003,,,,,,0.01,0.01,1.02
Comoros,COM,2004,0.47,,,,,0.02,0.06,0.87
Comoros,COM,2005,2.66,,,,,0.2,0.25,2.53
Comoros,COM,2006,0.62,,,,,0.11,0.14,0.31
Comoros,COM,2007,3.34,,,,,0.12,0.07,0.32
Comoros,COM,2008,1.44,,,,,0.02,0.01,0.1
Comoros,COM,2009,5.36,,,,,0.04,0.01,0.22
Comoros,COM,2010,3.87,,,,,0.04,0.01,0.29
Comoros,COM,2011,3.71,,,,,0.05,0.03,0.35
Comoros,COM,2012,5.73,,,,0.01,0.11,0.08,0.93
Comoros,COM,2013,40.63,,,,0.05,0.88,0.64,13.56
Comoros,COM,2014,48.12,,,,0.05,1.62,1.21,18.86
Comoros,COM,2015,19.2,,,,,0.45,0.32,7.66
Comoros,COM,2016,7.09,,,,,0.09,0.07,0.55
Comoros,COM,2017,16.03,,,,,,,0.23
Comoros,COM,2018,13.77,,,,,,,1.05
Comoros,COM,2019,5.36,,,,,0.16,0.11,1.23
Comoros,COM,2020,8.32,,,,,0.67,0.28,3.84
Comoros,COM,2021,6.64,,,,,0.88,0.21,4.09
Comoros,COM,2022,8.35,,,,,0.95,0.08,5.31
Comoros,COM,2023,5.22,,,,,0.58,0.15,2.95
Congo,COG,2001,1755.06,,82.63,,307.47,538.31,965.07,1082.61
Congo,COG,2002,1191.08,,108.66,,396.35,352.43,1353.23,815.88
Congo,COG,2003,908.97,,226.58,,169.13,45.73,1217.16,398.96
Congo,COG,2004,621.84,,141.71,,29.71,34.83,843.44,298.42
Congo,COG,2005,771.55,,172.86,,,68.14,660,671.69
Congo,COG,2006,765.96,,35.62,,,204.8,1049.29,1200.16
Congo,COG,2007,852.58,,30.63,,285.5,549.34,430.04,2244.41
Congo,COG,2008,497.96,,16.42,,459.09,238.78,315.72,1540.07
Congo,COG,2009,559.21,,43.97,,1176.73,427.43,663.55,905.27
Congo,COG,2010,976.72,,52.2,,2475.42,465.26,2716.41,1102.43
Congo,COG,2011,911.11,,19.23,,828.59,222.2,2681.6,245.88
Congo,COG,2012,1544.23,,67.47,,84.42,166.24,3644.56,290.41
Congo,COG,2013,3287.37,,73.02,,97.12,56.71,3130.19,232.45
Congo,COG,2014,3397.86,,269.06,,312.81,1483.38,1676.1,1839.3
Congo,COG,2015,1300.01,,16.95,,2190.8,342.9,130.89,1073.72
Congo,COG,2016,2027.55,,5.99,,5697.97,145.57,436.52,809.21
Congo,COG,2017,2588.24,,136.36,,5077.08,203.77,660.81,1416.64
Congo,COG,2018,1715.65,,38.48,,6108.32,88.82,95.22,402.22
Congo,COG,2019,3230.59,,288.41,,740.28,810,2485.46,2723.84
Congo,COG,2020,2906.07,,87.18,,3086.67,242.11,1403.45,1450.91
Congo,COG,2021,6810.37,,68.71,,93.64,178.03,557.35,521.8
Congo,COG,2022,4493.72,,119.65,,270.12,321.46,2297.95,1242.82
Congo,COG,2023,4495.96,,113.57,,1236.19,307.45,1715.26,1329.11
Costa Rica,CRI,2001,,43.92,2391.47,,204.1,1814.04,98.98,4703.7
Costa Rica,CRI,2002,,31.46,1257.58,,,1162.55,1378.28,4638.01
Costa Rica,CRI,2003,,39.35,902.79,,45.65,,2142.76,4134.38
Costa Rica,CRI,2004,,20.89,419.92,,181.27,498.78,1074.42,6430.06
Costa Rica,CRI,2005,,28.92,840.96,,453.77,305.47,,8607.96
Costa Rica,CRI,2006,,12.45,1105.49,,105.32,3117.45,109.13,4331.18
Costa Rica,CRI,2007,,54.88,1123.44,,7.36,4149.48,101.55,4726.17
Costa Rica,CRI,2008,,91.55,2013.09,,29.25,6187.77,1178.91,9199.45
Costa Rica,CRI,2009,,96.86,3358.37,,717.44,478.45,204.33,9964.78
Costa Rica,CRI,2010,,52.23,5212.41,,34.49,,680.04,4204.67
Costa Rica,CRI,2011,,45.67,3295.79,,26.22,,308.67,3665.63
Costa Rica,CRI,2012,,31.77,1114.33,,,,221.05,5376.94
Costa Rica,CRI,2013,,63.2,145.14,,,,117.56,1856.38
Costa Rica,CRI,2014,,65.27,150.83,,101.32,,1.19,270.93
Costa Rica,CRI,2015,,15.61,61.69,,12.78,5.32,0.21,36.17
Costa Rica,CRI,2016,,45.04,470.49,,1167.26,229.83,6.59,1495
Costa Rica,CRI,2017,,178.16,208.24,,941.06,1186.16,113.09,5257.77
Costa Rica,CRI,2018,,26.97,16.25,,241.27,,124.6,5001.35
Costa Rica,CRI,2019,,24.22,36.91,,,,135.83,3838.04
Costa Rica,CRI,2020,,34.9,451.71,,5.57,,49.94,1123.4
Costa Rica,CRI,2021,,94.81,56.94,,323.02,159.1,792.73,874.52
Costa Rica,CRI,2022,156.73,74.38,1.54,,9.11,20.58,98.82,427.12
Costa Rica,CRI,2023,52.24,58.21,220.07,,47.67,34.91,194.44,967.62
Cote d'Ivoire,CIV,2001,15869.61,,6008.58,,76118.22,12.89,4903.94,20805.27
Cote d'Ivoire,CIV,2002,16577.88,,5748.38,,97445.82,2792.12,5792.9,18952.3
Cote d'Ivoire,CIV,2003,7647.73,,3629.53,,54490.42,2010.31,4893.18,14205.69
Cote d'Ivoire,CIV,2004,260.15,,562.28,,30736.65,1322.8,4765.61,13922.52
Cote d'Ivoire,CIV,2005,605.03,,2582.94,16.43,24427.41,2770.15,15926.2,26436.31
Cote d'Ivoire,CIV,2006,2197.59,,3178.73,0.9,37586.85,2760.28,11534.28,20868.92
Cote d'Ivoire,CIV,2007,3398.86,,2352.15,,31343.58,733.52,1512.51,2595.91
Cote d'Ivoire,CIV,2008,3424.26,,4879.79,,39136.84,449.84,787.05,3154.73
Cote d'Ivoire,CIV,2009,479.81,,4514.95,,63408.3,15558.42,3560.45,19950.37
Cote d'Ivoire,CIV,2010,114.18,,2549.54,,55815.57,13489.22,2255.99,21327.57
Cote d'Ivoire,CIV,2011,70,,2559.05,,75203.25,14080.3,13976.45,21049.86
Cote d'Ivoire,CIV,2012,86.66,,2909.11,,52210.14,7862.67,13673.01,20796.64
Cote d'Ivoire,CIV,2013,472,,5931.96,6.29,86488.19,12740.38,44852.36,44687.05
Cote d'Ivoire,CIV,2014,1711.87,,11799.72,6.86,199866.61,22366.47,55257.63,82859.42
Cote d'Ivoire,CIV,2015,966.39,,6149.24,4.2,96388.08,2375.51,30887.67,31697.12
Cote d'Ivoire,CIV,2016,2204.53,,7018.96,,149981.05,7823.25,43075.58,36718.85
Cote d'Ivoire,CIV,2017,8490.99,,1700.37,3.97,207240.69,12398.98,79520.38,100928.53
Cote d'Ivoire,CIV,2018,11945.64,,713.84,0.02,64426.9,116.1,741.27,1604.02
Cote d'Ivoire,CIV,2019,8254.34,,2875.16,,105468.89,656.17,48337.1,108664.58
Cote d'Ivoire,CIV,2020,3922.32,,7725.55,0.68,106586.76,22854.48,47904.44,89037.92
Cote d'Ivoire,CIV,2021,2644.23,,1924.42,,93773.25,11771,38810.3,62265.06
Cote d'Ivoire,CIV,2022,2178.65,,2899.81,,42887.73,20463.07,43574.21,81201.01
Cote d'Ivoire,CIV,2023,2973.65,,3607.35,0.16,63306.46,19279.83,46644.67,82625.96
Croatia,HRV,2001,42.12,,,,,18.9,,39.85
Croatia,HRV,2002,24.43,,,0.54,,25.48,,74.6
Croatia,HRV,2003,9.64,,,8.04,,12.49,,15.63
Croatia,HRV,2004,65.11,,,18.71,,39.94,2.62,55.89
Croatia,HRV,2005,99.86,,,,,4.22,,4.92
Croatia,HRV,2006,79.15,,,,,2.35,,12.56
Croatia,HRV,2007,67.97,,,10.83,,20.19,,33.58
Croatia,HRV,2008,19.77,,,67.82,,44.65,,45.17
Croatia,HRV,2009,12.45,,,23.4,,68.41,,36.31
Croatia,HRV,2010,138.02,,,,,7.99,,4.92
Croatia,HRV,2011,127.87,,,,,8.45,,9
Croatia,HRV,2012,182.74,,,26.24,,2.49,,23.15
Croatia,HRV,2013,,,,66.33,,39.74,,67.78
Croatia,HRV,2014,,,,133.63,,42.65,,135.07
Croatia,HRV,2015,,,,,,5.31,,35.43
Croatia,HRV,2016,179.79,,,,,32.5,,106.88
Croatia,HRV,2017,,,,4.97,,392.15,,79.1
Croatia,HRV,2018,,,,37.72,,281.72,,51.38
Croatia,HRV,2019,,,,32.34,,106.54,,77.64
Croatia,HRV,2020,175.8,,,,,,,
Croatia,HRV,2021,16.78,,,,,43.69,,26.4
Croatia,HRV,2022,93.28,,,,,29.73,,15.96
Croatia,HRV,2023,147.35,,,,,56.85,,35.86
Cuba,CUB,2001,730.74,394.54,,,24.09,272.57,841.76,2161.84
Cuba,CUB,2002,410.41,144.78,,,,81.57,206.61,179.67
Cuba,CUB,2003,258.65,115.56,,,,18.8,184.87,153.07
Cuba,CUB,2004,965.25,221.22,,,,,427.58,203.44
Cuba,CUB,2005,358.75,172.06,,,,71.44,84.54,50.79
Cuba,CUB,2006,325.14,150.59,,,0.64,90.95,48.86,113.59
Cuba,CUB,2007,243.8,114.09,,,1.48,78.46,26.78,133.81
Cuba,CUB,2008,745.76,259.15,,,18.05,149.36,69.33,418.34
Cuba,CUB,2009,606.73,73.67,,,29.1,35.98,251.01,102.78
Cuba,CUB,2010,289.81,53.48,,,3.4,86.84,79.19,72.71
Cuba,CUB,2011,577.61,50.98,,,6.37,297.06,3.05,70.75
Cuba,CUB,2012,,245.16,,,,8.89,166.72,220.76
Cuba,CUB,2013,,128.66,,,,6.13,254.23,163.54
Cuba,CUB,2014,,27.04,,,,4.13,354.76,491.87
Cuba,CUB,2015,35.38,17.9,,,1.8,129.38,192.05,377.04
Cuba,CUB,2016,1815.83,,,,21.5,,815.58,2166.61
Cuba,CUB,2017,657.14,,,,35.7,,153.17,554.58
Cuba,CUB,2018,337.43,,,0.9,9.51,,1.59,186
Cuba,CUB,2019,68.8,,,7.1,,,28.5,164.66
Cuba,CUB,2020,131.12,,,1.96,0.04,8.05,97.67,138.35
Cuba,CUB,2021,87.08,,,,0.4,7.85,79.34,102.05
Cuba,CUB,2022,93.6,,,,0.68,0.19,22.33,36.44
Cuba,CUB,2023,145.95,,,0.56,1.25,6.75,103.38,147.32
Cyprus,CYP,2001,0.14,,,,,5.07,0.01,4.34
Cyprus,CYP,2002,0.04,,,,,0.03,0.37,6.57
Cyprus,CYP,2003,0.09,,,,,,,1.61
Cyprus,CYP,2004,15.58,,,,,,0.79,0.72
Cyprus,CYP,2005,3.56,,,,,,,0.24
Cyprus,CYP,2006,6.4,,,,,1.24,0.3,0.28
Cyprus,CYP,2007,11.85,,,,,2.1,,0.36
Cyprus,CYP,2008,8.31,,,,,1.98,,0.67
Cyprus,CYP,2009,,,,,,2.77,,0.14
Cyprus,CYP,2010,,,,,,,0.26,0.39
Cyprus,CYP,2011,,,,,,,,1.11
Cyprus,CYP,2012,,,,,,4.15,0.22,1
Cyprus,CYP,2013,,,,,,1.49,0.39,1.67
Cyprus,CYP,2014,,,,,,3.56,,1.38
Cyprus,CYP,2015,,,,,,3.71,,8.55
Cyprus,CYP,2016,0.03,,,,,5.03,,3.52
Cyprus,CYP,2017,0.12,,,,,4.23,,1.27
Cyprus,CYP,2018,0.44,,,,,0.65,,0.3
Cyprus,CYP,2019,4.87,,,,,0.13,,0.02
Cyprus,CYP,2020,,,,,,,,3.94
Cyprus,CYP,2021,,,,,,0.48,,1.43
Cyprus,CYP,2022,,,,,,0.19,0.04,1.55
Cyprus,CYP,2023,,,,,,0.14,0.01,0.8
Czechia,CZE,2001,,,,6.16,,71.66,,44
Czechia,CZE,2002,68.92,,,5.28,,74.41,,46.49
Czechia,CZE,2003,25.54,,,0.45,,32.13,,20.37
Czechia,CZE,2004,112.47,,,,,14.86,,36.9
Czechia,CZE,2005,179.98,,,,,13.53,,100.03
Czechia,CZE,2006,55.37,,,,,20.26,,21.25
Czechia,CZE,2007,112.42,,,2.14,,24.84,,59.84
Czechia,CZE,2008,94.03,,,2.17,,45.47,,37.78
Czechia,CZE,2009,87.98,,,,,15.44,,58.07
Czechia,CZE,2010,111.54,,,,,8.01,,55.4
Czechia,CZE,2011,107.61,,,,,17.01,,73.44
Czechia,CZE,2012,,,,8.02,,17.64,,44.98
Czechia,CZE,2013,,,,0.65,,1.63,0.03,6.94
Czechia,CZE,2014,5.75,,,13.71,,3.77,,73.18
Czechia,CZE,2015,41.29,,,0.69,,1.46,0.05,27.54
Czechia,CZE,2016,77.13,,,1.36,,12.69,,51.19
Czechia,CZE,2017,69.18,,,,,35.51,0.68,90.13
Czechia,CZE,2018,67.34,,,9.02,,86.86,,66.54
Czechia,CZE,2019,59.76,,,12.43,,30.88,,26.71
Czechia,CZE,2020,,,,17.55,,27.24,,54.57
Czechia,CZE,2021,,,,4.35,,21.72,,32.37
Czechia,CZE,2022,,,,,,1.79,,43.74
Czechia,CZE,2023,,,,2.54,,8.57,,29.08
Democratic Republic of Congo,COD,2001,49580.89,100,51.06,1340.99,,7207.65,5824.49,28395.19
Democratic Republic of Congo,COD,2002,48253.82,100,792.96,677.75,410.88,9464.1,15832.35,44236.33
Democratic Republic of Congo,COD,2003,61422.39,100,2847.17,626.31,,1103.38,14902.81,33658.31
Democratic Republic of Congo,COD,2004,75252.32,100,3041.82,746.05,,888.11,5361.64,24281.33
Democratic Republic of Congo,COD,2005,65872.38,100,1987.87,549.88,,509.56,2861.19,11649.74
Democratic Republic of Congo,COD,2006,49579.38,100,11071.53,2975.06,5018.36,99801.7,108649.05,167893.31
Democratic Republic of Congo,COD,2007,14395.27,100,982.11,476.92,,147614.77,230519.31,57740.58
Democratic Republic of Congo,COD,2008,7727.81,66.67,455.33,375.98,,128324.83,194544.84,66926.11
Democratic Republic of Congo,COD,2009,8426.47,33.33,6955.12,660.09,,202450.73,317247.03,89030.16
Democratic Republic of Congo,COD,2010,10095.6,68.67,36227.39,2687.22,3367.53,245676.56,247800.02,252852.62
Democratic Republic of Congo,COD,2011,4614.22,13.92,25684.69,1319.07,,158784.66,76717.63,148481.34
Democratic Republic of Congo,COD,2012,14672.06,81.74,19694.09,1929.43,3099.08,233521.73,110908.84,185381.86
Democratic Republic of Congo,COD,2013,13531.83,108.73,8836.1,2395.37,3422.99,198656.6,109180.28,120960.33
Democratic Republic of Congo,COD,2014,32007.2,214.62,7561.3,824.04,17589.35,155953.56,170283.56,48531.5
Democratic Republic of Congo,COD,2015,32437.16,100.66,5832.94,448.51,26885.67,137841.4,207869.7,58159.1
Democratic Republic of Congo,COD,2016,51388.13,180.56,10864.9,640.78,29262.37,87083.84,251664.55,77575.18
Democratic Republic of Congo,COD,2017,56742.55,229.7,12127.6,1558.06,18342.05,1255.79,196163.2,40456.53
Democratic Republic of Congo,COD,2018,58520.76,93.05,9676.75,983.01,2105.86,16686.64,113508.17,20309.72
Democratic Republic of Congo,COD,2019,50523.04,120.96,7937.75,595.87,15293.21,175612.94,141594.61,16098.21
Democratic Republic of Congo,COD,2020,40337.48,116.12,6270.85,225.59,12498.08,280049,127442.67,32841.51
Democratic Republic of Congo,COD,2021,42814.85,66.67,9149.39,937.16,23686.08,365226.62,214347.6,48523.16
Democratic Republic of Congo,COD,2022,51089.68,162.49,8015.03,358.37,10676.08,186408.27,208484.6,43438.69
Democratic Republic of Congo,COD,2023,44747.34,123.19,7753.44,490.9,15713.37,278791.38,183030.38,40412.74
Denmark,DNK,2001,,1531.81,,,,80.75,6.58,167.61
Denmark,DNK,2002,,391.54,,,,41.52,0.8,18.77
Denmark,DNK,2003,,551.32,,,,28.47,1.56,17.73
Denmark,DNK,2004,,872.59,,,,15.29,0.68,38.64
Denmark,DNK,2005,,2793.28,,,,54.21,0.86,93.15
Denmark,DNK,2006,,2076.15,,,,73.19,0.23,44.04
Denmark,DNK,2007,,1615.53,,,,86.33,,9.25
Denmark,DNK,2008,,2092.36,,,,149.04,0.94,22.42
Denmark,DNK,2009,87.26,2667.63,,,,154.24,0.57,16.26
Denmark,DNK,2010,,,,,,147.11,1.01,32.23
Denmark,DNK,2011,41.38,,,,,22.65,,17.03
Denmark,DNK,2012,68.26,,,,,50.2,2.19,59.4
Denmark,DNK,2013,28,,,,,16.7,2.37,10.31
Denmark,DNK,2014,76.02,,,,,49.6,5.43,25.67
Denmark,DNK,2015,,,,,,72.52,3.27,20.05
Denmark,DNK,2016,,,,,,74.69,16.76,49.13
Denmark,DNK,2017,,,,,,50.98,41.61,81.39
Denmark,DNK,2018,37.96,,,,,85.26,2.72,21.36
Denmark,DNK,2019,108.12,,,,,33.19,1.65,38.15
Denmark,DNK,2020,29.76,,,,,0.55,,24.35
Denmark,DNK,2021,,,,,,1.5,5.25,63.44
Denmark,DNK,2022,,,,,,,3.7,36.53
Denmark,DNK,2023,3.57,,,,,0.6,1.97,34.32
Dominica,DMA,2003,,,,,,,,0.15
Dominica,DMA,2004,,,,,,,,0.07
Dominica,DMA,2005,,,,,,,,0.37
Dominica,DMA,2006,,,,,,,1.6,4.86
Dominica,DMA,2007,,,,,0.34,,0.8,2.07
Dominica,DMA,2008,,,,,5.89,,1.87,5.31
Dominica,DMA,2009,,,,,2.53,,0.69,1.55
Dominica,DMA,2010,0.31,,,,0.92,,0.25,0.19
Dominica,DMA,2011,0.31,,,,0.48,,0.09,0.08
Dominica,DMA,2012,1.22,,,,1.18,,0.04,0.1
Dominica,DMA,2013,0.92,,,,0.76,,0.01,
Dominica,DMA,2014,0.36,,,,1.21,,0.02,0.32
Dominica,DMA,2015,,,,,,,0.05,0.08
Dominica,DMA,2016,,,,,,,0.14,0.22
Dominica,DMA,2017,,,,,,,,5.19
Dominica,DMA,2018,,,,,0.15,,0.11,1.38
Dominica,DMA,2019,,,,,0.17,,,1.61
Dominica,DMA,2020,,,,,0.11,,0.04,1.64
Dominica,DMA,2021,,,,,0.02,,,1.71
Dominica,DMA,2022,,,,,0.08,,,1.5
Dominica,DMA,2023,,,,,0.1,,0.01,1.56
Dominican Republic,DOM,2001,76.78,34.29,115.52,,0.03,,4.43,655.06
Dominican Republic,DOM,2002,,26.64,48.06,,379.61,61.08,6.77,243.37
Dominican Republic,DOM,2003,,10.86,40.04,,352.87,272.51,15.88,167.96
Dominican Republic,DOM,2004,,9.53,56.84,,410.4,324.86,83.28,508.92
Dominican Republic,DOM,2005,,33.9,35.37,,,87.08,15.83,239.13
Dominican Republic,DOM,2006,7.06,4.02,55.72,,,571.04,104.51,397.91
Dominican Republic,DOM,2007,265.51,7.91,7.94,,,262.4,106.68,493.38
Dominican Republic,DOM,2008,88.23,4.39,56.18,,,209.66,136.46,1049.95
Dominican Republic,DOM,2009,654.45,26.7,11.09,,,19.45,15.1,404.55
Dominican Republic,DOM,2010,3.52,10.58,30.64,,,127.53,13.74,947.13
Dominican Republic,DOM,2011,28.04,10.64,8.15,,,65.78,6.84,999.42
Dominican Republic,DOM,2012,61.62,25.09,8.31,,541.72,1.77,7.13,771.07
Dominican Republic,DOM,2013,143.47,50.42,,,475.1,72.07,17.75,1344.84
Dominican Republic,DOM,2014,67.15,50.1,,,,171.25,42.08,967.09
Dominican Republic,DOM,2015,15.35,8.87,0.51,,12.18,191.81,13.16,484.25
Dominican Republic,DOM,2016,30.54,12.09,25.76,,,237.72,22.5,672.71
Dominican Republic,DOM,2017,369.37,31.3,44.77,,328.52,172.85,14.21,404.91
Dominican Republic,DOM,2018,152.96,20.05,68.61,,50.93,97.61,11.96,671.94
Dominican Republic,DOM,2019,42.16,19.55,15.96,,235.03,127.08,78.03,220.45
Dominican Republic,DOM,2020,18.97,30.18,5.24,,,32.11,47.37,196.4
Dominican Republic,DOM,2021,9.92,20.9,2.93,,10.57,17.74,39.3,129.72
Dominican Republic,DOM,2022,2.97,11.68,2.86,,14.35,24.37,29.89,173.5
Dominican Republic,DOM,2023,18.75,6.17,5.72,,16.43,39.43,62.68,270.95
East Timor,TLS,2001,45.83,,,0.55,7.5,0.38,21.01,12.55
East Timor,TLS,2002,115.59,,,0.79,0.63,47.35,14.53,11.75
East Timor,TLS,2003,39.27,,,0.39,7.73,37.74,,4.63
East Timor,TLS,2004,112.08,,,,0.24,71.67,1.05,5.91
East Timor,TLS,2005,1.53,,,,0.46,104.89,3.39,11.46
East Timor,TLS,2006,,,,16.82,3.91,14.89,49.77,93.43
East Timor,TLS,2007,,,,,1.91,110.87,20.08,25.82
East Timor,TLS,2008,0.63,,,0.88,28.68,1.06,24.98,42.76
East Timor,TLS,2009,10.45,,,,5.35,145.7,17.59,112.75
East Timor,TLS,2010,,,,8.3,,1.22,35.66,95.57
East Timor,TLS,2011,,,,,2.37,137.76,21.68,16.86
East Timor,TLS,2012,11.45,,,,127.11,108.99,8.58,21.2
East Timor,TLS,2013,2.24,,,,59.76,2.21,2.58,7.64
East Timor,TLS,2014,9.04,,,,,1.67,,212.7
East Timor,TLS,2015,3.41,,,2.17,,3.8,57.09,74.89
East Timor,TLS,2016,12.18,,,0.94,1.21,76.98,0.34,90.69
East Timor,TLS,2017,22.6,,,1.13,94.9,0.68,0.39,70.84
East Timor,TLS,2018,26.03,,,,,72.52,0.8,22.05
East Timor,TLS,2019,15.04,,,0.36,16.42,101.42,0.71,3.08
East Timor,TLS,2020,35.03,,,0.19,5.17,94.72,0.85,11.96
East Timor,TLS,2021,45.19,,,2.95,16.13,89.47,4.01,20.47
East Timor,TLS,2022,26.13,,,,10.05,,5.72,52.85
East Timor,TLS,2023,16.07,,,0.38,4.29,28.56,1.43,10.69
Ecuador,ECU,2001,9796.39,377.77,797.75,60.77,,946.46,175.93,1556.85
Ecuador,ECU,2002,13820.89,143.59,1211.66,,,291.59,72.81,1999.65
Ecuador,ECU,2003,6129.96,125.68,805.62,,24.58,373.11,65.91,630.2
Ecuador,ECU,2004,4961.14,344.74,1200.18,,792.62,300.65,141.61,1060.96
Ecuador,ECU,2005,40.62,229.06,982.59,682.02,1337.22,26.68,168.7,1780.72
Ecuador,ECU,2006,1988.67,340.51,5339.52,1985.28,4545.06,3886.04,313.01,6017.47
Ecuador,ECU,2007,38.54,253.48,15292.06,3334.65,1020.71,9914.23,747.57,17588.95
Ecuador,ECU,2008,8.93,134.15,5921.96,791.79,2262.83,21894.42,297.32,6095.52
Ecuador,ECU,2009,7718.49,275.03,871.56,,,10546.79,193.97,1354.07
Ecuador,ECU,2010,37.22,189.35,3777.96,,5531.28,7946.27,793.52,2613.63
Ecuador,ECU,2011,25.38,284.24,4714.67,,,1570.01,94.23,1449.14
Ecuador,ECU,2012,44.84,394.79,20382.06,,9062.12,1961.24,843.78,10347.58
Ecuador,ECU,2013,14.87,519.88,2744.98,,2675.7,7.64,24.88,1465.09
Ecuador,ECU,2014,7310.12,214.96,180.16,131.58,8439.83,349.96,57.39,3233.24
Ecuador,ECU,2015,16.69,9.53,161.47,27.9,3040.93,12.71,12.19,1265.42
Ecuador,ECU,2016,33.15,13.76,165.86,46.43,4853.18,1079.52,57.28,5373.7
Ecuador,ECU,2017,29.77,15.76,249.49,,8712.51,975.77,24.39,10382.31
Ecuador,ECU,2018,8.89,34.15,52.47,,4327.91,4819.72,496.39,8808.86
Ecuador,ECU,2019,11216.52,21,94.47,,,4994.28,168.69,772.79
Ecuador,ECU,2020,14727.76,16.61,68.08,,,3374.89,453.07,4403.15
Ecuador,ECU,2021,4,31.77,54.01,,,803.65,436.89,9516.94
Ecuador,ECU,2022,11.58,38.31,72.47,,4889.3,3443.17,883.42,15844.5
Ecuador,ECU,2023,4809.77,10,87.93,,1326.42,2968.83,612.97,9531.03
Egypt,EGY,2001,0.31,,,3.4,,85.04,9.85,46.12
Egypt,EGY,2002,0.15,,,1.05,,35.15,6.44,11.41
Egypt,EGY,2003,0.17,,,,,30.78,2.64,19.19
Egypt,EGY,2004,0.33,,,,,46.98,1.87,74.55
Egypt,EGY,2005,0.29,,,,,26.05,1.35,22.57
Egypt,EGY,2006,0.03,,,,,18.28,2.94,14.8
Egypt,EGY,2007,0.2,,,0.77,,36.32,3.42,18.47
Egypt,EGY,2008,0.22,,,0.13,,9.22,4.04,42.18
Egypt,EGY,2009,0.26,,,,,16.35,6.03,33.74
Egypt,EGY,2010,0.11,,,,,69.69,4.15,38.41
Egypt,EGY,2011,0.15,,,0.42,,50.06,1.6,33.56
Egypt,EGY,2012,0.18,,,7.93,,166.67,9.68,248.85
Egypt,EGY,2013,0.14,,,2.95,,6.12,1.72,131.68
Egypt,EGY,2014,0.04,,,0.63,,44.31,2.03,119.8
Egypt,EGY,2015,0.01,,,0.66,,2.35,1.6,43.22
Egypt,EGY,2016,0.02,,,,,42.09,1.66,14.21
Egypt,EGY,2017,0.01,,,,,34.55,18.39,39.77
Egypt,EGY,2018,,,,0.53,,65.62,4.8,30.11
Egypt,EGY,2019,,,,1.29,,9.15,3.67,14.71
Egypt,EGY,2020,0.24,,,0.15,,2.87,0.04,6.13
Egypt,EGY,2021,0.58,,,,,6.8,0.97,7.1
Egypt,EGY,2022,0.19,,,,,1.87,0.03,0.62
Egypt,EGY,2023,0.57,,,0.06,,7.61,0.38,5.93
El Salvador,SLV,2001,,1.4,,81.67,19.06,,105.35,2742.58
El Salvador,SLV,2002,,28.96,,0.67,0.16,28.42,1.13,32.6
El Salvador,SLV,2003,,26.69,,0.14,0.1,20.05,0.64,20.79
El Salvador,SLV,2004,,23.43,,1.2,0.19,14.59,1.4,31.4
El Salvador,SLV,2005,,0.82,,7.24,1.93,415.6,17.76,1255.6
El Salvador,SLV,2006,,1.6,,14.83,1.48,531.58,17.74,599.5
El Salvador,SLV,2007,,3.71,,5.38,1.08,284.79,8.59,342.79
El Salvador,SLV,2008,,2.31,,15.88,3.93,490.64,38.91,266.9
El Salvador,SLV,2009,,1.73,,1.63,1.63,496.36,31.19,500.41
El Salvador,SLV,2010,,1.91,,0.74,0.37,305.63,10.12,284.51
El Salvador,SLV,2011,,1.99,,1.54,0.31,354.33,3.11,315.25
El Salvador,SLV,2012,,3.85,,6.27,1.28,49.71,9.74,436.04
El Salvador,SLV,2013,,1.63,,1.42,2.34,155.7,5.16,172.99
El Salvador,SLV,2014,,1.47,,3.35,7.64,,10.78,324.62
El Salvador,SLV,2015,,1.39,,,16.3,,10.24,272.88
El Salvador,SLV,2016,,4.23,,1.43,4.12,,2.03,254.38
El Salvador,SLV,2017,,4.26,,0.36,53.39,5.64,1.54,158.55
El Salvador,SLV,2018,67.41,5.52,,,0.16,,5.82,22.05
El Salvador,SLV,2019,59.86,2.65,,0.13,0.38,,9.32,46.44
El Salvador,SLV,2020,27.15,2.14,,,0.06,,3.79,54.14
El Salvador,SLV,2021,22.53,0.56,,,,19.56,,29.23
El Salvador,SLV,2022,12.28,2.07,,0.01,0.04,,0.01,56.83
El Salvador,SLV,2023,21.77,0.39,,0.01,0.03,7.33,0.28,53.82
Equatorial Guinea,GNQ,2001,201.32,,,,,,147.13,37.36
Equatorial Guinea,GNQ,2002,244.4,,,,54.52,,18.35,3.51
Equatorial Guinea,GNQ,2003,231.95,,,,,,5.07,1.01
Equatorial Guinea,GNQ,2004,33.91,,,,,,,
Equatorial Guinea,GNQ,2005,171.23,,,,1.29,,4.54,0.92
Equatorial Guinea,GNQ,2006,120.43,,,,,,19.5,3.45
Equatorial Guinea,GNQ,2007,167.17,,,,,,109.22,34.8
Equatorial Guinea,GNQ,2008,150.49,,0.15,,9.96,,79.17,63.9
Equatorial Guinea,GNQ,2009,185.21,,,,73.35,,87.14,11.09
Equatorial Guinea,GNQ,2010,247.72,,,,24.2,,69.39,29.55
Equatorial Guinea,GNQ,2011,232.33,,1.86,,5.96,,78.93,39.93
Equatorial Guinea,GNQ,2012,92.43,,0.22,,51.73,,33.87,23.65
Equatorial Guinea,GNQ,2013,232.17,,,,128.15,,80.43,31.32
Equatorial Guinea,GNQ,2014,365.22,,45.88,,231.55,,473.55,171.88
Equatorial Guinea,GNQ,2015,88.63,,58.9,,,,38.94,149.09
Equatorial Guinea,GNQ,2016,142.86,,104.39,,,,77.89,255.89
Equatorial Guinea,GNQ,2017,277.09,,109.83,,,,154.88,359.61
Equatorial Guinea,GNQ,2018,162.03,,33.09,,12.82,,179.22,133.07
Equatorial Guinea,GNQ,2019,301.14,,6.25,,72.47,,403.74,61.55
Equatorial Guinea,GNQ,2020,147.13,,2.18,,33.42,,204.76,13.97
Equatorial Guinea,GNQ,2021,426.15,,,,388.42,,30.95,14.23
Equatorial Guinea,GNQ,2022,346.42,,11.61,,18.96,,199.83,129.59
Equatorial Guinea,GNQ,2023,321.37,,1.2,,296.94,,73.27,27.55
Eritrea,ERI,2001,,0.02,,,,1.07,0.03,0.5
Estonia,EST,2001,147.15,27,,,,9.9,0.1,13.17
Estonia,EST,2002,83.97,27,,,,17.66,0.08,14.49
Estonia,EST,2003,12.88,27,,,,1.97,,1.81
Estonia,EST,2004,67.07,27,,,,41.27,,29.06
Estonia,EST,2005,65.49,27,,,,10.04,,10.53
Estonia,EST,2006,,27,,,,161.68,,88.2
Estonia,EST,2007,,27,,,,29.1,,40.87
Estonia,EST,2008,9.88,34,,,,33.26,0.68,33.7
Estonia,EST,2009,31.45,41,,,,92.29,,90.15
Estonia,EST,2010,156.56,48,,,,21.96,,6.52
Estonia,EST,2011,48.66,48,,,,82.86,,30
Estonia,EST,2012,,48,,,,87.09,,29.15
Estonia,EST,2013,,32,,,,65.71,,60.35
Estonia,EST,2014,,32.67,,,,93.44,,180.26
Estonia,EST,2015,,16.67,,,,80.28,,101.95
Estonia,EST,2016,,16.67,,,,221.41,,151.8
Estonia,EST,2017,,,,,,233.01,,110.08
Estonia,EST,2018,,,,,,247.55,,95.04
Estonia,EST,2019,,,,,,71.9,,85.7
Estonia,EST,2020,,,,,,54.67,,73.08
Estonia,EST,2021,,,,,,29.49,0.45,51.75
Estonia,EST,2022,,,,,,35.27,0.55,38.6
Estonia,EST,2023,,,,,,34.14,0.38,45.61
Eswatini,SWZ,2001,189.89,,,,,0.27,1.81,60.18
Eswatini,SWZ,2002,144.93,,,,,0.43,5.12,51.3
Eswatini,SWZ,2003,132.28,,,,,0.21,,22.21
Eswatini,SWZ,2004,86.25,,,,,0.73,3.44,68.27
Eswatini,SWZ,2005,36.05,,,,,31.87,4.79,20.95
Eswatini,SWZ,2006,154.85,,,,,376.9,57.74,71.9
Eswatini,SWZ,2007,,,,,,128.08,7.78,23.14
Eswatini,SWZ,2008,,,,,,21.46,38.66,249.15
Eswatini,SWZ,2009,,,,,,56.25,10.82,110.21
Eswatini,SWZ,2010,,,,,,404.71,11.83,113.86
Eswatini,SWZ,2011,,,,,,329.43,3.69,33.16
Eswatini,SWZ,2012,,,,,,91.29,12.65,78.79
Eswatini,SWZ,2013,,,,,,6.68,43.74,283.74
Eswatini,SWZ,2014,,,,,,6,75.02,329.87
Eswatini,SWZ,2015,,,,,,180.78,2.61,26.19
Eswatini,SWZ,2016,,,,,,163.02,3.99,10.61
Eswatini,SWZ,2017,,,,,,11.47,47.55,91
Eswatini,SWZ,2018,,,,,,0.09,28.29,45.48
Eswatini,SWZ,2019,,,,,,23.15,35.43,9.53
Eswatini,SWZ,2020,23.23,,,,,10.08,16.88,4.67
Eswatini,SWZ,2021,16.43,,,,,1.68,27.78,21.52
Eswatini,SWZ,2022,16.46,,,,,0.86,,10.72
Eswatini,SWZ,2023,14.07,,,,,3.16,9.84,11.49
Ethiopia,ETH,2001,76.84,134.25,,,54.26,3477.1,66.87,934.77
Ethiopia,ETH,2002,72.49,102.13,,,59.72,3759.18,58.65,1012.11
Ethiopia,ETH,2003,62.09,105.07,,18.14,215.26,1803.54,55.25,1773.69
Ethiopia,ETH,2004,80.92,133.59,,6.85,268.75,2018.26,98.35,1453.02
Ethiopia,ETH,2005,191.28,234.22,,16.59,482.95,2696.06,24.38,2496.34
Ethiopia,ETH,2006,234.18,150.73,,,146.1,2804.09,46.91,1152.67
Ethiopia,ETH,2007,417.73,184.46,,20.35,379.15,4988.76,101.3,1613.8
Ethiopia,ETH,2008,181,146.51,,84.66,910.04,5410.03,365.6,4733.28
Ethiopia,ETH,2009,235.83,114.79,,233.69,1192.44,4772.69,78.79,6966.41
Ethiopia,ETH,2010,161.39,155.21,,114.94,237.85,2694.03,162.96,4497.15
Ethiopia,ETH,2011,120.94,130.45,,99.81,288.67,4143.44,185.82,1759.59
Ethiopia,ETH,2012,245.46,309.97,,84.8,1684.25,9771.45,291.59,7151.63
Ethiopia,ETH,2013,226.03,815.52,,58.12,1538.86,6853.31,84.06,3506.77
Ethiopia,ETH,2014,410.32,1105.5,,33.24,1940.07,7764.43,171.62,4312.02
Ethiopia,ETH,2015,83.58,101.44,,165.95,693.41,1948.79,41.21,1297.5
Ethiopia,ETH,2016,308.54,430.66,,389.81,1263.62,4042.65,214.18,3369.39
Ethiopia,ETH,2017,519.65,587.64,,454.2,1297.63,2930.81,502.21,3314.43
Ethiopia,ETH,2018,240.13,454.05,,62.13,163.6,1800.06,65.6,784.7
Ethiopia,ETH,2019,682.04,603.65,,156.74,,2079.81,31.26,1041.25
Ethiopia,ETH,2020,891.4,706.26,,22.81,,1112.41,2.96,501.56
Ethiopia,ETH,2021,3626.82,698.27,,,,,,
Ethiopia,ETH,2022,1196.41,547.85,,,683.76,521.23,116.13,947.02
Ethiopia,ETH,2023,3548.58,686.01,,42.15,626.28,1850.25,153.41,1520.58
Europe,OWID_EUR,2001,4904.4,48831.94,,158.81,,15949.99,105.32,7990.34
Europe,OWID_EUR,2002,4605.16,46315.32,,260.51,,4516.04,12.32,7101.02
Europe,OWID_EUR,2003,1618.75,42636.25,,187.53,,2929.34,12.32,2828.65
Europe,OWID_EUR,2004,6457.06,51764.8,,213.8,,3649.39,19.48,7686.13
Europe,OWID_EUR,2005,5573.66,50196.17,,20.73,,7430.18,15.91,2170.05
Europe,OWID_EUR,2006,5277.25,48462.06,,1.71,,6463.25,28.38,2962.44
Europe,OWID_EUR,2007,4421.57,49890.92,,303.22,,4169.18,15.15,5247.55
Europe,OWID_EUR,2008,5502.18,34315.64,,726.3,,4254.79,80.19,7954.45
Europe,OWID_EUR,2009,4714.63,27537.86,,510.15,,11239.4,36.77,6150.33
Europe,OWID_EUR,2010,4515.09,15802.92,,182.37,,10008.92,52.84,3307.11
Europe,OWID_EUR,2011,4122.23,14017.36,,563.24,,8267.81,48.32,2925.67
Europe,OWID_EUR,2012,6643.29,14511.46,,1300.56,,8063.3,254.86,4556.16
Europe,OWID_EUR,2013,3673.95,9484.95,,1105.23,,4026.22,41.13,4062.92
Europe,OWID_EUR,2014,4876.13,9886.19,,1365.37,,3818.02,172.63,6333.07
Europe,OWID_EUR,2015,4794.7,5001.7,,209.79,,2787.71,95.57,5440.12
Europe,OWID_EUR,2016,7707.97,8055.74,,261.84,,8388.88,143.84,9165.76
Europe,OWID_EUR,2017,6675.81,6207.16,,258.23,,13141.84,170.26,9529.28
Europe,OWID_EUR,2018,6672.54,7700.66,,242.25,,11069.56,58.38,7157.06
Europe,OWID_EUR,2019,5243.27,8105.19,,798.24,,3264.92,10.84,3753.84
Europe,OWID_EUR,2020,6444.53,7407.53,,281.62,,1901.99,1.72,1491.29
Europe,OWID_EUR,2021,5097.18,7957.04,,219.91,,1658.67,25,1691.09
Europe,OWID_EUR,2022,4785.88,7927.29,,118.33,,2048.44,13.71,1357.46
Europe,OWID_EUR,2023,4736.34,7725.72,,139.78,,2198.57,12.63,1586.36
Fiji,FJI,2001,21.2,365.62,,,,0.45,30.36,3.74
Fiji,FJI,2002,10.37,168.4,,,,4.17,24.74,2.47
Fiji,FJI,2003,15.53,419.36,,,0.36,,22.24,9.61
Fiji,FJI,2004,36.58,534.12,,,,0.35,8.05,4.53
Fiji,FJI,2005,24.59,505.63,,,,,4.43,2.47
Fiji,FJI,2006,33.13,447.92,,,,,0.08,6.44
Fiji,FJI,2007,23.51,379.01,,,,0.64,0.09,11.32
Fiji,FJI,2008,27.09,339.97,,,,,0.37,21.08
Fiji,FJI,2009,17.03,274.09,,,3.28,,19.49,13.88
Fiji,FJI,2010,23.68,451.59,,,0.49,,18.47,20.98
Fiji,FJI,2011,6.22,156.17,,,0.08,0.4,1.91,2.16
Fiji,FJI,2012,23.24,208.12,,,,2.26,1.25,25.64
Fiji,FJI,2013,41.75,553.17,,,,20.6,3.57,44.82
Fiji,FJI,2014,58.28,587.15,,,,23.85,0.67,23.87
Fiji,FJI,2015,51.72,355.84,,,0.05,2.39,0.4,12.33
Fiji,FJI,2016,71.49,1063.55,,,,1.83,14.47,34.06
Fiji,FJI,2017,47.79,1686.44,,,,0.46,7.25,19.38
Fiji,FJI,2018,18.24,461.56,,,0.03,0.3,4.14,5.99
Fiji,FJI,2019,19.05,1016.28,,,0.02,0.43,1.77,2.17
Fiji,FJI,2020,14.83,1154.18,,,0.21,,22.52,17.73
Fiji,FJI,2021,13.72,4070,,,0.08,,18.94,17.75
Fiji,FJI,2022,7.21,633.89,,,,0.04,9.12,9.03
Fiji,FJI,2023,5.15,466.88,,,0.03,0.01,7.03,6.4
Finland,FIN,2001,676.07,867,,,,1294.3,,15.53
Finland,FIN,2002,604.31,867,,,,867.79,,78.83
Finland,FIN,2003,526.4,867,,,,363.35,,321.18
Finland,FIN,2004,691.43,867,,,,534.74,,458.14
Finland,FIN,2005,1639.38,867,,,,3460.99,,134.47
Finland,FIN,2006,1246.02,867,,,,1323.9,,29.15
Finland,FIN,2007,775.85,867,,,,138.58,,687.59
Finland,FIN,2008,1223.27,594.67,,,,977.74,,609.43
Finland,FIN,2009,1849.77,322.33,,,,1904.19,,86.65
Finland,FIN,2010,1740.14,50,,,,1647.49,,7.67
Finland,FIN,2011,1472.39,50,,,,1383,,23.26
Finland,FIN,2012,1560.93,50,,,,1900.77,88.75,733.67
Finland,FIN,2013,906.51,33.33,,,,1279.06,,1391.43
Finland,FIN,2014,1348.01,16.67,,,,613.91,,1496.44
Finland,FIN,2015,822.38,,,,,360.36,,759.83
Finland,FIN,2016,1198.06,,,,,434.36,,621.62
Finland,FIN,2017,1398.22,,,,,1261.79,,421.08
Finland,FIN,2018,1240.26,,,,,572.59,,118.91
Finland,FIN,2019,1165.98,,,,,119.5,,66.94
Finland,FIN,2020,511.87,,,,,311.19,,155.57
Finland,FIN,2021,324.37,,,,,453.9,,259.83
Finland,FIN,2022,176.31,,,,,582.35,,222.79
Finland,FIN,2023,244.29,,,,,375.46,,177.89
France,FRA,2001,,,,,,4049.13,39.22,1031.21
France,FRA,2002,,,,,,594.06,,1252.4
France,FRA,2003,,,,,,936.43,1.94,919.51
France,FRA,2004,,,,,,424.38,0.16,2875.89
France,FRA,2005,,,,,,411.94,0.62,222.49
France,FRA,2006,,,,,,438.55,4.24,264.04
France,FRA,2007,,,,45.73,,792.2,1.75,1097.36
France,FRA,2008,,,,120.48,,392.14,17.32,2950.77
France,FRA,2009,,,,,,1459.82,5.7,1384.85
France,FRA,2010,,,,,,2390.31,37.21,906.46
France,FRA,2011,,,,131.22,,1879.65,41.02,293.24
France,FRA,2012,,,,443.87,,1968.39,74.4,760.88
France,FRA,2013,,,,90.05,,518.65,19.07,325.65
France,FRA,2014,,,,131.64,,566.25,54.78,547.18
France,FRA,2015,713.99,,,24.42,,48.44,24.99,329.42
France,FRA,2016,1071.51,,,42.86,,301.51,44.03,488.42
France,FRA,2017,1179.81,,,58.64,,619.57,28.99,650.12
France,FRA,2018,1080.73,,,1.12,,654.24,25.45,791.58
France,FRA,2019,1166.14,,,13.94,,48.28,3.13,356.23
France,FRA,2020,1062.75,,,,,,,
France,FRA,2021,1393.43,,,,,,,
France,FRA,2022,743.96,,,,,,,
France,FRA,2023,1065.54,,,,,,,
French Guiana,GUF,2001,505.28,,,,,23.52,79.69,9.42
French Guiana,GUF,2002,574.94,,,,,0.45,1.69,0.15
French Guiana,GUF,2003,451.19,,,,,50.21,54.6,8.06
French Guiana,GUF,2004,1387.51,,,,,,,
French Guiana,GUF,2005,830.81,,,,,,,
French Guiana,GUF,2006,798.85,,,,,0.01,0.05,
Gabon,GAB,2001,8836.45,,0.78,0.04,0.02,0.37,0.27,0.13
Gabon,GAB,2002,8583.4,,196.97,2.53,,27.63,0.4,7.47
Gabon,GAB,2003,8450.39,,114.8,2.09,0.08,0.58,,17.91
Gabon,GAB,2004,7616.75,,0.59,0.03,,0.02,0.09,0.42
Gabon,GAB,2005,7474.19,,112.12,11.64,1.83,0.74,179.53,317.7
Gabon,GAB,2006,7429.13,,429.1,53.82,0.46,460.79,907.44,887.71
Gabon,GAB,2007,7110.76,,467.04,68.51,1.42,656.49,1493.79,1207.38
Gabon,GAB,2008,8801.88,,320.74,66.4,409.15,473.33,1306.48,1150.53
Gabon,GAB,2009,10063.59,,185.97,39.91,54.93,142.99,1358.92,743.82
Gabon,GAB,2010,7117.98,,80.56,19.42,62.14,58.7,504.18,259.72
Gabon,GAB,2011,8879.52,,223.02,60.53,,115.12,1130.19,576.48
Gabon,GAB,2012,5355.18,,516.38,18.57,,111.2,308.6,821.86
Gabon,GAB,2013,1165.86,,1039.55,,,241.77,288.04,1023.02
Gabon,GAB,2014,2845.53,,1325.8,31.27,23.31,531.77,1259.02,3511.5
Gabon,GAB,2015,2749.6,,1406.98,125.02,32.48,810.75,1829.4,3085.71
Gabon,GAB,2016,4825.24,,2754.59,231.84,92.77,1255.46,3997.29,4929.39
Gabon,GAB,2017,4540.55,,4495.52,166.62,90.1,1297.13,3796.96,3972.66
Gabon,GAB,2018,4530.6,,9578.69,58.93,44.12,419.67,1796.22,1610.05
Gabon,GAB,2019,2865.03,,7703.64,,6.3,39.25,296.38,183.83
Gabon,GAB,2020,1975.56,,3039.14,2.16,9.31,0.08,64.54,209.9
Gabon,GAB,2021,1750.24,,2169.3,,14.01,23.77,64.65,129.08
Gabon,GAB,2022,2250.31,,238.15,14.18,98.61,167.4,600,1538.66
Gabon,GAB,2023,1992.03,,2380.23,0.95,21.15,19.89,88.55,283.7
Gambia,GMB,2001,,,,,,5.68,0.01,0.15
Gambia,GMB,2002,,,,,,38.4,0.01,0.25
Gambia,GMB,2003,,,,,,7.9,,0.43
Gambia,GMB,2004,,,0.22,,,27.62,0.08,6.39
Gambia,GMB,2005,,,,,,1.65,,1.21
Gambia,GMB,2006,,,,,,4.9,,2.36
Gambia,GMB,2007,,,,,,39.88,0.02,6.25
Gambia,GMB,2008,,,,,,203.56,2.16,17.39
Gambia,GMB,2009,0.07,,,,,5.89,0.24,6.54
Gambia,GMB,2010,2.95,,,,,7.67,6.65,14.82
Gambia,GMB,2011,4.04,,0.01,,,37.71,0.49,1.21
Gambia,GMB,2012,2.56,,0.01,,,46.94,0.21,0.25
Gambia,GMB,2013,2.16,,0.02,,,18.26,,9.46
Gambia,GMB,2014,6.15,,0.01,,,9.65,,30.87
Gambia,GMB,2015,3.29,,0.01,,,,,37.29
Gambia,GMB,2016,2.17,,0.01,,,11.64,,1.77
Gambia,GMB,2017,0.46,,0.1,,,22.58,0.44,4.74
Gambia,GMB,2018,0.63,,,,,0.19,,18.51
Gambia,GMB,2019,1.33,,,,,0.17,,28.83
Gambia,GMB,2020,0.52,,,,,2.25,,0.68
Gambia,GMB,2021,0.24,,,,,1.84,,0.02
Gambia,GMB,2022,0.33,,,,,3.27,,
Gambia,GMB,2023,0.33,,,,,2.4,,0.05
Georgia,GEO,2001,134.2,44.11,,0.15,,1.46,0.25,12.86
Georgia,GEO,2002,96.73,33.82,,,,0.18,0.07,1.77
Georgia,GEO,2003,88.97,24.94,,,,0.04,,0.77
Georgia,GEO,2004,10.77,58.37,,,,12.55,,179.29
Georgia,GEO,2005,25.41,50.55,,,,35.22,,53.88
Georgia,GEO,2006,50.35,65.82,,,,2.48,,9.1
Georgia,GEO,2007,85.33,84.8,,,,0.74,,1.06
Georgia,GEO,2008,73.71,44.39,,,,,,1.21
Georgia,GEO,2009,75.24,23.57,,,,,0.14,0.41
Georgia,GEO,2010,17.31,,,0.34,,66.65,6.43,96.39
Georgia,GEO,2011,84.58,,,,,0.1,,0.17
Georgia,GEO,2012,115.72,,,,,1.78,,4.28
Georgia,GEO,2013,103.35,,,0.01,,0.26,,0.34
Georgia,GEO,2014,28.99,,,0.01,,0.42,0.06,0.35
Georgia,GEO,2015,12.02,,,0.02,,0.22,,2.48
Georgia,GEO,2016,83.58,,,,,0.96,,16.08
Georgia,GEO,2017,18.65,,,,,1.85,,22.11
Georgia,GEO,2018,6.37,,,,,9.02,,21.53
Georgia,GEO,2019,4.15,,,,,2.91,0.14,7.32
Georgia,GEO,2020,20.74,,,,,,,
Georgia,GEO,2021,47.54,,,,,,,
Georgia,GEO,2022,27.48,,,,,,,
Georgia,GEO,2023,25.12,,,,,,,
Germany,DEU,2001,12.82,,,,,758.68,35.72,614.82
Germany,DEU,2002,53.79,,,,,447.6,,261.23
Germany,DEU,2003,0.74,,,1.09,,172.69,,209.57
Germany,DEU,2004,70.01,,,3.32,,152.81,,955.6
Germany,DEU,2005,,,,2.9,,928.35,,148.14
Germany,DEU,2006,,,,,,873.83,,191.5
Germany,DEU,2007,,,,,,320.94,,36.11
Germany,DEU,2008,,,,4.38,,152.07,,266.48
Germany,DEU,2009,,,,3.03,,201.79,,126.65
Germany,DEU,2010,,,,30.04,,1423.07,,159.6
Germany,DEU,2011,469.63,,,21.92,,159.7,,275.73
Germany,DEU,2012,344.86,,,19.61,,502.41,,174.07
Germany,DEU,2013,382.92,,,4.97,,48.8,,48.65
Germany,DEU,2014,552.72,,,10.53,,4.53,6,145.25
Germany,DEU,2015,203.73,,,6.51,,29.55,8.34,89.95
Germany,DEU,2016,329.48,,,12.11,,168.96,27.22,112
Germany,DEU,2017,440.91,,,26.87,,415.59,41.76,132.3
Germany,DEU,2018,387.52,,,28.89,,471.06,17.45,230.03
Germany,DEU,2019,319.87,,,25.12,,82.81,,427.21
Germany,DEU,2020,,,,13.35,,132.79,,390.77
Germany,DEU,2021,,,,14.35,,146.78,8.67,330.44
Germany,DEU,2022,,,,,,142.5,,194.59
Germany,DEU,2023,,,,6.4,,119.11,2.28,237.96
Ghana,GHA,2001,,148.98,6017.97,,17729.57,758.88,3641.57,15452.08
Ghana,GHA,2002,,405.56,13520.18,,39774.77,0.17,5462.32,14321.68
Ghana,GHA,2003,,172.96,6118.07,,10975.11,543.36,429.64,6224.69
Ghana,GHA,2004,3581.64,91.23,610.47,,9079.57,1044.47,580.9,1736.44
Ghana,GHA,2005,,423.58,1629.26,2256.62,21160.78,5207.15,4497.92,5442.15
Ghana,GHA,2006,294.44,127.63,739.73,1441.81,13556.03,4048.79,3045.66,2931.77
Ghana,GHA,2007,,171.79,4033.95,2538.98,16261.31,9266.6,3792.85,3198.33
Ghana,GHA,2008,3048.06,180.52,1124.21,1423.96,14359.27,6265.06,2758.83,8342.95
Ghana,GHA,2009,,115.86,2234.76,849.45,17375.35,4279.78,1839.6,9899.34
Ghana,GHA,2010,,175.11,250.77,,8137.42,2149.97,1286.19,8167.55
Ghana,GHA,2011,,98.79,524.36,,13671.95,4955.24,4753.63,11401.19
Ghana,GHA,2012,,116.44,859.79,,13305.76,5146.98,6636.8,8147.24
Ghana,GHA,2013,,376.6,6844.3,337.26,32363.27,5393.62,14214.04,18339.72
Ghana,GHA,2014,,630.01,3237.73,2767.59,55166.39,6145.61,13897.27,29766.38
Ghana,GHA,2015,,454.84,1867.7,1133.52,18318.68,12751.1,7243.16,13842.97
Ghana,GHA,2016,,586.64,2806.97,2766.34,34251.25,41352.67,17596.2,14049.75
Ghana,GHA,2017,34559.44,500.28,585.01,1130.91,32777.08,25170.32,15103.08,7208.24
Ghana,GHA,2018,45490.75,1068.04,718.26,1744.54,48882.06,32627.67,13159.94,6674.46
Ghana,GHA,2019,17905.64,244.99,352.89,1848.35,20255.96,19126.41,10587.92,16932.81
Ghana,GHA,2020,11772.03,602.19,339.89,519.29,33944.13,4803.65,1933.4,4014.66
Ghana,GHA,2021,11672.15,758.29,404.53,790.46,30354.01,4912.75,2330.09,9765.61
Ghana,GHA,2022,13113.67,1292.58,1174.27,2920.1,,20164.45,8413.98,18135.57
Ghana,GHA,2023,12185.95,797.12,942.06,2303.05,,17507.32,7464.96,20089.54
Greece,GRC,2001,,1037,,0.14,,339.01,2.65,164.48
Greece,GRC,2002,,1037,,0.04,,134.25,0.73,70.56
Greece,GRC,2003,,963.07,,,,12.28,,86.36
Greece,GRC,2004,,1037,,,,62,0.75,38.13
Greece,GRC,2005,,1037,,,,67.19,0.87,20.15
Greece,GRC,2006,,1037,,0.03,,52.32,0.07,48.68
Greece,GRC,2007,,1037,,4.75,,202.75,0.06,725.3
Greece,GRC,2008,,691.33,,1.87,,70.66,0.01,754.58
Greece,GRC,2009,,345.67,,1.2,,78,,550.38
Greece,GRC,2010,,,,0.03,,27.24,0.06,49.9
Greece,GRC,2011,,,,2.88,,49.72,,47.6
Greece,GRC,2012,,,,1.13,,46.25,,39.7
Greece,GRC,2013,,,,0.78,,10.49,,17.28
Greece,GRC,2014,,,,,,8.66,0.01,37.74
Greece,GRC,2015,,,,,,0.61,,51.18
Greece,GRC,2016,,,,,,8.21,,91.66
Greece,GRC,2017,,,,,,30.55,,299.54
Greece,GRC,2018,394.08,,,0.54,,48.5,,100.14
Greece,GRC,2019,,,,0.17,,50.47,,24.97
Greece,GRC,2020,,,,3.38,,414.47,,79.15
Greece,GRC,2021,,,,5.02,,318.97,,132.88
Greece,GRC,2022,92.53,,,2.28,,212.05,,21.52
Greece,GRC,2023,10.39,,,4.36,,384.06,,81.63
Grenada,GRD,2001,4.21,,,,,,,
Grenada,GRD,2002,4.74,,,,,,,
Grenada,GRD,2003,5.86,,,,,,,
Grenada,GRD,2004,86.33,,,,,,,
Grenada,GRD,2005,3.68,,,,,,,
Grenada,GRD,2006,,,,,1.74,0.09,,1.93
Grenada,GRD,2007,,,,,1.28,0.04,0.07,3.04
Grenada,GRD,2008,,,,,0.9,0.06,0.11,5.71
Grenada,GRD,2009,7.91,,,,,,,
Grenada,GRD,2010,6.47,,,,,,,
Grenada,GRD,2011,2.63,,,,,,,
Grenada,GRD,2012,3.08,,,,,,,
Grenada,GRD,2013,3.09,,,,,,,
Grenada,GRD,2014,3.09,,,,,,,
Grenada,GRD,2020,0.02,,,,,,,0.05
Grenada,GRD,2021,0.16,,,,,,,0.58
Grenada,GRD,2022,0.57,,,,,0.01,0.02,2.21
Grenada,GRD,2023,0.06,,,,,,,0.22
Guadeloupe,GLP,2001,,,,,,,0.51,35.87
Guadeloupe,GLP,2002,,,,,,,0.22,6.8
Guadeloupe,GLP,2003,,,,,,,0.48,6.4
Guadeloupe,GLP,2004,19,,,,0.11,,5.74,9.24
Guadeloupe,GLP,2005,16.2,,,,,,10.81,17.15
Guadeloupe,GLP,2006,8.06,,,,0.01,,1.5,3.36
Guatemala,GTM,2001,,435.19,163.37,64.53,,300.39,207.37,3972.33
Guatemala,GTM,2002,,463.91,85.63,,,0.01,7.95,152.68
Guatemala,GTM,2003,,378.23,186.54,,,18.32,4.44,215.65
Guatemala,GTM,2004,,661.51,4051.84,,331.41,16017.15,355.59,26901.25
Guatemala,GTM,2005,,251.6,4140.1,,357.74,47265.28,493.98,28386.6
Guatemala,GTM,2006,,619.11,812.35,107.95,241.48,26427.75,283.15,15889.36
Guatemala,GTM,2007,,907.03,259.23,2.38,3.32,322.89,4.03,161.62
Guatemala,GTM,2008,,1077.58,190.97,3.8,24.42,11.15,4.04,260.14
Guatemala,GTM,2009,,744.06,232.08,,17.21,80.81,5.82,183.89
Guatemala,GTM,2010,,522.52,211.66,1.93,2.02,79.62,3.96,150.47
Guatemala,GTM,2011,,318.1,2346.4,43.69,338.94,1374.07,85.42,3256.96
Guatemala,GTM,2012,,717.69,19025.18,412.94,6576.74,15432.25,542.59,24822.28
Guatemala,GTM,2013,3292.44,709.61,14589.47,,7524.84,7167.65,288.18,12559.29
Guatemala,GTM,2014,7609.99,651.84,16792.24,46.41,858.75,15681.26,508.4,13226.93
Guatemala,GTM,2015,15073.47,705.99,4303.69,,1584.26,6695.05,209.09,3351.45
Guatemala,GTM,2016,15527.48,1013.15,6050.84,,37.02,,394.19,9546.46
Guatemala,GTM,2017,16238.25,786.99,1472.67,49.9,4875.02,2989.28,120.61,5777.53
Guatemala,GTM,2018,13582.4,874.82,936,24.3,2197,2959.46,52.35,1879.89
Guatemala,GTM,2019,15846.72,812.56,475.21,26.03,1807.85,2713.17,44.99,1446.56
Guatemala,GTM,2020,9667.89,709.31,274.97,12.5,0.71,2474.52,40.86,2045.4
Guatemala,GTM,2021,11598.03,725.83,236.75,23.67,1.23,3046.3,76.23,3207.89
Guatemala,GTM,2022,1199.63,848.05,27.04,,0.14,443.01,4.88,543.08
Guatemala,GTM,2023,7488.52,715.84,157.59,7.58,0.65,1929.66,32.75,2024.86
Guinea,GIN,2001,275.26,5.21,0.08,,126.26,1612.19,94.15,462.28
Guinea,GIN,2002,523.12,7.64,2.95,,215.31,2602.25,143,478.18
Guinea,GIN,2003,85.33,3.05,,,36.6,1074.1,49.92,159.93
Guinea,GIN,2004,105.76,2.34,3.03,,70.06,2780.08,165.05,458.4
Guinea,GIN,2005,44.39,3.49,0.91,,84.84,2217.13,110.95,203.92
Guinea,GIN,2006,108.01,4.28,0.08,,108.27,1773.06,134.51,259.5
Guinea,GIN,2007,52.06,2.8,,,92.19,4961.32,166.42,286.69
Guinea,GIN,2008,53.12,1.79,,,98.48,4111.91,70.03,336.02
Guinea,GIN,2009,15.53,4.06,0.3,,16.63,3521.85,308.33,421.76
Guinea,GIN,2010,29.75,2.09,0.08,,,2433.04,302.29,476.99
Guinea,GIN,2011,15.39,1.25,21.29,,,3386.54,368.82,1997.39
Guinea,GIN,2012,16.23,33.34,36.23,,217.02,2155.26,210.55,2062.25
Guinea,GIN,2013,13.34,303.48,266.2,,2385.9,14048.36,2149.01,18455.56
Guinea,GIN,2014,349.65,276.91,339.68,,4513.39,17274.34,5582.97,15304.89
Guinea,GIN,2015,449.77,1000,360.46,,5373.73,14174.01,6285.94,14571.94
Guinea,GIN,2016,1660.49,249.56,407.58,,17365.19,6357.78,6286.71,3382.18
Guinea,GIN,2017,1676.21,148.11,431.91,,16639.26,722.05,3843.89,2084.6
Guinea,GIN,2018,1348.49,73.61,308.44,,17030.73,1186.42,3753.7,2321.23
Guinea,GIN,2019,964.98,183.63,277.8,,8963.05,11297.32,3722.06,7467.44
Guinea,GIN,2020,558.72,654.32,15.61,,158.84,20452.08,3111.33,5829.48
Guinea,GIN,2021,746.28,73.76,50.33,,74.37,22630.71,3155.69,5844.09
Guinea,GIN,2022,573.06,60.27,9.39,,,17470.77,1881.19,2585.65
Guinea,GIN,2023,622.32,93.09,22.78,,65.04,20156.93,2624.55,4460.97
Guinea-Bissau,GNB,2001,123.06,0.02,,,,0.11,1.59,3.55
Guinea-Bissau,GNB,2002,411.61,0.21,,,,25.19,1.21,4.27
Guinea-Bissau,GNB,2003,33.4,0.02,,,,17.88,1.18,7.58
Guinea-Bissau,GNB,2004,311.55,0.14,,,,4.15,1.39,5.83
Guinea-Bissau,GNB,2005,206.4,0.04,,,,50.12,5.16,42.57
Guinea-Bissau,GNB,2006,141.68,0.02,,,,15.33,,17.16
Guinea-Bissau,GNB,2007,184.6,0.38,,,,246.38,17.69,251.18
Guinea-Bissau,GNB,2008,79.25,0.03,,,,98.84,10.04,84.94
Guinea-Bissau,GNB,2009,312.57,0.1,,,,317.57,37.66,139.56
Guinea-Bissau,GNB,2010,459.15,0.22,,,,39.48,1.74,13.44
Guinea-Bissau,GNB,2011,242.18,0.58,,,,2.11,14.14,111.15
Guinea-Bissau,GNB,2012,198.78,0.04,0.03,,,0.42,6.24,75.63
Guinea-Bissau,GNB,2013,508.81,0.1,0.75,,,0.41,108.66,1028.14
Guinea-Bissau,GNB,2014,4.57,1.33,0.49,,,629.99,4.39,524.27
Guinea-Bissau,GNB,2015,,4.25,0.2,,,223.1,,729.95
Guinea-Bissau,GNB,2016,,1.22,0.13,,,360.56,86.54,537.85
Guinea-Bissau,GNB,2017,,0.24,0.56,,,510.74,94.34,631.16
Guinea-Bissau,GNB,2018,,1.22,0.66,,,614.73,116.17,560.48
Guinea-Bissau,GNB,2019,,0.19,1.35,,,369.7,58.78,594.04
Guinea-Bissau,GNB,2020,,8.93,0.87,,,101.37,104.38,1555.84
Guinea-Bissau,GNB,2021,193.97,11.28,0.6,,,10.26,39.17,995.5
Guinea-Bissau,GNB,2022,102.24,3.11,0.51,,,60.29,37.29,1158.87
Guinea-Bissau,GNB,2023,78.16,0.02,0.5,,,40.35,42.06,959.61
Guyana,GUY,2001,180.86,,,,7.11,68.63,,190.18
Guyana,GUY,2002,132.61,,,,0.3,1.95,,8.27
Guyana,GUY,2003,970.54,,,,0.43,,,58.31
Guyana,GUY,2004,164.88,,,,0.37,0.64,0.48,8.98
Guyana,GUY,2005,265.98,,,,1.42,140.41,1.25,71.98
Guyana,GUY,2006,224.17,,,,0.97,157.67,0.81,63.1
Guyana,GUY,2007,202.81,,,,0.65,122.11,0.54,39.35
Guyana,GUY,2008,302.05,,,,1.46,222.84,1.19,71.48
Guyana,GUY,2009,346.76,,,,2.08,322.49,3.05,52.59
Guyana,GUY,2010,618.99,,,,1.59,487.04,2.96,108.68
Guyana,GUY,2011,228.05,,,,0.46,181.67,3.86,12.92
Guyana,GUY,2012,322.73,,,,0.78,280.14,10.83,34.49
Guyana,GUY,2013,200.42,,,,2.14,0.74,69.64,200.17
Guyana,GUY,2014,388.4,,,,0.08,0.36,21.02,247.44
Guyana,GUY,2015,535.19,,,,0.54,0.32,8.12,194.56
Guyana,GUY,2016,815.53,,,,2.39,240.77,0.71,141.13
Guyana,GUY,2017,672.77,,,,1.8,102.82,0.18,87.94
Guyana,GUY,2018,385.97,,,,17.64,,7.39,250.82
Guyana,GUY,2019,824.36,,,,0.14,,54.98,446.84
Guyana,GUY,2020,655.72,,,,,0.02,15.91,340.4
Guyana,GUY,2021,234.05,,,,,18.83,1.14,47.32
Guyana,GUY,2022,287.74,,,,,21.59,0.14,31.1
Guyana,GUY,2023,1256.97,,,,0.02,122.05,5.51,274.01
Haiti,HTI,2001,125.38,12.29,,,4.01,,7.17,90.18
Haiti,HTI,2002,6.55,1.28,,,16.72,18.34,34.2,76.24
Haiti,HTI,2003,2.8,0.71,,,8.27,12.48,14.77,39.08
Haiti,HTI,2004,6.86,2.14,,,32.62,89.16,40.25,96.59
Haiti,HTI,2005,66.45,18.99,,,2.62,5.28,8.46,36.78
Haiti,HTI,2006,5.14,1.43,,,1.8,43.48,12.69,41.92
Haiti,HTI,2007,0.39,0.66,,,1.55,88.37,44.24,82.28
Haiti,HTI,2008,,0.75,,,2.97,116.69,14.72,77.65
Haiti,HTI,2009,0.04,0.7,,,7.3,3.03,33.24,156.62
Haiti,HTI,2010,2.26,1.78,,,5.85,,4.52,131.27
Haiti,HTI,2011,6.48,2.44,,,5.98,28.82,38.5,131.34
Haiti,HTI,2012,13.24,5.25,,,8.68,83.1,93.14,110.15
Haiti,HTI,2013,96.46,12.25,,,2.74,1.27,30.27,89.14
Haiti,HTI,2014,222.37,6.95,,,0.22,11.62,1.6,21.88
Haiti,HTI,2015,150.6,,,,0.04,8.79,0.05,9.77
Haiti,HTI,2016,332.31,,,,1.15,,17.18,31.5
Haiti,HTI,2017,189.42,,,,0.64,,9.1,7.5
Haiti,HTI,2018,114.27,,,,1.49,,14.26,4.58
Haiti,HTI,2019,13.16,,,,0.47,28.36,0.36,13.06
Haiti,HTI,2020,11.88,,,,2.18,,2.08,52.37
Haiti,HTI,2021,22.24,,,,2.09,,,17.26
Haiti,HTI,2022,11.87,,,,,,0.48,19.09
Haiti,HTI,2023,11.22,,,,1.15,,0.56,23.17
Honduras,HND,2001,34888.76,,339.04,,336.97,38.59,39.21,1193
Honduras,HND,2002,21789.03,,1145.6,,1991.06,116.13,168.19,1678.25
Honduras,HND,2003,717.86,,4881.19,,5505.43,1821.62,749.93,2823.88
Honduras,HND,2004,4705.98,,2427.29,,370.72,9441.26,201.32,1389.45
Honduras,HND,2005,22034.48,,61.78,,2.59,17.51,0.76,14.85
Honduras,HND,2006,24400.41,,62.77,,0.72,14.12,0.36,34.03
Honduras,HND,2007,23938.22,,2151.3,,8233.26,3.36,37.1,2378.03
Honduras,HND,2008,9577.31,,3477.16,,17520.55,2177.05,46.6,5004.37
Honduras,HND,2009,11842,,4179.71,,25196.37,43.21,174.76,4068
Honduras,HND,2010,16616.76,,3686.72,,,8876.46,17.41,7870.81
Honduras,HND,2011,13555.68,,3496.62,83.9,236.69,2363.5,353.33,3706.94
Honduras,HND,2012,10130.36,,283.72,2.14,12.1,145.92,7.86,147.21
Honduras,HND,2013,21636.13,,236.68,0.59,32.47,1.38,3.22,46.39
Honduras,HND,2014,32014.73,,1546.33,0.14,4355.87,1947.62,27.53,1069.79
Honduras,HND,2015,31033.32,,1413,,6254.42,1287.97,28.11,1340.4
Honduras,HND,2016,18721.38,,1197.18,,8539.54,5.13,16.65,1024.44
Honduras,HND,2017,17591.23,,336.89,,56.93,37.52,6.22,115.34
Honduras,HND,2018,17346.22,,4728.65,1.17,702.15,221.95,236.24,761.15
Honduras,HND,2019,26098.72,,1772.05,,290.1,2776.63,64.34,92.23
Honduras,HND,2020,14940.98,,3461.73,,322.91,2989.96,148.99,5027.33
Honduras,HND,2021,14826.06,,2425.56,0.32,,3290.68,130.33,6535.46
Honduras,HND,2022,581.58,,163.93,,840.41,365.09,9.58,569.8
Honduras,HND,2023,10116.21,,1289.68,0.05,2261.32,1904.15,66.54,3238.97
Hungary,HUN,2001,6.04,3289.97,,5.41,,51.5,,171.37
Hungary,HUN,2002,3.76,3228.18,,7.85,,46.21,,128.84
Hungary,HUN,2003,,2678.4,,3.66,,46.46,,67.11
Hungary,HUN,2004,,5367.76,,2.34,,0.34,,74.61
Hungary,HUN,2005,,4507.39,,,,3,0.01,39.92
Hungary,HUN,2006,,3422.78,,,,18.02,,29.16
Hungary,HUN,2007,,3999.91,,4.35,,2.56,,51.9
Hungary,HUN,2008,,3655.37,,5.36,,18.76,,23.56
Hungary,HUN,2009,,3733.67,,4.01,,7.72,1.17,52.2
Hungary,HUN,2010,,,,1.02,,54.14,0.16,42.97
Hungary,HUN,2011,57.74,,,0.56,,52.73,,13.89
Hungary,HUN,2012,117.82,,,18.64,,23.52,,55.88
Hungary,HUN,2013,65.12,,,9.88,,28.99,,76.55
Hungary,HUN,2014,213.17,,,42.75,,7.08,,304.77
Hungary,HUN,2015,112.77,,,,,28.81,,309.8
Hungary,HUN,2016,141.07,,,,,296.97,,400.45
Hungary,HUN,2017,,,,,,308.04,,332.66
Hungary,HUN,2018,,,,,,573.81,,162.83
Hungary,HUN,2019,,,,10.8,,111.88,,170.03
Hungary,HUN,2020,41.66,,,,,62.27,,15.46
Hungary,HUN,2021,85.65,,,,,18.41,,1.56
Hungary,HUN,2022,113.91,,,,,,,
Hungary,HUN,2023,87.96,,,,,56.16,,6.7
India,IND,2001,8333.49,9027.19,0.15,4010.19,67.29,5608.24,955.12,28737.24
India,IND,2002,26843.2,7191.95,0.68,1509.1,22.87,4997.5,255.85,7628.92
India,IND,2003,25632.36,6416.68,4.33,1419.34,22.58,2468.7,215.06,6784.25
India,IND,2004,47527.14,10043.14,0.08,179.94,3.17,588.7,40.37,1159.95
India,IND,2005,16395.75,8674.19,1.14,1983.83,16.77,4531.78,327.17,6826.83
India,IND,2006,736.6,7997.53,0.91,8891.25,87.14,10879.7,1880.19,28104.15
India,IND,2007,2989.32,8413.5,6.15,4513.87,190.29,6663.2,619.31,39435.97
India,IND,2008,6140.65,9457.82,1.75,2534.81,153.76,6590.32,254.54,48224.63
India,IND,2009,20765.42,7944.45,0.15,368.46,15.71,1132.25,26.24,3814.66
India,IND,2010,1754.52,5509.2,,6225.77,116.62,9831.25,451.76,19098.23
India,IND,2011,8011.48,8186.85,9.12,6879.27,268.18,16344.45,1273.2,35460.71
India,IND,2012,11185.86,9714.69,0.99,7849.23,658.04,28062.05,1598.22,23812.82
India,IND,2013,20638.47,9352.16,1.06,,476,5012.25,904.75,42054.87
India,IND,2014,84915.34,13038.65,1.75,141.62,116.4,754.02,257.55,13875.8
India,IND,2015,77496.67,10673.24,3.11,,15,1205.21,122.69,16093.22
India,IND,2016,115134.75,14922.87,12.24,,58.98,1529.9,254.08,29337.55
India,IND,2017,139942,11144.55,4.1,247.07,3.67,634.55,,1443.14
India,IND,2018,74276.55,6769.71,2.05,10153.78,93.74,16252.13,454.86,19999.05
India,IND,2019,25258.33,6996.17,14.52,4815.21,165.75,29778.54,294.04,49030.05
India,IND,2020,,9866.94,15.66,7862.55,270.75,30645.05,2496.24,80922.36
India,IND,2021,1389.36,9089.22,32.31,2057.62,259.83,33655.51,1092.05,79201.43
India,IND,2022,3281.77,8539.53,47.29,13870.41,44.38,38148.05,1612.65,50480.99
India,IND,2023,2099.43,8049.77,55.43,10055.56,180.89,38866.76,1887.67,73689.51
Indonesia,IDN,2001,223.68,24165.25,162990.02,,1705.55,9837.14,68.08,5328.28
Indonesia,IDN,2002,172.09,31340.89,192542.98,404.43,2048.82,11939.78,27.76,9264.02
Indonesia,IDN,2003,563.27,12434.43,119755.88,612.26,,7443.87,6.84,6073.32
Indonesia,IDN,2004,1400.95,69352.78,406747.5,,,24426.53,12.39,31790.49
Indonesia,IDN,2005,1570.47,59173.5,440118.75,,10215.53,22978.31,40.9,27702.18
Indonesia,IDN,2006,2663.68,61197.62,540404.2,2715.76,13008.41,32128.95,366.88,30735.07
Indonesia,IDN,2007,5545.15,83970.21,486978.62,4015.85,14485.44,26707.02,165.18,22050.26
Indonesia,IDN,2008,4437.24,74111.07,554809.9,2544.54,25766.76,13899.49,453.92,33948.73
Indonesia,IDN,2009,9110.29,60958.64,807542,1651.44,6519.41,65604.96,3410.72,31950.35
Indonesia,IDN,2010,2932.71,100200.91,519178.1,,8222.91,14370.42,1094.65,56661.25
Indonesia,IDN,2011,6205.84,116092.91,592841.25,,,25715.61,2576.5,69518.48
Indonesia,IDN,2012,19006.58,137828.11,806187.06,1935.59,10526.02,98246.86,4908.57,45357.05
Indonesia,IDN,2013,8650.64,50988.45,385977.6,1763.6,,55779.82,,24102.4
Indonesia,IDN,2014,28734.91,33346.25,481390.2,,726.47,109109.17,103.61,39685.92
Indonesia,IDN,2015,6402.78,43666.06,314382.06,18762.86,3896.16,23371.88,1354.32,77311.79
Indonesia,IDN,2016,11515.19,72710.3,261041.98,,5171.52,28641.88,544.26,147198.03
Indonesia,IDN,2017,4348.48,49859.65,189772.02,,2702.75,19748.74,,93386.15
Indonesia,IDN,2018,5913.58,35919.41,185446.38,,5621.32,16491.93,652.13,82860.02
Indonesia,IDN,2019,9596.2,37910.52,124941.66,,4082.1,18668.26,5696.32,74654.49
Indonesia,IDN,2020,10993.27,18141.07,94225.01,1641.73,1030.01,9876.59,807.69,18633.55
Indonesia,IDN,2021,13682.51,10654.35,54976.68,4278.33,,15153.48,393.25,14035.66
Indonesia,IDN,2022,9255.22,5633.73,47497.35,7908.52,333.95,3989.9,166.41,13653.66
Indonesia,IDN,2023,8083.75,5805.08,67376.75,3651.87,300.45,10260.08,301.99,10520.51
Iran,IRN,2001,18.93,6.47,,3.13,,116.68,0.8,38.22
Iran,IRN,2002,,24.77,,2.14,,116.53,3.52,68.06
Iran,IRN,2003,,10.22,,3.16,,97.3,,72.24
Iran,IRN,2004,,16.04,,,,47.09,,38
Iran,IRN,2005,30,18,,0.19,,0.12,,17.19
Iran,IRN,2006,23.63,11.74,,,,0.18,,12.17
Iran,IRN,2007,24.14,13.87,,,,,,8.21
Iran,IRN,2008,45.99,18.96,,,,19.08,,4.07
Iran,IRN,2009,33.87,15.73,,,,1.15,0.2,3.04
Iran,IRN,2010,35.42,,,,,3.04,0.37,17.67
Iran,IRN,2011,52.44,,,0.01,,2.23,,8.86
Iran,IRN,2012,122.01,,,,,5.69,,14.96
Iran,IRN,2013,13.69,2.67,,,,3.44,0.01,9.72
Iran,IRN,2014,1.54,0.82,,,,3.46,,17.51
Iran,IRN,2016,0.01,0.32,,0.02,,0.28,,0.08
Iran,IRN,2017,0.57,1.93,,0.47,,25.36,,2.41
Iran,IRN,2018,0.41,6.07,,0.05,,1.84,0.01,1.3
Iran,IRN,2019,2.45,3.89,,0.18,,6.49,,0.94
Iran,IRN,2020,0.85,0.78,,,,0.86,,0.7
Iran,IRN,2021,0.21,0.26,,,,0.19,,0.01
Iran,IRN,2022,0.71,0.56,,,,0.02,,0.66
Iran,IRN,2023,1.16,2.87,,,,0.89,,0.53
Iraq,IRQ,2001,1.54,0.02,,,,8.34,0.02,1.28
Iraq,IRQ,2002,0.93,0.02,,,,2.96,,0.26
Iraq,IRQ,2003,0.46,0.01,,,,3.91,,2.92
Iraq,IRQ,2004,0.06,0.06,,,,1.22,,0.45
Iraq,IRQ,2005,1.93,0.04,,,,0.16,,1.02
Iraq,IRQ,2006,2.91,0.08,,,,0.67,,1.57
Iraq,IRQ,2007,3.91,0.12,,,,,,2.86
Iraq,IRQ,2008,0.15,0.01,,,,14.68,0.13,0.95
Iraq,IRQ,2009,,0.01,,,,5.74,0.24,0.92
Iraq,IRQ,2010,0.01,0.01,,,,5.74,0.22,1.3
Iraq,IRQ,2011,,,,,,2.38,,0.27
Iraq,IRQ,2012,0.01,,,,,1.39,,4.79
Iraq,IRQ,2013,,,,,,0.05,,2.47
Iraq,IRQ,2014,0.06,0.1,,,,0.09,,1.12
Iraq,IRQ,2016,0.01,0.02,,,,0.19,,0.01
Iraq,IRQ,2017,0.01,0.03,,,,0.31,,0.01
Iraq,IRQ,2019,,,,,,,,0.04
Iraq,IRQ,2023,0.01,0.05,,,,,,
Ireland,IRL,2001,,3530.04,,,,2154.52,,157.55
Ireland,IRL,2002,,2124.18,,,,71.41,,80.04
Ireland,IRL,2003,,931.23,,,,8.75,,22.44
Ireland,IRL,2004,506.49,2782.33,,,,41.34,,88.59
Ireland,IRL,2005,885.78,2871.14,,,,63.68,,4.23
Ireland,IRL,2006,622.34,2030.4,,,,37.18,0.98,2.91
Ireland,IRL,2007,451.09,3286.35,,,,62.32,4.27,19.82
Ireland,IRL,2008,,2047.25,,,,,,119.73
Ireland,IRL,2009,,2277.44,,,,306.57,,236.61
Ireland,IRL,2010,,1176.54,,,,186.78,,28.3
Ireland,IRL,2011,,888.49,,,,252.26,,18.15
Ireland,IRL,2012,,1517.06,,,,35.92,,32.76
Ireland,IRL,2013,21.89,1460.41,,,,5.64,,6.74
Ireland,IRL,2014,33.73,1897.3,,,,3.54,,7.71
Ireland,IRL,2015,22.33,1517.49,,,,,,5.94
Ireland,IRL,2016,21.52,3403.33,,,,11.15,,14.31
Ireland,IRL,2017,30.06,2620.49,,,,54.93,,3.59
Ireland,IRL,2018,,3891.77,,,,48.79,2.28,8.49
Ireland,IRL,2019,,4000,,,,27.37,,14.24
Ireland,IRL,2020,,3573.95,,,,,,
Ireland,IRL,2021,,4000,,,,2.87,,20.13
Ireland,IRL,2022,,3822.1,,,,,,
Ireland,IRL,2023,,3760.45,,,,3.92,,20.29
Israel,ISR,2001,9.83,,,,,4.68,9.94,33.34
Israel,ISR,2002,6.57,,,,,6.45,6.27,21.01
Israel,ISR,2003,3.13,,,,,4.78,0.73,3.96
Israel,ISR,2004,4.75,,,,,6.57,0.44,5.45
Israel,ISR,2005,4.37,,,,,0.36,1.41,8.75
Israel,ISR,2006,0.84,,,,,1.65,1.39,10.19
Israel,ISR,2007,,,,,,1.1,,11.78
Israel,ISR,2008,2.57,,,,,1.57,0.69,18.29
Israel,ISR,2009,0.57,,,,,2.79,,35.23
Israel,ISR,2010,2.24,,,,,0.87,0.57,20.19
Israel,ISR,2011,0.09,,,,,1.6,0.15,19.77
Israel,ISR,2012,0.49,,,,,1.49,1.41,15.36
Israel,ISR,2013,1.8,,,,,0.3,0.15,5.29
Israel,ISR,2014,0.69,,,,,0.04,0.01,9.5
Israel,ISR,2015,0.16,,,,,1.09,0.22,9.81
Israel,ISR,2016,,,,,,0.23,,12.96
Israel,ISR,2017,2.15,,,,,3.44,,13.69
Israel,ISR,2018,1.31,,,,,5.61,,4.04
Israel,ISR,2019,1.37,,,,,6.49,,2.85
Israel,ISR,2020,0.27,,,,,1.17,,0.48
Israel,ISR,2021,0.26,,,,,0.02,0.01,0.68
Israel,ISR,2022,0.07,,,,,,0.05,0.66
Israel,ISR,2023,0.82,,,,,1.84,0.1,3.2
Italy,ITA,2001,1447.62,,,,,606.09,0.64,182.87
Italy,ITA,2002,1095.44,,,1.4,,137.87,0.26,269.3
Italy,ITA,2003,,,,53.14,,102.41,0.11,122.97
Italy,ITA,2004,1849.73,,,,,444.18,,284.25
Italy,ITA,2005,937.16,,,,,281.42,0.98,84.84
Italy,ITA,2006,1423.06,,,,,94.28,,357.69
Italy,ITA,2007,1501.26,,,68.85,,83.53,0.06,262.95
Italy,ITA,2008,1643.27,66,,232.25,,153.01,0.34,140.83
Italy,ITA,2009,,224,,281.41,,1492.2,,403.93
Italy,ITA,2010,,382,,64.12,,247.71,,125.87
Italy,ITA,2011,,382,,91.58,,228.27,,50.38
Italy,ITA,2012,,382,,175.12,,57.46,0.11,97.25
Italy,ITA,2013,,381.33,,632.96,,342.41,2.1,322.94
Italy,ITA,2014,,380.67,,713.09,,437.83,0.6,410.84
Italy,ITA,2015,,380,,147.06,,290.05,,840.64
Italy,ITA,2016,513.15,380,,,,244.36,,1500.44
Italy,ITA,2017,,380,,,,407.22,,2279.83
Italy,ITA,2018,,380,,,,156.2,4.2,1429.01
Italy,ITA,2019,,380,,622.74,,266.19,1.98,419.38
Italy,ITA,2020,726.2,380,,29.76,,101.72,,25.29
Italy,ITA,2021,727.14,380,,15.25,,114.33,,30.59
Italy,ITA,2022,768.78,380,,,,91.52,,40.97
Italy,ITA,2023,1129.18,380,,18.31,,164.46,,56.16
Jamaica,JAM,2001,56.24,0.05,,,0.43,,0.18,26.19
Jamaica,JAM,2002,72.43,0.08,,,28.84,0.51,4.7,14.06
Jamaica,JAM,2003,61.83,0.12,,,13.1,,0.93,19.25
Jamaica,JAM,2004,184.04,0.37,,,11.8,0.12,1.26,17.3
Jamaica,JAM,2005,290.57,4.39,,,1.69,0.01,0.06,6.65
Jamaica,JAM,2006,96.13,0.09,,,19.54,1.59,1.98,12.53
Jamaica,JAM,2007,48.64,2,,,0.58,1.25,4.01,6.62
Jamaica,JAM,2008,114.87,0.08,,,,0.92,5.41,15.42
Jamaica,JAM,2009,118.17,0.45,,,0.89,1.56,7.62,23.12
Jamaica,JAM,2010,72.73,0.76,,,,0.72,1.62,14.1
Jamaica,JAM,2011,119.35,0.66,,,7.85,0.24,1.77,20.65
Jamaica,JAM,2012,168.44,1.1,,,0.45,,3.45,12.2
Jamaica,JAM,2013,70.52,0.24,,,4.89,,4.27,19.27
Jamaica,JAM,2014,86.68,0.38,,,,,9.15,44.98
Jamaica,JAM,2015,23.72,0.12,,,4.63,,5.69,42.14
Jamaica,JAM,2016,44.74,0.5,,,,,3.76,27.78
Jamaica,JAM,2017,60.73,0.32,,,,,29.16,53.52
Jamaica,JAM,2018,80.24,4.94,,,,0.03,36.06,63.51
Jamaica,JAM,2019,54.24,0.12,,,7.39,2.41,30.18,70.8
Jamaica,JAM,2020,39.25,0.34,,,17.14,1.36,11.84,41.16
Jamaica,JAM,2021,20.63,0.11,,,14.4,0.82,5.77,24.64
Jamaica,JAM,2022,21.14,0.32,,,23.94,,0.19,11.14
Jamaica,JAM,2023,50.35,0.09,,,34.93,1.37,10.99,47.03
Japan,JPN,2001,,,,,,330.58,,249.63
Japan,JPN,2002,,,,,,259.47,2.03,155.39
Japan,JPN,2003,,,,,,612.63,21.36,294.82
Japan,JPN,2004,1.68,,,111.21,,240.18,29.66,1650.17
Japan,JPN,2005,55.97,,,654.28,,300.76,,738.63
Japan,JPN,2006,58.57,,,234.91,,379.53,,937.29
Japan,JPN,2007,80.45,,,,,617.65,,1033.43
Japan,JPN,2008,104.99,,,,,1309.29,0.8,396.22
Japan,JPN,2009,120.46,,,,,1341.91,2.05,251.77
Japan,JPN,2010,133.91,,,,,1253.36,,233.97
Japan,JPN,2011,130.36,,,,,656.18,,902.41
Japan,JPN,2012,238.76,,,1191.03,,608.4,,631.69
Japan,JPN,2013,59.18,,,433.13,,146.38,,166.35
Japan,JPN,2014,12.67,,,683.19,,188.76,2.2,272.4
Japan,JPN,2015,,,,52.29,,92.38,22.17,64.61
Japan,JPN,2016,,,,,,360.69,0.53,402.37
Japan,JPN,2017,,,,,,722.25,,870.2
Japan,JPN,2018,,,,,,769.9,,256.55
Japan,JPN,2019,,,,93.82,,229.87,,36.16
Japan,JPN,2020,527.12,,,,,,,
Japan,JPN,2021,267.25,,,73.07,,118.67,0.12,22.3
Japan,JPN,2022,255.37,,,68.05,,136.11,2.83,65.71
Japan,JPN,2023,276.54,,,62.8,,105.55,0.73,26.93
Jordan,JOR,2001,,,,,,0.24,0.02,0.26
Jordan,JOR,2002,0.2,,,,,,,
Jordan,JOR,2004,0.2,,,,,,,
Jordan,JOR,2005,0.06,,,,,,,
Jordan,JOR,2007,,,,,,,0.01,0.03
Jordan,JOR,2012,,,,,,0.06,0.01,0.05
Jordan,JOR,2014,0.39,,,,,,,
Jordan,JOR,2015,0.39,,,,,,,
Jordan,JOR,2017,,,,,,0.04,,
Jordan,JOR,2019,0.03,,,,,,,0.22
Jordan,JOR,2020,0.05,,,,,,0.01,0.02
Kazakhstan,KAZ,2001,,,,6.3,,258.53,0.91,87.69
Kazakhstan,KAZ,2002,,,,28.04,,291.67,6.57,384.9
Kazakhstan,KAZ,2003,,,,8.2,,271.22,,61.6
Kazakhstan,KAZ,2004,,,,5.76,,409.77,,58.81
Kazakhstan,KAZ,2005,,,,2.46,,308.65,,32.84
Kazakhstan,KAZ,2006,,,,0.83,,351.8,2.28,61.07
Kazakhstan,KAZ,2007,398.49,,,0.25,,10.56,0.46,19.25
Kazakhstan,KAZ,2008,380.02,,,0.27,,14.61,0.3,14.87
Kazakhstan,KAZ,2009,700.59,,,1.16,,6.68,0.67,22.21
Kazakhstan,KAZ,2010,,,,16.49,,283.18,2.31,160.21
Kazakhstan,KAZ,2011,,,,33.05,,355.37,0.78,326.2
Kazakhstan,KAZ,2012,,,,12.65,,357.59,0.81,268.13
Kazakhstan,KAZ,2013,,,,1.46,,72.56,0.98,282.23
Kazakhstan,KAZ,2014,,,,0.46,,14.55,,64.92
Kazakhstan,KAZ,2015,8.67,,,0.1,,3.14,0.01,8.92
Kazakhstan,KAZ,2016,,,,0.12,,4.17,,3.31
Kazakhstan,KAZ,2017,54.09,,,,,1.59,,1.02
Kazakhstan,KAZ,2018,63.15,,,,,0.16,,0.06
Kazakhstan,KAZ,2019,36.79,,,,,9.66,0.02,5.72
Kazakhstan,KAZ,2020,35.8,,,,,9.92,,7.48
Kazakhstan,KAZ,2021,22.54,,,,,2.97,,2.63
Kazakhstan,KAZ,2022,42.47,,,,,7.82,,4.14
Kazakhstan,KAZ,2023,103.96,,,,,21.78,,15.3
Kenya,KEN,2001,3402.93,0.38,,1.84,,2856.76,711.21,9638.2
Kenya,KEN,2002,1481.65,,,0.84,,7505.27,822.48,7182.95
Kenya,KEN,2003,1030.19,0.46,,1.52,,5569.12,602.62,4507.71
Kenya,KEN,2004,3279.33,,,1.45,,7759.71,10.16,4759.47
Kenya,KEN,2005,2177.69,0.08,,8.48,,120.59,938.39,8985.32
Kenya,KEN,2006,2271.64,0.85,,53.91,,1148.05,597.89,14257.79
Kenya,KEN,2007,2083.32,0.31,,,,14622.44,1148.61,4682.52
Kenya,KEN,2008,564.56,1.31,,,,8840.64,83.75,7905.45
Kenya,KEN,2009,301.91,,,,,6718.62,471.36,9442.91
Kenya,KEN,2010,313.42,,,8.68,,4060.01,706.59,15483.99
Kenya,KEN,2011,420.31,4.46,,16.16,,1525.28,112.03,13482.19
Kenya,KEN,2012,3871.61,0.54,,25.59,111.52,,176.91,10467.46
Kenya,KEN,2013,1471.26,0.46,,4.03,99.68,5090.38,9.21,4151.08
Kenya,KEN,2014,7945.36,,,3.53,92.08,39.22,1120.64,3030.18
Kenya,KEN,2015,726.88,,,,40.09,5108.88,1841.15,3318.08
Kenya,KEN,2016,2151.55,0.08,,5,153.01,3081.54,2471.86,6446.22
Kenya,KEN,2017,3146.87,0.54,,,160.96,2142.57,347.48,10724.35
Kenya,KEN,2018,5775.45,,,98.48,,862.26,76.14,5610.48
Kenya,KEN,2019,6163.45,,,58.72,,317.44,513.59,5518.84
Kenya,KEN,2020,5005.98,,,111.08,,3970.86,968.72,3970.98
Kenya,KEN,2021,2105.61,,,55.08,29.13,2143.05,302.33,2746.91
Kenya,KEN,2022,1534.52,,,42.33,19.77,2725.75,135.55,1004
Kenya,KEN,2023,2718.72,,,67.74,24.93,3363.32,356.74,2331.91
Kyrgyzstan,KGZ,2001,87.53,,,0.53,,36.05,11.12,52.48
Kyrgyzstan,KGZ,2002,88.33,,,0.01,,13.36,6.88,15
Kyrgyzstan,KGZ,2003,,,,,,1.34,,2.52
Kyrgyzstan,KGZ,2004,51.53,,,,,6.16,0.29,8.33
Kyrgyzstan,KGZ,2005,19.61,,,,,3.45,0.8,2.86
Kyrgyzstan,KGZ,2006,,,,,,16.29,3.56,12.64
Kyrgyzstan,KGZ,2007,,,,0.09,,20.13,,8.57
Kyrgyzstan,KGZ,2008,,,,0.07,,1.18,,27.23
Kyrgyzstan,KGZ,2009,10.92,,,0.03,,16.42,,16.17
Kyrgyzstan,KGZ,2010,,,,0.07,,44.37,,55.51
Kyrgyzstan,KGZ,2011,,,,0.23,,26.93,,10.28
Kyrgyzstan,KGZ,2012,7.4,,,0.14,,6.95,0.55,12.72
Kyrgyzstan,KGZ,2013,1.2,,,0.02,,1.21,0.04,1.6
Kyrgyzstan,KGZ,2014,0.18,,,,,0.11,0.01,0.14
Kyrgyzstan,KGZ,2016,,,,0.03,,1.57,,1.34
Kyrgyzstan,KGZ,2017,,,,,,11.72,,4.49
Kyrgyzstan,KGZ,2018,0.23,,,,,0.09,,0.01
Kyrgyzstan,KGZ,2019,0.03,,,,,0.02,,
Kyrgyzstan,KGZ,2021,0.09,,,,,0.07,,0.01
Kyrgyzstan,KGZ,2022,0.74,,,,,0.28,,0.14
Laos,LAO,2001,,372.31,,169.93,388.94,3893.7,551.03,1790.74
Laos,LAO,2002,,241.84,,721.43,719.74,5617.45,319.03,1724.06
Laos,LAO,2003,,240.2,,,556.76,6491.44,1555.99,1690.44
Laos,LAO,2004,,365.85,,173.46,531.43,6777,205.36,933.89
Laos,LAO,2005,,254.95,,,203.3,6783.05,280.03,728.29
Laos,LAO,2006,,736.68,,191.41,478.66,9189.99,1895.38,2933.08
Laos,LAO,2007,,903.06,,,282.85,9732.22,2511.37,3721.71
Laos,LAO,2008,,388.86,,29.38,276.92,1679.46,3306.15,4318.25
Laos,LAO,2009,29.6,677.85,,,345.82,9505.07,5486.09,2348.78
Laos,LAO,2010,323.4,449.39,,162.16,657.4,4016.4,4926.58,8518.31
Laos,LAO,2011,631.23,233.18,,73.4,625.61,7513.57,2596.75,5035.61
Laos,LAO,2012,633.03,277.27,,371.79,960.75,4504.11,3667.46,8200.13
Laos,LAO,2013,1026.12,186.99,,121.88,790.3,5131.02,3330.17,4490.53
Laos,LAO,2014,5645.19,455.25,,,917.14,256.61,1708.35,3447.62
Laos,LAO,2015,5508.06,493.12,,,492.1,246.36,1302.79,4242.67
Laos,LAO,2016,10068.12,917.02,,,886.41,384.88,2426.16,5099.17
Laos,LAO,2017,13739.16,591.59,,,66.73,426.4,2476.18,2531.4
Laos,LAO,2018,14731.34,744.89,,,8.66,478.61,1292.08,880.38
Laos,LAO,2019,14601.19,817.27,,,95,254.54,3706.85,2099.93
Laos,LAO,2020,14489.48,916.3,,,1354.85,,20571.06,14969.49
Laos,LAO,2021,12560.39,653.73,,,1251.93,2884.28,18653.49,15132.44
Laos,LAO,2022,18872.27,542.76,,139.41,520.1,17846.51,8508.71,12584.88
Laos,LAO,2023,18936.76,756.59,,66.66,1237.83,9851.15,18924.86,17540.33
Latvia,LVA,2001,36.56,657,,,,21.8,,136.06
Latvia,LVA,2002,16.75,657,,,,64.18,,64.73
Latvia,LVA,2003,4.24,657,,,,31.26,,22.08
Latvia,LVA,2004,13.13,657,,,,75.12,,51.4
Latvia,LVA,2005,58,657,,,,184.2,,32.39
Latvia,LVA,2006,173.51,657,,,,21.54,,7.01
Latvia,LVA,2007,,657,,,,21.31,,17.03
Latvia,LVA,2008,84.12,831.33,,,,21.21,,25
Latvia,LVA,2009,46.76,1005.67,,,,146,,61.95
Latvia,LVA,2010,211.31,1180,,,,137.23,,54.99
Latvia,LVA,2011,41.99,1180,,,,270.6,,28.29
Latvia,LVA,2012,,1180,,,,190.09,,53.07
Latvia,LVA,2013,,1180,,,,102.08,,39.64
Latvia,LVA,2014,,1180,,,,175.22,,170.86
Latvia,LVA,2015,,1180,,,,151.86,,186.84
Latvia,LVA,2016,16.59,1180,,,,211.7,,302.45
Latvia,LVA,2017,,1180,,,,281.55,,162.16
Latvia,LVA,2018,,1180,,,,328.53,,90.19
Latvia,LVA,2019,,1180,,,,150.78,,98.03
Latvia,LVA,2020,,1180,,,,77.41,,77.76
Latvia,LVA,2021,99.14,1180,,,,,,
Latvia,LVA,2022,,1180,,,,55.11,0.85,69.31
Latvia,LVA,2023,19.37,1180,,,,57.03,0.97,72.46
Lebanon,LBN,2001,8.31,,,,,3.16,2.79,4.63
Lebanon,LBN,2002,2.69,,,,,2.7,0.83,2.92
Lebanon,LBN,2003,1.67,,,,,1.91,0.15,1.6
Lebanon,LBN,2004,1.85,,,,,2.15,0.13,1.08
Lebanon,LBN,2005,8.06,,,,,0.42,0.39,5.72
Lebanon,LBN,2006,2.69,,,,,0.38,0.01,8.59
Lebanon,LBN,2007,4.87,,,,,0.17,,3.35
Lebanon,LBN,2008,5.72,,,,,,,11.85
Lebanon,LBN,2009,5,,,,,6.47,,7.25
Lebanon,LBN,2010,,,,,,5.22,1.34,2.48
Lebanon,LBN,2011,,,,,,0.08,3.24,7.78
Lebanon,LBN,2012,0.82,,,,,0.06,5.34,14.54
Lebanon,LBN,2013,0.33,,,,,,2.21,8.93
Lebanon,LBN,2014,0.14,,,,,2.13,1.73,6.46
Lebanon,LBN,2015,0.04,,,,,0.08,1.29,5.28
Lebanon,LBN,2016,1.29,,,,,0.58,0.01,20.56
Lebanon,LBN,2017,1.21,,,,,0.02,1.93,31.67
Lebanon,LBN,2018,,,,,,3.71,0.11,5.34
Lebanon,LBN,2019,0.11,,,,,0.06,3.64,8.8
Lebanon,LBN,2020,0.93,,,,,,0.16,1.69
Lebanon,LBN,2021,1.35,,,,,,,
Lebanon,LBN,2022,1.8,,,,,,,
Lebanon,LBN,2023,1.26,,,,,,0.01,0.39
Lesotho,LSO,2001,1.67,,,,,0.18,0.05,0.18
Lesotho,LSO,2002,1.09,,,,,0.82,0.03,1.28
Lesotho,LSO,2003,1.83,,,,,0.32,,0.59
Lesotho,LSO,2004,1.19,,,,,0.89,0.01,3.75
Lesotho,LSO,2005,,,,,,2.92,0.02,0.36
Lesotho,LSO,2006,0.03,,,,,2.14,0.01,0.03
Lesotho,LSO,2007,3.19,,,,,0.33,0.01,0.07
Lesotho,LSO,2008,4.33,,,,,0.02,0.08,0.44
Lesotho,LSO,2009,4.67,,,,,0.01,0.03,0.17
Lesotho,LSO,2010,1.55,,,,,,0.12,0.01
Lesotho,LSO,2011,3.83,,,,,0.06,,
Lesotho,LSO,2012,2.35,,,,,0.19,0.03,0.26
Lesotho,LSO,2013,0.01,,,,,3.06,,2.72
Lesotho,LSO,2014,,,,,,5.4,,0.4
Lesotho,LSO,2015,,,,,,0.37,,0.02
Lesotho,LSO,2016,7.31,,,,,0.39,0.01,0.01
Lesotho,LSO,2017,2.96,,,,,,0.07,0.6
Lesotho,LSO,2018,1.35,,,,,,,
Lesotho,LSO,2019,0.15,,,,,1.71,,0.5
Lesotho,LSO,2020,0.54,,,,,1.16,,0.12
Lesotho,LSO,2021,,,,,,2.35,,
Lesotho,LSO,2022,,,,,,1.33,,
Lesotho,LSO,2023,,,,,,0.13,,
Liberia,LBR,2001,24302.31,1926.36,103.62,,346.39,,143.85,743.88
Liberia,LBR,2002,30958.39,861,259.78,1.9,476.3,,268.93,607.66
Liberia,LBR,2003,18670.22,861,125.67,6.92,57.44,477.45,391.7,261.03
Liberia,LBR,2004,5495.27,329.27,32.97,1.22,,163.21,11.16,125.99
Liberia,LBR,2005,8258.47,493.79,39.32,14.74,220.85,1932.42,14.16,164.47
Liberia,LBR,2006,18818,861,107.48,,2265.49,12684.58,7.12,527.55
Liberia,LBR,2007,16093.24,861,87.58,,4529.51,14249.2,,799.41
Liberia,LBR,2008,4981.47,860.67,181.65,,11927.38,16107.51,,1256.33
Liberia,LBR,2009,10168.09,1438.16,310.23,,13227.59,,1472.36,8361.33
Liberia,LBR,2010,7912.16,860,130.46,77.04,7048.09,376.09,1847.85,1453.46
Liberia,LBR,2011,27782.26,1566.17,1235.01,34.84,,,1177.57,337.29
Liberia,LBR,2012,35141.22,1899.68,2802.17,0.06,,12.55,5.23,6.84
Liberia,LBR,2013,35013.2,3087.01,3941.7,,12.22,7.89,4.64,5.15
Liberia,LBR,2014,35797.48,2560.75,3297.2,,4.41,1.45,0.03,14
Liberia,LBR,2015,32217.09,1503.73,714.62,6.27,834.56,,3.05,3677.36
Liberia,LBR,2016,28147.24,1408.66,239.75,37.31,,,5.19,8963.84
Liberia,LBR,2017,17234.26,1138.25,185.02,16.87,2726.73,728.15,685.44,2467.83
Liberia,LBR,2018,7374.44,864.44,136.6,5.13,3292.12,237.64,360.92,1666.75
Liberia,LBR,2019,1627.77,862.59,78.76,0.96,2453.25,675.27,3.6,1390.58
Liberia,LBR,2020,1775.07,863.46,36.07,5.76,868.45,,178.86,2846.64
Liberia,LBR,2021,1514.56,863.52,55.6,10.78,1.06,,3.53,4572.35
Liberia,LBR,2022,1459.17,862.59,21.14,7.83,,,2.52,4429.03
Liberia,LBR,2023,1582.93,863.19,36.68,7.76,383.77,,80.69,3837.63
Libya,LBY,2001,3.58,,,,,0.01,,0.31
Libya,LBY,2002,1.37,,,,,0.06,0.01,0.18
Libya,LBY,2003,3.51,,,,,0.15,0.03,0.4
Libya,LBY,2004,1.02,,,,,0.65,0.15,0.11
Libya,LBY,2005,0.63,,,,,0.15,,1.68
Libya,LBY,2006,0.35,,,,,0.16,,1.69
Libya,LBY,2007,1.56,,,,,,,
Libya,LBY,2008,1.49,,,,,0.04,,0.02
Libya,LBY,2009,0.78,,,,,0.09,,0.03
Libya,LBY,2010,0.31,,,,,1.55,,0.54
Libya,LBY,2011,0.77,,,,,1.25,,0.96
Libya,LBY,2012,0.42,,,,,0.01,,1.33
Libya,LBY,2013,0.57,,,,,1,0.25,0.52
Libya,LBY,2014,0.09,,,,,,0.49,0.98
Libya,LBY,2015,0.07,,,,,0.17,,0.01
Libya,LBY,2016,0.09,,,,,,0.06,0.48
Libya,LBY,2017,0.34,,,,,3.59,0.43,0.25
Libya,LBY,2018,0.18,,,,,,,1.38
Libya,LBY,2019,0.05,,,,,0.01,,0.76
Libya,LBY,2021,0.08,,,,,0.07,0.05,0.09
Libya,LBY,2023,0.17,,,,,0.13,0.1,0.25
Lithuania,LTU,2001,,,,,,4.11,,6.8
Lithuania,LTU,2002,,,,,,49.81,,39.43
Lithuania,LTU,2003,,,,,,13.95,,13.22
Lithuania,LTU,2004,,,,,,80.41,,62.08
Lithuania,LTU,2005,,,,,,11.48,,14.09
Lithuania,LTU,2006,,,,,,66.68,,15.76
Lithuania,LTU,2007,,,,,,77.45,,41.56
Lithuania,LTU,2008,,,,,,35.9,,32.65
Lithuania,LTU,2009,,,,,,45.37,,27.25
Lithuania,LTU,2010,,,,,,126.46,,14.92
Lithuania,LTU,2011,,,,,,89.38,,18.92
Lithuania,LTU,2012,89.26,,,,,20.81,,16.49
Lithuania,LTU,2013,63.11,,,,,10.26,,11.38
Lithuania,LTU,2014,133.97,,,,,14.32,,28.12
Lithuania,LTU,2015,86.22,,,0.23,,16.09,,20.25
Lithuania,LTU,2016,,,,1.86,,75.38,,170.25
Lithuania,LTU,2017,,,,1.16,,130.83,,111.09
Lithuania,LTU,2018,,,,,,77.67,,50.96
Lithuania,LTU,2019,,,,0.14,,53.73,,72.87
Lithuania,LTU,2020,,,,,,37.6,,45.17
Lithuania,LTU,2021,,,,,,35.27,,36.94
Lithuania,LTU,2022,,,,,,57.08,,41.05
Lithuania,LTU,2023,,,,,,150.32,,132.2
Luxembourg,LUX,2001,0.72,,,,,4.7,,1.84
Luxembourg,LUX,2002,1.41,,,,,0.77,,1.38
Luxembourg,LUX,2003,1.65,,,,,1.24,,0.76
Luxembourg,LUX,2004,2.25,,,,,1.09,,1.1
Luxembourg,LUX,2005,,,,,,1.62,,0.54
Luxembourg,LUX,2006,0.4,,,,,8.57,0.04,0.53
Luxembourg,LUX,2007,,,,,,4.67,,0.04
Luxembourg,LUX,2008,7.68,,,,,3.64,0.13,0.81
Luxembourg,LUX,2009,,,,,,4.54,,0.04
Luxembourg,LUX,2010,,,,,,9.98,,2.06
Luxembourg,LUX,2011,,,,,,7.05,,1.61
Luxembourg,LUX,2012,,,,,,4.68,,3.11
Luxembourg,LUX,2013,3.11,,,,,0.36,0.02,0.77
Luxembourg,LUX,2014,2.53,,,,,2.18,0.02,0.48
Luxembourg,LUX,2015,2.16,,,,,2.27,0.33,1.15
Luxembourg,LUX,2016,2.32,,,,,3.36,,0.84
Luxembourg,LUX,2017,3.46,,,0.12,,5.43,,2.92
Luxembourg,LUX,2018,0.98,,,0.03,,2.86,,1.05
Luxembourg,LUX,2019,1.84,,,0.01,,0.84,0.05,0.69
Luxembourg,LUX,2020,4.32,,,,,,,
Luxembourg,LUX,2021,4.17,,,,,,,
Luxembourg,LUX,2022,1.2,,,,,,,
Luxembourg,LUX,2023,3.25,,,,,,,
Madagascar,MDG,2001,18932.14,1149.49,,,51.99,3537.11,2368.69,1393.45
Madagascar,MDG,2002,20199.22,934.83,,,117.29,3831.31,2849.81,3482.16
Madagascar,MDG,2003,22497.59,932.72,,,126.79,4526.15,2637.53,4554.21
Madagascar,MDG,2004,16548.8,1172.65,,,95.01,3260.15,2101.36,3698.96
Madagascar,MDG,2005,25331.16,1493.75,0.7,,206.01,2814.43,740.14,3324.85
Madagascar,MDG,2006,24981.47,794.28,0.68,,385.67,2817.18,1110.44,3278.96
Madagascar,MDG,2007,35858.03,3214.55,2,,1060.24,4210.29,1759.36,3401.11
Madagascar,MDG,2008,28573.77,1840.98,0.48,,,853.55,5001,2346.88
Madagascar,MDG,2009,19406.35,,1.18,,,255.94,2772.08,2007.67
Madagascar,MDG,2010,4910.93,,0.53,,,5.42,346.83,1206.78
Madagascar,MDG,2011,4140.54,,,0.03,76.03,665.07,27.17,1130.82
Madagascar,MDG,2012,6566.83,,,0.31,171.54,0.45,73.81,3195.01
Madagascar,MDG,2013,5876.69,,,0.04,32.68,2456.09,20.95,750.83
Madagascar,MDG,2014,14702.98,,,,1414.51,1875.62,195.71,5341.53
Madagascar,MDG,2015,15641.39,,,,358.95,9033.82,88.03,1357.24
Madagascar,MDG,2016,21167.77,,,0.03,810.09,11739.28,1294.72,1524.93
Madagascar,MDG,2017,17665.63,,0.16,0.1,63.04,14084.16,785.19,885.24
Madagascar,MDG,2018,20388.32,,0.29,,,12212.27,3060.63,1339.63
Madagascar,MDG,2019,20867.38,,1.65,,44.16,5245.52,4295.93,5089.94
Madagascar,MDG,2020,25250.82,,0.14,,708.94,14664.21,267.1,974.08
Madagascar,MDG,2021,25783.94,,,,701.69,15395.87,6.74,501.28
Madagascar,MDG,2022,33204.43,,,,523.38,23609.84,18.08,1069.41
Madagascar,MDG,2023,28079.73,,0.03,,591.88,18014.72,61.84,811.77
Malawi,MWI,2001,256.48,,,670.72,,917.38,,940.06
Malawi,MWI,2002,114.24,,,632.04,,425.52,956.73,1462.46
Malawi,MWI,2003,182.64,,,382.62,,3372.8,1754.51,1695.74
Malawi,MWI,2004,87.84,,,90.27,,878.05,612.14,3743.27
Malawi,MWI,2005,137.63,,,175.84,,3775.21,2488.84,3880.14
Malawi,MWI,2006,122.01,,,241.92,14.72,290.07,1037.42,3065.86
Malawi,MWI,2007,182.42,,,,11.63,4352.97,556.66,1889.94
Malawi,MWI,2008,666.85,,,50.67,40.38,2559.27,950.95,4530.23
Malawi,MWI,2009,997.99,,,94.06,5.51,294.18,311.29,2437.26
Malawi,MWI,2010,267.19,,,346.92,9.39,70.32,399.38,2935.23
Malawi,MWI,2011,145.06,,,447.64,15.92,395.67,2291.76,3681.79
Malawi,MWI,2012,134.23,,,479.94,5.07,666.67,2948.78,3795.24
Malawi,MWI,2013,146,,,757.75,8.45,265.49,5096.05,3312.42
Malawi,MWI,2014,413.53,,,2660.64,1.39,1531.88,3086.35,7536.12
Malawi,MWI,2015,222.15,,,1039.05,11.95,661.27,2396.67,5081.35
Malawi,MWI,2016,441.97,,,1190.68,19.91,2866.77,2696.22,5530.47
Malawi,MWI,2017,604.22,,,1186.81,19.51,3319.75,2711.01,7478.9
Malawi,MWI,2018,627.69,,,1632.1,,8691.46,2131.01,2982.43
Malawi,MWI,2019,676.85,,,2626.06,,4383.26,1926.42,2394.93
Malawi,MWI,2020,1485.46,,,3627.63,,3045.28,4185.48,4763.47
Malawi,MWI,2021,3087.23,,,747.26,3.39,106.03,612.77,794.18
Malawi,MWI,2022,2649,,,329.9,,116.69,933.2,1149.13
Malawi,MWI,2023,2713.61,,,2244.87,4.49,960.31,3068.98,3748.2
Malaysia,MYS,2001,8199.58,,20427.98,,,12534.78,1336.57,52123.45
Malaysia,MYS,2002,10757.24,,16625.45,,,464.42,4.02,64372.82
Malaysia,MYS,2003,11497.91,,10598.22,,,136.62,,33656.76
Malaysia,MYS,2004,16042.39,,18465.75,,,237.13,,33723.45
Malaysia,MYS,2005,14855.57,,26473.76,,,459.26,,32906.26
Malaysia,MYS,2006,10520,,23644.65,,,39155.19,105.54,26969.27
Malaysia,MYS,2007,8320.58,,31319.69,,,15716.58,2387.14,62138.2
Malaysia,MYS,2008,5875.18,5365.33,27437.66,,,36221.82,1395.22,45221.94
Malaysia,MYS,2009,6263.09,42591.67,65384.98,,101.84,20992.47,2386.92,86820.47
Malaysia,MYS,2010,3292.93,48487.81,30976.79,,,664.49,2842.62,93599.26
Malaysia,MYS,2011,2942.11,44115.39,89359.42,,321.54,8952.53,67.59,18623.27
Malaysia,MYS,2012,6958.11,79818,134382.05,,298.35,13837.67,105.52,27587.57
Malaysia,MYS,2013,4153.18,34569.18,76924.47,,159.51,6377.84,67.95,13488.61
Malaysia,MYS,2014,13490.85,30899.33,84122.8,,243.92,23067.02,159.55,14478.56
Malaysia,MYS,2015,4804.53,1653.33,107494.43,,,327.36,0.39,164.42
Malaysia,MYS,2016,7181.56,,162770.9,,1.49,785.94,0.54,133.28
Malaysia,MYS,2017,7328.44,,149241.45,,1.33,875.29,0.41,123.57
Malaysia,MYS,2018,7407,,135963.4,,0.56,536.49,0.18,60.03
Malaysia,MYS,2019,11314.49,,102727.67,,0.09,155.79,0.08,26.22
Malaysia,MYS,2020,17154.69,,28531.06,,,,,11.06
Malaysia,MYS,2021,22920.74,,28094.86,,,,,
Malaysia,MYS,2022,26220.6,,21131.32,,,,,
Malaysia,MYS,2023,22098.67,,27100.22,,,,,
Maldives,MDV,2001,,,,,,,0.03,1.87
Maldives,MDV,2002,0.38,,,,,,,
Maldives,MDV,2003,1.07,,,,,,,
Maldives,MDV,2004,1.07,,,,,,,
Maldives,MDV,2005,2.22,,,,,,,
Maldives,MDV,2007,2.14,,,,,,,
Maldives,MDV,2008,4.43,,,,,,,
Maldives,MDV,2009,2.22,,,,,,,
Maldives,MDV,2010,1.15,,,,,,,
Maldives,MDV,2011,2.83,,,,,,,
Maldives,MDV,2023,0.8,,,,,,,
Mali,MLI,2001,31.21,,,0.07,,21.51,,50.82
Mali,MLI,2002,12.31,,,,,49.69,1.58,47.2
Mali,MLI,2003,11.42,,,,,4.69,0.17,2.16
Mali,MLI,2004,8.43,,,0.36,,148.02,2.67,22.07
Mali,MLI,2005,4.73,,,0.4,,87.9,2.42,47.87
Mali,MLI,2006,6.64,,,0.81,,71.56,1.19,91.24
Mali,MLI,2007,13.93,,,,,124.17,0.11,31.22
Mali,MLI,2008,6.61,,,0.07,,132.36,0.03,22.13
Mali,MLI,2009,6.82,,,0.33,,194.14,2.16,90.6
Mali,MLI,2010,1.63,,,0.06,,62.69,1.18,22.8
Mali,MLI,2011,2.61,,,,,86.24,9.54,183.62
Mali,MLI,2012,1.02,,,1.03,,155.46,1.12,49.6
Mali,MLI,2013,3.44,,,10.15,,609.34,11.31,321.93
Mali,MLI,2014,3.88,,,2.75,,342.41,11,92.8
Mali,MLI,2015,5.91,,,0.76,,144.54,3.81,112.89
Mali,MLI,2016,16.45,,,,,164.41,0.96,98.38
Mali,MLI,2017,52.04,,,2.66,,124.54,1.54,116.51
Mali,MLI,2018,60.85,,,2.26,,113.02,0.83,40.05
Mali,MLI,2019,72.92,,,4.74,,77.69,3.88,51.81
Mali,MLI,2020,44.63,,,1.61,,33.37,0.04,65.59
Mali,MLI,2021,102.54,,,2.78,,31.98,0.58,19.98
Mali,MLI,2022,147.64,,,0.7,,18.06,1,20.58
Mali,MLI,2023,163.68,,,3.64,,65.7,1.76,83.64
Malta,MLT,2001,0.13,,,,,0.02,,0.75
Malta,MLT,2002,1.46,,,,,,,
Malta,MLT,2004,1.79,,,,,,,
Malta,MLT,2005,0.03,,,,,0.05,,0.15
Malta,MLT,2006,0.07,,,,,0.34,,0.21
Malta,MLT,2007,,,,,,,,0.61
Malta,MLT,2008,,,,,,0.02,,0.72
Malta,MLT,2009,,,,,,,,1.39
Malta,MLT,2010,0.44,,,,,,,
Malta,MLT,2011,0.94,,,,,,,
Malta,MLT,2012,0.13,,,,,,,
Malta,MLT,2013,,0.01,,,,,,0.1
Malta,MLT,2017,0.13,,,,,,,
Martinique,MTQ,2001,,2.53,,,,,0.02,7.88
Martinique,MTQ,2002,,0.74,,,,,0.12,1.5
Martinique,MTQ,2003,19.2,0.02,,,,,0.13,1.73
Martinique,MTQ,2004,12.74,,,,,,0.13,7.17
Martinique,MTQ,2005,17.2,,,,,,,24.72
Martinique,MTQ,2006,8.12,,,,,,0.21,7.45
Mauritania,MRT,2001,3.02,,,,,13.94,0.31,10.14
Mauritania,MRT,2003,,,,,,0.13,,0.01
Mauritania,MRT,2005,,,,,,0.06,,
Mauritius,MUS,2001,33.09,,,,,,,
Mauritius,MUS,2002,28.04,,,,,,,
Mauritius,MUS,2003,25.66,,,,,,,
Mauritius,MUS,2004,52.46,,,,,,,
Mauritius,MUS,2005,28.97,,,,,,,
Mauritius,MUS,2006,29.11,,,,,,,
Mauritius,MUS,2007,27.04,,,,,,,
Mauritius,MUS,2008,38.24,,,,,,,
Mauritius,MUS,2009,42.56,,,,,,,
Mauritius,MUS,2010,5.93,,,,,,,
Mauritius,MUS,2011,78.33,,,,,,,
Mauritius,MUS,2012,38.8,,,,,,,
Mauritius,MUS,2013,38.87,,,,,,7.67,18.4
Mauritius,MUS,2014,84.23,,,,,,0.35,39.74
Mexico,MEX,2001,14906.08,1457.99,1602.82,4073.7,3548.38,6940.97,561.97,87063.54
Mexico,MEX,2002,,979.53,973.31,8634.69,8186.94,14109.96,777.8,70221.7
Mexico,MEX,2003,,725.79,2460.91,,5883.65,23825.62,264.44,69626.03
Mexico,MEX,2004,,1156.79,2029.16,39.71,4192.74,67689.6,948.46,60798.35
Mexico,MEX,2005,,1159.67,258.98,,652.73,34741.74,1.5,13751.16
Mexico,MEX,2006,,2111.69,63.68,70.88,245.11,1838.76,0.69,1619.13
Mexico,MEX,2007,,2733,175.11,1268.72,362.42,15.63,25.62,4910.53
Mexico,MEX,2008,,2310.41,197.44,1602.24,,,15.45,5233.21
Mexico,MEX,2009,,2727,100.64,454.46,,5387.08,94.27,4376.06
Mexico,MEX,2010,,2724,262.57,60.22,,496.38,90.3,5603.77
Mexico,MEX,2011,,2437.18,69.42,84.84,18.79,2422.31,12.88,1944.58
Mexico,MEX,2012,,2724,400.54,1605.06,,6594.67,21.18,3976.98
Mexico,MEX,2013,,1816,258.66,900.57,,4802.77,45.38,2105.35
Mexico,MEX,2014,76091.08,908,350.97,532.27,,2904.14,17.53,2103.66
Mexico,MEX,2015,37003.05,,189.85,,,540.81,4.25,3814.56
Mexico,MEX,2016,70307.92,,500.57,,,691.88,9.53,5445.97
Mexico,MEX,2017,29644.66,,16851.15,1852.19,4918.17,81184.51,1669.45,96824.49
Mexico,MEX,2018,27156.23,,14496.42,928.38,7349.68,53737.63,1528.01,108205.22
Mexico,MEX,2019,22290.71,,4312.46,112.74,6923.09,58589.19,764.57,137654.6
Mexico,MEX,2020,639.34,,,,,,,87.86
Mexico,MEX,2021,11355.38,,,,,,,
Mexico,MEX,2022,86859.72,,,,,,,
Mexico,MEX,2023,32951.48,,,,,,,
Micronesia (country),FSM,2010,0.47,,,,,0.01,0.02,1.81
Moldova,MDA,2001,2.82,,,2.95,,22.43,,11.01
Moldova,MDA,2002,,,,18.07,,12.41,,16.07
Moldova,MDA,2003,,,,4.44,,14.55,,1.2
Moldova,MDA,2004,,,,10.24,,0.09,0.53,41.35
Moldova,MDA,2005,,,,,,1.79,,5.55
Moldova,MDA,2006,,,,,,2.48,,1.55
Moldova,MDA,2007,,,,1.23,,1.29,,2.61
Moldova,MDA,2008,,,,1.95,,1.91,,4.37
Moldova,MDA,2009,,,,0.5,,2.78,,3.35
Moldova,MDA,2010,,,,,,4.03,,1.97
Moldova,MDA,2011,,,,,,5.29,,15.33
Moldova,MDA,2012,,,,2.44,,14.17,,14.04
Moldova,MDA,2013,,,,,,1.07,,8.03
Moldova,MDA,2014,,,,,,4.2,,29.26
Moldova,MDA,2015,,,,,,0.27,,0.87
Moldova,MDA,2016,,,,0.24,,6.88,,10.88
Moldova,MDA,2017,,,,,,14.51,7.22,50.98
Moldova,MDA,2018,,,,,,5.71,2.41,36.66
Moldova,MDA,2019,,,,,,0.64,1.44,29.29
Moldova,MDA,2020,,,,,,22.74,0.05,15.03
Moldova,MDA,2021,,,,1.3,,13.65,0.25,25.72
Moldova,MDA,2022,,,,0.48,,30.4,0.16,18.91
Moldova,MDA,2023,,,,0.35,,17.58,0.1,13.53
Mongolia,MNG,2001,,109,,,,325.07,35.11,181.12
Mongolia,MNG,2002,,109,,,,319.77,,37.5
Mongolia,MNG,2003,97.56,109,,,,,,
Mongolia,MNG,2004,136.73,109,,,,,,
Mongolia,MNG,2005,178.61,109,,,,,0.78,2.49
Mongolia,MNG,2006,,109,,,,216.95,4.64,2.24
Mongolia,MNG,2007,,109,,,,219.66,3.75,12.64
Mongolia,MNG,2008,,,,,,204.93,4.31,6.41
Mongolia,MNG,2009,,,,,,62.06,3.8,30.06
Mongolia,MNG,2010,,,,,,60.24,2.85,81.44
Mongolia,MNG,2011,,,,,,19.57,,114.92
Mongolia,MNG,2012,,,,,,245.46,,55.26
Mongolia,MNG,2013,,,,,,45.42,,2.13
Mongolia,MNG,2014,,,,,,,,32.2
Mongolia,MNG,2015,,6.89,,,,1.84,,2.53
Mongolia,MNG,2016,17.56,75.07,,,,0.01,,0.04
Mongolia,MNG,2017,,,,,,2.85,0.18,1.13
Mongolia,MNG,2018,,,,,,0.31,0.02,0.14
Mongolia,MNG,2019,,,,,,8.12,0.71,9.6
Mongolia,MNG,2020,,,,,,1.41,0.2,9.85
Mongolia,MNG,2021,,,,,,,,4.9
Mongolia,MNG,2022,,,,,,0.58,,6.42
Mongolia,MNG,2023,,,,,,0.17,0.02,2.03
Montenegro,MNE,2006,7.8,,,,,,,18.87
Montenegro,MNE,2007,32.59,,,,,1.85,0.28,66.68
Montenegro,MNE,2008,29.49,,,,,70.87,7.28,71.77
Montenegro,MNE,2009,,,,,,34.24,5.28,34.01
Montenegro,MNE,2010,,,,,,0.39,0.06,0.35
Montenegro,MNE,2011,,,,,,0.2,0.22,0.37
Montenegro,MNE,2012,,,,,,0.44,0.42,0.88
Montenegro,MNE,2013,74.23,,,,,0.83,1.41,4.09
Montenegro,MNE,2014,65.27,,,,,0.12,,4.16
Montenegro,MNE,2015,13.23,,,,,0.14,,1.05
Montenegro,MNE,2016,51.19,,,,,1.98,0.45,13.86
Montenegro,MNE,2017,13.48,,,,,2.14,8.93,23.21
Montenegro,MNE,2018,7.45,,,,,5.14,0.11,59.39
Montenegro,MNE,2019,,,,,,3.48,,19.84
Montenegro,MNE,2020,45.71,,,,,0.88,,4.63
Montenegro,MNE,2021,13.94,,,,,0.4,,1.11
Montenegro,MNE,2022,23.12,,,,,0.67,,2.9
Montenegro,MNE,2023,46.76,,,,,1.32,,5.12
Morocco,MAR,2001,77.59,27.33,,,,99.75,0.05,29.9
Morocco,MAR,2002,25.14,21.12,,,,188.55,1.67,74.04
Morocco,MAR,2003,28.01,20.87,,,,57.6,,71.11
Morocco,MAR,2004,29.05,12.69,,,,8.25,,165.83
Morocco,MAR,2005,30.86,14,,,,2.09,0.85,111.81
Morocco,MAR,2006,8.91,20.78,,,,8.57,3.04,177.73
Morocco,MAR,2007,22.45,11.89,,,,68.08,0.04,104.05
Morocco,MAR,2008,18.34,11.69,,,,91.84,0.07,188.08
Morocco,MAR,2009,2.87,5.69,,,,34.67,0.05,86.21
Morocco,MAR,2010,0.64,5.37,,,,94.1,0.1,52.33
Morocco,MAR,2011,30.51,34.75,,,,5.34,13.31,340.54
Morocco,MAR,2012,21.22,13.91,,,,90.81,1.94,68.78
Morocco,MAR,2013,0.4,3.4,,,,1.55,3.39,115.76
Morocco,MAR,2014,0.53,1.65,,,,159.69,0.15,26.75
Morocco,MAR,2015,1.19,0.86,,,,32.17,,196.29
Morocco,MAR,2016,12.36,3.43,,,,65.53,2.02,168.06
Morocco,MAR,2017,9.48,2.93,,,,2.41,0.01,148.99
Morocco,MAR,2018,9.32,3.63,,,,10.61,,46.61
Morocco,MAR,2019,6.89,3.18,,,,10.29,0.01,15.38
Morocco,MAR,2020,6.28,1.99,,,,,,
Morocco,MAR,2021,5.25,1.28,,,,,,
Morocco,MAR,2022,0.84,0.65,,,,6.56,0.29,3.82
Morocco,MAR,2023,1.26,0.26,,,,2.05,0.15,3.99
Mozambique,MOZ,2001,2397.09,49.87,,,,2141.1,2339.48,7419.74
Mozambique,MOZ,2002,4572.81,98.83,,,,5552.91,5978.19,9385.45
Mozambique,MOZ,2003,7509.61,35.63,,,,6682,10.08,9802.34
Mozambique,MOZ,2004,3419.2,47.01,,,,11732.3,25.06,14736.33
Mozambique,MOZ,2005,15014.99,103.21,,,3.34,5795.95,180.26,30847.32
Mozambique,MOZ,2006,4675.2,140.59,,,1.23,10979.33,16666.48,12886.58
Mozambique,MOZ,2007,10200.97,74.89,,,2.09,11557.67,7949.61,10514.02
Mozambique,MOZ,2008,16722.86,104.29,,,4.75,13490.71,15927.42,18102.74
Mozambique,MOZ,2009,28015.14,145.39,,,10.92,3875.57,356.3,39807.34
Mozambique,MOZ,2010,29310.55,92.66,,,2.02,5303.85,2827.58,22006.18
Mozambique,MOZ,2011,14294.16,89.87,,,,6177.49,222.47,13270.94
Mozambique,MOZ,2012,14627.25,127.98,,,,171.3,6195.92,25340.66
Mozambique,MOZ,2013,11270.52,128.06,,5602.39,,,11.06,17564.82
Mozambique,MOZ,2014,11671.25,517.89,,1232.94,,,2.73,26249.24
Mozambique,MOZ,2015,15152.32,547.81,,692.91,,3029.79,756.23,18561.3
Mozambique,MOZ,2016,22930.46,611.37,,25.82,,1238,995.49,21127.65
Mozambique,MOZ,2017,33103.98,332.49,,86.65,,8187.21,86.9,4536.3
Mozambique,MOZ,2018,10206.01,117.7,,534.57,,1808.44,3294.8,4864.79
Mozambique,MOZ,2019,16257.54,170.11,,8.89,0.08,2113.87,1308.31,2360.18
Mozambique,MOZ,2020,14562.48,113.47,,206.26,,2868.06,2092.67,3763.24
Mozambique,MOZ,2021,20033.59,85.06,,79.06,0.01,9265.88,105,4524.09
Mozambique,MOZ,2022,15824.68,102.98,,267.25,0.02,6554.09,80.96,6583.79
Mozambique,MOZ,2023,21378.83,65.97,,259.62,0.02,7922.58,628.25,6798.56
Myanmar,MMR,2001,15576.36,571.6,105.19,470.94,27.7,8556.67,149.26,13519.93
Myanmar,MMR,2002,14327.23,674.48,162.86,912.44,55.86,26622.99,188.35,14900.96
Myanmar,MMR,2003,9784.22,690.48,162.16,475.81,60.54,35249.31,156.94,20633.19
Myanmar,MMR,2004,7692.56,891.49,120.15,420.77,92.05,42086.4,348.41,37852.33
Myanmar,MMR,2005,2778.73,684.71,338.41,300.18,69.27,21579.69,336.75,48835.14
Myanmar,MMR,2006,4501.35,1226,81.3,1023.63,155.15,4906.49,1567.09,91174.73
Myanmar,MMR,2007,8274.2,1097.61,129.84,1162.52,172.24,10132.74,2782.51,92437.14
Myanmar,MMR,2008,11198.79,1081.9,94.76,,238.74,19030.06,6264.14,59632.38
Myanmar,MMR,2009,17395.2,2269.86,125.55,,141.57,10988.7,1272.23,29171.62
Myanmar,MMR,2010,14771.57,2935.68,102.07,,35.38,5454.93,,23178.98
Myanmar,MMR,2011,11852.85,1235.16,89.43,,32.58,5008.3,,29376.31
Myanmar,MMR,2012,8773.01,2837.89,107.85,,,9750.51,,71092.84
Myanmar,MMR,2013,5621.37,3238.76,108.77,,65.97,9806.45,23.35,63468.44
Myanmar,MMR,2014,80332.4,3581.01,62.61,256.38,236.97,28426.91,168.88,97333.23
Myanmar,MMR,2015,81836.18,4605.7,30.45,,133.48,67557.04,,35197.43
Myanmar,MMR,2016,89180.78,2903.33,24.74,,75.88,32860.11,,36760.41
Myanmar,MMR,2017,29360.35,68.02,5.27,,53.43,12902.45,,19427.39
Myanmar,MMR,2018,30581.58,96.84,5.57,,17.05,5403.1,,12772.09
Myanmar,MMR,2019,28571.08,85.17,9.72,,,28137.91,,20283.22
Myanmar,MMR,2020,22267.74,82.61,,212.67,,9501.83,,33888.89
Myanmar,MMR,2021,22796.41,59.99,,703.74,,7086.65,,41882.95
Myanmar,MMR,2022,32710.8,42.86,,363.25,,19178.06,,43848.16
Myanmar,MMR,2023,25924.98,56.57,,417.18,,11785.19,,40019.69
Namibia,NAM,2001,409.51,,,,,51.9,7.63,16.94
Namibia,NAM,2002,116.71,,,,,1.74,8.25,10.27
Namibia,NAM,2003,279.71,,,,,18.41,7.68,12.17
Namibia,NAM,2004,122.53,,,,,1.35,1.62,2.38
Namibia,NAM,2005,109.73,,,,,11.83,1.41,5.16
Namibia,NAM,2006,27.99,,,,,3.07,0.1,0.57
Namibia,NAM,2007,122.39,,,,,33.15,0.17,1.96
Namibia,NAM,2008,51.49,,,,,10.33,0.36,0.69
Namibia,NAM,2009,131.96,,,,,52.04,2.24,2.25
Namibia,NAM,2010,42.25,,,,,9.99,0.22,6.76
Namibia,NAM,2011,65.79,,,,,46.83,0.36,1.09
Namibia,NAM,2012,31.74,,,,,,9.42,25.75
Namibia,NAM,2013,8.26,,,,,0.81,0.03,0.03
Namibia,NAM,2014,8.09,,,,,,0.23,0.25
Namibia,NAM,2015,4.22,,,,,0.45,0.15,0.14
Namibia,NAM,2016,4.32,,,,,,0.21,0.52
Namibia,NAM,2017,10.72,,,,,0.62,0.39,1.39
Namibia,NAM,2018,20.01,,,,,4.46,0.05,0.75
Namibia,NAM,2019,5.95,,,,,1.15,,
Namibia,NAM,2020,3.02,,,,,0.34,,0.01
Namibia,NAM,2021,11.23,,,,,1.09,,
Namibia,NAM,2022,5.06,,,,,0.48,,0.02
Namibia,NAM,2023,4.92,,,,,0.5,,0.01
Nepal,NPL,2001,654.6,195.77,,2.33,0.86,75.81,31.05,86.2
Nepal,NPL,2002,839.97,393.46,,3.24,0.98,77.8,26.91,106.49
Nepal,NPL,2003,917.23,485.27,,2.33,0.74,28.73,16.53,66.16
Nepal,NPL,2004,1043.06,389.76,,2.12,0.87,163.96,22.85,89.21
Nepal,NPL,2005,1137.72,471.2,,1.29,0.82,126.4,22.58,141.87
Nepal,NPL,2006,1389.56,419.73,,0.8,0.52,198.84,76.74,141.52
Nepal,NPL,2007,1276.71,765.89,,1.62,0.57,82.4,80.34,200.48
Nepal,NPL,2008,1073.83,380.75,,13.46,0.57,228.93,65.87,257.34
Nepal,NPL,2009,1385.17,641.88,,20.73,0.89,302.37,29.82,626.26
Nepal,NPL,2010,972.83,,,1.81,0.18,58.86,21.69,255.94
Nepal,NPL,2011,983.23,,,,0.27,40.57,38.96,195.83
Nepal,NPL,2012,1625.77,,,,2.15,41.41,31.03,403.64
Nepal,NPL,2013,529.4,,,,0.13,16.73,0.54,17.53
Nepal,NPL,2014,675.71,,,,0.23,13.72,0.04,30.56
Nepal,NPL,2015,196.19,,,,0.02,14.5,,2.9
Nepal,NPL,2016,259.56,,,0.8,0.07,22.71,,40
Nepal,NPL,2017,288.02,,,3.2,,61.1,,97.99
Nepal,NPL,2018,429.29,,,2.63,,81.93,8.48,238.74
Nepal,NPL,2019,734.85,,,,0.64,73.24,5,40.13
Nepal,NPL,2020,951.72,,,,,,,
Nepal,NPL,2021,1138.88,,,,,,,
Nepal,NPL,2022,314.98,,,22.14,3.61,,64.07,415.84
Nepal,NPL,2023,544.22,,,14.6,5.31,1.88,50.48,275.1
Netherlands,NLD,2001,,,,,,71.53,0.03,114.97
Netherlands,NLD,2002,,,,,,9.23,,90.99
Netherlands,NLD,2003,23.19,,,,,10.48,,7.81
Netherlands,NLD,2004,56.91,,,,,1.16,,3.05
Netherlands,NLD,2005,103.54,,,,,13.61,,9.78
Netherlands,NLD,2006,84.05,,,,,5.81,,5.83
Netherlands,NLD,2007,,,,,,5.75,0.03,5.65
Netherlands,NLD,2008,,,,,,,3.96,5.32
Netherlands,NLD,2009,,,,,,4.02,,19.53
Netherlands,NLD,2010,,,,,,4.17,,189.04
Netherlands,NLD,2011,,,,,,3.71,,78.42
Netherlands,NLD,2012,,,,,,11.31,22.44,41.62
Netherlands,NLD,2013,,,,,,2.88,,6.54
Netherlands,NLD,2014,,,,,,4.02,10.1,42.49
Netherlands,NLD,2015,39.66,,,0.94,,11.56,15.54,74.69
Netherlands,NLD,2016,83.41,,,1.04,,25.64,21.95,64.64
Netherlands,NLD,2017,57.15,,,,,64.47,11.39,53.6
Netherlands,NLD,2018,41.58,,,,,56.25,,73.42
Netherlands,NLD,2019,22.12,,,,,59.36,,37.54
Netherlands,NLD,2020,,,,,,50.91,,15.07
Netherlands,NLD,2021,,,,,,62,,15.46
Netherlands,NLD,2022,,,,,,18.1,,16.47
Netherlands,NLD,2023,,,,,,31.83,,14.77
New Caledonia,NCL,2001,,26.63,,,,14.72,80.55,53.94
New Caledonia,NCL,2002,,20.3,,,,31.98,53.79,16.33
New Caledonia,NCL,2003,,35.66,,,0.77,,32.46,43.08
New Caledonia,NCL,2004,,40.01,,,,4.89,40.28,49.24
New Caledonia,NCL,2005,,32.25,,,1.67,,30.41,45.39
New Caledonia,NCL,2006,,20.56,,,,,39.12,29.52
New Caledonia,NCL,2007,,32.32,,,,,39.59,70.18
New Caledonia,NCL,2008,,27.1,,,,,10.14,75.85
New Caledonia,NCL,2009,,18.33,,,2.52,40.69,3.87,123.15
New Caledonia,NCL,2010,,,,,,0.2,0.04,0.55
New Caledonia,NCL,2011,,,,,,1.17,2.37,5.03
New Caledonia,NCL,2012,60.35,,,,,9.13,4.43,72.18
New Caledonia,NCL,2013,155.91,,,,,3.51,5.18,40.53
New Caledonia,NCL,2014,141.95,,,,,0.84,1.33,15.32
New Caledonia,NCL,2015,13.87,,,,,3.51,10.77,12.17
New Caledonia,NCL,2016,24.62,,,,,0.87,2.15,12.07
New Caledonia,NCL,2017,37.99,,,,,0.91,1.94,10.97
New Caledonia,NCL,2018,30.19,,,,,8.33,9.86,3.98
New Caledonia,NCL,2019,16.58,,,,,0.19,4.89,14.25
New Caledonia,NCL,2020,15.86,,,,,,0.22,32.94
New Caledonia,NCL,2021,10.36,,,,,,,25.56
New Caledonia,NCL,2022,2.72,,,,,0.1,0.39,5.93
New Caledonia,NCL,2023,7.35,,,,,0.13,0.52,16.22
New Zealand,NZL,2001,,330.27,,,,1301.4,22.89,3123.87
New Zealand,NZL,2002,,305.21,,,,1012.57,240.63,5102.46
New Zealand,NZL,2003,,276.65,,,,1376.24,489.29,2669.48
New Zealand,NZL,2004,,387.71,,,,1349.83,19.4,5881.78
New Zealand,NZL,2005,,448.4,,,,5574.35,39.5,2022.6
New Zealand,NZL,2006,4791.62,560.76,,,,3488.01,,1323.27
New Zealand,NZL,2007,,452.01,,,,7249.69,277.66,5770.63
New Zealand,NZL,2008,994.47,860.52,,,,3038.58,76.02,4776.16
New Zealand,NZL,2009,,233.49,,,,2448.36,288.28,3721.01
New Zealand,NZL,2010,,208.54,,,,3187.53,16.77,2251.79
New Zealand,NZL,2011,,458.4,,,,2799.35,131.58,2875.72
New Zealand,NZL,2012,,271.83,,,,83.9,0.82,184.61
New Zealand,NZL,2013,,357.33,,,,227.36,,944.22
New Zealand,NZL,2014,,7562,,,,119.03,11.48,107.04
New Zealand,NZL,2015,,9170,,,,125.81,174.7,3229.79
New Zealand,NZL,2016,,12046.67,,,,2154.88,340.81,2093.69
New Zealand,NZL,2017,,12283.33,,,,1705.02,325.32,2009.1
New Zealand,NZL,2018,,14717.78,,,,1410.36,350.97,1211.33
New Zealand,NZL,2019,,16493.7,,,,0.17,0.01,0.53
New Zealand,NZL,2020,,14498.27,,,,,,
New Zealand,NZL,2021,,15605.74,,,,,,
New Zealand,NZL,2022,1627.93,16493.7,,,,,,
New Zealand,NZL,2023,647.23,15532.57,,,,,,
Nicaragua,NIC,2001,4751.21,1135.64,312.71,525.07,2433.43,2975.04,1719.28,7735.81
Nicaragua,NIC,2002,3001.93,151.97,239.97,65.18,2132.9,4704.27,687.5,9697.81
Nicaragua,NIC,2003,12902.2,57.69,163.07,,19.78,,14.18,79.71
Nicaragua,NIC,2004,20147.42,29.98,37.31,,21.01,58.36,5.48,26.61
Nicaragua,NIC,2005,39135.51,36.87,151.66,,6.01,,10.01,42.95
Nicaragua,NIC,2006,36797.98,43.14,374.4,,26.59,,13.23,181.85
Nicaragua,NIC,2007,41349.07,41.2,250.69,5.01,14.02,116.59,15.48,46.27
Nicaragua,NIC,2008,50945.68,27.55,293.41,1.26,9.04,107.38,,110.44
Nicaragua,NIC,2009,41773.52,22.5,226.09,6.97,3.48,156.62,85.07,174.62
Nicaragua,NIC,2010,27845.01,75.41,319.7,3.31,2.57,205.33,79.68,91.57
Nicaragua,NIC,2011,2643.72,34.52,452.42,,,327.21,586.61,840.84
Nicaragua,NIC,2012,4566.55,76.67,1817.59,,325.44,1104.43,281.45,2069.29
Nicaragua,NIC,2013,3626.84,53.14,459.09,,858.01,570.28,112.34,2424.11
Nicaragua,NIC,2014,6757.08,68.07,360.79,26.24,531.24,136.17,81.01,208.2
Nicaragua,NIC,2015,5161.81,16.87,26.16,0.01,16.29,23.69,2.44,14.9
Nicaragua,NIC,2016,6670.06,116.56,119.81,5.67,245.41,56.58,17.17,123.68
Nicaragua,NIC,2017,7924.21,1953.24,39.46,1.73,46.23,15.11,5.79,65.03
Nicaragua,NIC,2018,6678.02,44,40.94,3.02,112.46,34.04,31.23,87.8
Nicaragua,NIC,2019,16103.59,77.02,417.58,,2636.87,766.25,395.58,4145.74
Nicaragua,NIC,2020,11321.22,748.45,83.56,343.29,1754.68,3962.46,88.5,3157.85
Nicaragua,NIC,2021,16591.82,996.59,186.05,520.66,2562.19,4666.07,205.64,5751.87
Nicaragua,NIC,2022,205.37,90.95,0.83,47.99,69.49,177.7,143.44,53.35
Nicaragua,NIC,2023,9372.8,62.89,10.47,574.87,1401.64,2920.91,937.24,2079.97
Niger,NER,2001,0.36,0.01,,,,0.05,,0.03
Niger,NER,2002,1.26,,,,,0.08,,0.01
Niger,NER,2003,0.82,,,,,,,
Niger,NER,2004,0.45,,,,,0.02,,0.04
Niger,NER,2007,0.04,,,,,0.06,,0.05
Niger,NER,2010,,,,,,0.06,,
Niger,NER,2012,,,,,,0.03,,0.03
Nigeria,NGA,2001,18621.45,,1459.56,531.91,753.82,11185.78,4028.46,11374.75
Nigeria,NGA,2002,14097.79,,1692.42,307.26,852.49,6462.6,3259,7815.54
Nigeria,NGA,2003,15191.42,,96.94,29.92,40.76,708.56,274.23,693.81
Nigeria,NGA,2004,15076.68,,168.93,9.79,57.11,342.6,179.51,221.47
Nigeria,NGA,2005,14085.05,,204.29,9.38,176.16,947.48,438.34,903.3
Nigeria,NGA,2006,,,2470.27,,4076.47,,4058.39,17253.28
Nigeria,NGA,2007,21578.52,,700.68,,,1442.43,1488.21,6238.13
Nigeria,NGA,2008,24122.26,,674.57,,,1841.99,2135.83,1109.76
Nigeria,NGA,2009,23075.88,,406.39,41.76,0.05,2126.66,2960.33,1561.88
Nigeria,NGA,2010,28841.6,,502.11,140.32,,928.99,2013.74,884.67
Nigeria,NGA,2011,39464.2,,904.64,75.13,,6164.16,9408.89,6195.7
Nigeria,NGA,2012,32091.55,,981.33,,,3796.89,5392.57,3069.15
Nigeria,NGA,2013,33410.56,,2333.73,1383.72,,4905.78,2442.21,10410.33
Nigeria,NGA,2014,35993.87,,5394.04,4620.9,,10021.06,4086.1,28989.01
Nigeria,NGA,2015,5881.33,,4525.87,4647.35,0.73,11604.97,2735.59,25208.39
Nigeria,NGA,2016,,,6223.63,937.68,,13625.56,58554.58,10402.34
Nigeria,NGA,2017,,,11033.15,2744.35,9234.04,13532.14,155138.2,35970.99
Nigeria,NGA,2018,17954.48,,6465.54,,970.97,10672.63,96360.32,23990.43
Nigeria,NGA,2019,40127.6,,9172.24,34.51,2506.01,17848.49,21181.87,25051.51
Nigeria,NGA,2020,38078.48,,18908.82,,,16299.68,20740.44,31051.41
Nigeria,NGA,2021,20321.27,,24559.89,5279.14,2337.7,24926.18,3500.62,45015.8
Nigeria,NGA,2022,23880.43,,24893.5,6204.08,2267.59,2400.61,9304.64,68247.5
Nigeria,NGA,2023,22771.52,,19467.74,2962.97,1194,12994.69,10397.61,39754.65
North America,OWID_NAM,2001,137992.58,391491.22,4991.28,7896.59,6570.52,33945.12,3913.54,120124.46
North America,OWID_NAM,2002,103692.15,389812.44,3816.87,8829.51,13039.9,32677.53,3418.59,94752.89
North America,OWID_NAM,2003,73240.5,389331.6,8670.86,5341.45,11931.6,26232.88,3410.93,85161.12
North America,OWID_NAM,2004,125354.62,390100.44,9234.49,46.62,6225.07,105692.4,3149.91,104448.74
North America,OWID_NAM,2005,142694.06,389659.47,5499.51,3426.47,2042.33,96511.63,999.51,59240.51
North America,OWID_NAM,2006,164109.45,390906.3,2942.22,2135.5,1621.75,50652.42,1585.78,31776.25
North America,OWID_NAM,2007,173535.4,391812.75,4189.19,13650.84,9657.7,13953.54,1397.11,28624.39
North America,OWID_NAM,2008,154993.1,298627.22,6428.96,2357.01,18867.55,31196.92,2425.03,43902.2
North America,OWID_NAM,2009,125483.83,205464,8192.98,909.56,26778.94,21666.81,1139.18,40499.69
North America,OWID_NAM,2010,123506.38,112122.65,9732.53,1413.21,125.9,37516.09,1098.47,28433.4
North America,OWID_NAM,2011,88221.23,111655.22,9689.11,13923.32,756.35,15421.67,1430.85,29183.64
North America,OWID_NAM,2012,63729.73,112526,22672.92,57815.59,7595.97,53931.32,1576.23,70576.2
North America,OWID_NAM,2013,60905.12,75368.13,15709.37,33082.09,8909.27,17208.88,1124.98,63951.27
North America,OWID_NAM,2014,160402.62,333093.9,19231.82,43580.85,5860.72,24217.47,1201.44,62527.96
North America,OWID_NAM,2015,141951.81,295802.97,6042.15,18459.33,7906.03,16127.63,483.02,34156.51
North America,OWID_NAM,2016,187037.03,296310.7,8440.81,917.78,10039.58,17307.56,1345.88,73193.09
North America,OWID_NAM,2017,154224.33,3050.12,19072.52,2580.57,11265.43,114421.02,2192.33,132111.4
North America,OWID_NAM,2018,134065.45,1073.35,20328.54,1657.14,10693.33,75563.21,2164.61,123170.09
North America,OWID_NAM,2019,143804.88,1022.75,7032.38,8250.74,13559.58,67327.54,1887.24,152303.73
North America,OWID_NAM,2020,96303.33,1652,4277.21,707.73,5482.72,10394.1,496.1,14997.62
North America,OWID_NAM,2021,109644.12,1915.86,2908.23,751.98,7087.11,12891.73,1341.08,17537.26
North America,OWID_NAM,2022,127797.92,1114.23,196.2,91.63,961.98,14303.82,356.66,2565.19
North America,OWID_NAM,2023,103900.97,918.68,1787.62,770.54,5962.49,13917.37,1448.75,10590.78
North Korea,PRK,2001,179.69,,,,,310.46,34.73,115.11
North Korea,PRK,2002,46.33,,,,,307.99,,59.03
North Korea,PRK,2003,59.79,,,,,105.16,4.03,295.87
North Korea,PRK,2004,105.82,,,,,435.63,,303.65
North Korea,PRK,2005,122.86,,,101.78,,89.98,30.53,959.84
North Korea,PRK,2006,114.05,,,,,294.26,18.38,645.29
North Korea,PRK,2007,243.61,,,,,267.77,103.95,1911.29
North Korea,PRK,2008,2121.31,,,,,55.34,66.04,712.71
North Korea,PRK,2009,1578.05,,,,,334.64,7.28,147.84
North Korea,PRK,2010,2348.98,,,,,414.89,138.72,131.86
North Korea,PRK,2011,180.62,,,,,99.32,51.23,49.23
North Korea,PRK,2012,1187.16,,,,,392.62,1384.6,851.72
North Korea,PRK,2013,353.09,,,,,13.35,20.11,23.47
North Korea,PRK,2014,1175.04,,,,,57.82,0.93,72.9
North Korea,PRK,2015,160.39,,,,,18.38,6.73,5.75
North Korea,PRK,2016,144.81,,,,,129.56,,21.25
North Korea,PRK,2017,151.82,,,13.45,,129.25,8.59,9.96
North Korea,PRK,2018,106.68,,,18.42,,54.91,,3.1
North Korea,PRK,2019,259.29,,,4.34,,120.33,94.45,33.3
North Korea,PRK,2020,371.69,,,,,13.82,50.41,6.82
North Korea,PRK,2021,493.34,,,,,9.42,,90.63
North Korea,PRK,2022,278.37,,,,,27.28,5.63,18.62
North Korea,PRK,2023,348.77,,,,,21.71,26.72,18.45
North Macedonia,MKD,2001,95.31,,,0.5,,8.66,5.02,57.49
North Macedonia,MKD,2002,,,,0.23,,12.47,,9.59
North Macedonia,MKD,2003,,,,0.15,,0.33,,3.75
North Macedonia,MKD,2004,,,,0.03,,0.91,,3.55
North Macedonia,MKD,2005,,,,,,0.29,0.24,4.91
North Macedonia,MKD,2006,,,,,,0.39,0.06,1.26
North Macedonia,MKD,2007,40.23,,,,,0.53,,4.76
North Macedonia,MKD,2008,62.65,,,0.22,,0.97,0.07,6.25
North Macedonia,MKD,2009,97.27,,,0.11,,0.81,,4.93
North Macedonia,MKD,2010,57.82,,,,,1.91,0.28,3.26
North Macedonia,MKD,2011,87.18,,,,,2.25,,7.13
North Macedonia,MKD,2012,,,,,,16.52,1.87,90.78
North Macedonia,MKD,2013,,,,,,7.31,,39.44
North Macedonia,MKD,2014,2.8,,,,,33.06,0.58,21.66
North Macedonia,MKD,2015,,,,0.03,,7.84,,12.18
North Macedonia,MKD,2016,0.17,,,0.15,,19.21,,33.18
North Macedonia,MKD,2017,,,,,,1.82,,29.88
North Macedonia,MKD,2018,,,,,,19.43,,32.3
North Macedonia,MKD,2019,,,,,,8.16,,46.82
North Macedonia,MKD,2020,,,,0.3,,7.76,,26.38
North Macedonia,MKD,2021,,,,0.65,,1.45,,14.72
North Macedonia,MKD,2022,,,,0.08,,2,,24.78
North Macedonia,MKD,2023,,,,0.3,,4.59,,37.06
Norway,NOR,2001,261.26,11500,,,,199.57,,8.96
Norway,NOR,2002,403.43,11500,,,,176.61,,14.65
Norway,NOR,2003,135.21,11500,,,,45.1,,9.39
Norway,NOR,2004,333.53,11500,,,,152.17,6.8,74.11
Norway,NOR,2005,176.33,11500,,,,125.91,4.3,14.35
Norway,NOR,2006,441.01,11500,,,,216.03,,30.11
Norway,NOR,2007,287.79,11500,,,,210.51,,7.4
Norway,NOR,2008,363.36,7200,,,,326.1,,11.85
Norway,NOR,2009,392.53,2900,,,,248.36,,15.37
Norway,NOR,2010,805.25,,,,,250.6,,25.44
Norway,NOR,2011,621.01,,,,,212.26,,38.39
Norway,NOR,2012,525.36,,,,,295.11,,13.5
Norway,NOR,2013,581.71,,,,,262.15,,39.18
Norway,NOR,2014,467.33,,,,,256.05,,44.72
Norway,NOR,2015,262.75,,,,,173.21,,9.84
Norway,NOR,2016,513.95,,,,,468.72,,26.55
Norway,NOR,2017,402.32,,,,,286.98,,194.02
Norway,NOR,2018,621.12,,,,,475.08,0.1,38.59
Norway,NOR,2019,310.35,,,,,119.78,2.53,38.31
Norway,NOR,2020,628.95,,,,,60.41,,20.96
Norway,NOR,2021,439.04,,,,,22.71,,57.43
Norway,NOR,2022,384.98,,,,,56.61,,2.73
Norway,NOR,2023,153.69,,,,,20.51,,3.49
Oceania,OWID_OCE,2001,5223.59,19764.37,3514.6,,2780.82,7959.41,3103.13,11290.34
Oceania,OWID_OCE,2002,7694.15,21657.15,3820.98,,4851.4,9623.49,5122.64,17633.83
Oceania,OWID_OCE,2003,4531.44,31033.16,2588.77,104.79,5189.74,13420.7,3473.28,11024.27
Oceania,OWID_OCE,2004,16885.37,28345.79,2558.56,,4564.53,1470.66,3178.64,27526.38
Oceania,OWID_OCE,2005,2708.36,27566.83,5466.61,,3608.35,6301.39,2612.69,10599.21
Oceania,OWID_OCE,2006,9639.49,26415.19,8151.83,86.97,7621.16,11775.14,3960.6,17181.85
Oceania,OWID_OCE,2007,5053.32,36385.64,13145.95,65.4,401.42,15865.62,3160.81,16047.57
Oceania,OWID_OCE,2008,9625.97,28718.29,10288.97,9.1,10363.6,6834.21,5359.04,20334.69
Oceania,OWID_OCE,2009,5739.43,13265.91,9696.2,,1282.35,5075.22,4151.54,18110.66
Oceania,OWID_OCE,2010,2437.06,660.13,4526.66,34.94,1387.15,4179.3,2797.58,13706.41
Oceania,OWID_OCE,2011,2991.92,614.57,6101.08,56.07,23.64,3833.85,2223.85,14480.29
Oceania,OWID_OCE,2012,8308.01,479.95,12662.32,,8956.03,1419.64,3927.71,7222.29
Oceania,OWID_OCE,2013,6855.62,910.5,16002.47,,1705.93,523.57,4081.4,7085.33
Oceania,OWID_OCE,2014,9995.51,8149.15,11609.01,,927.25,590.92,4639.51,35277.37
Oceania,OWID_OCE,2015,12157.59,9525.84,6867.05,4.26,7.01,155.78,2580.68,32551.72
Oceania,OWID_OCE,2016,18503.46,13110.22,7377.58,,,2602.72,2612.33,29441.91
Oceania,OWID_OCE,2017,2931.1,13969.77,2925.31,,824.84,9284.45,797.35,5757.95
Oceania,OWID_OCE,2018,10497.34,15179.34,3974.28,,1806.87,1632.91,591.17,2026.47
Oceania,OWID_OCE,2019,11392.86,17509.98,5149.28,6.03,1567.86,1560.73,98.12,1720.06
Oceania,OWID_OCE,2020,10497.51,15652.45,4713,,984.22,0.36,76.56,3123.88
Oceania,OWID_OCE,2021,9806.11,19675.74,3890.42,,547.51,4.55,49.85,3788.45
Oceania,OWID_OCE,2022,11651.83,17127.59,3123.23,,1748.68,6.47,92.65,5877.22
Oceania,OWID_OCE,2023,9771.65,15999.45,3941.7,,1161.46,3.29,62.41,4143.78
Oman,OMN,2008,,,,,,,,0.06
Pakistan,PAK,2001,23.15,,,,,29.61,0.56,46.66
Pakistan,PAK,2002,37.68,,,,,2.17,0.02,2.41
Pakistan,PAK,2003,71.93,,,,,5.18,0.02,5.47
Pakistan,PAK,2004,53.04,,,,,35.81,1.39,29.18
Pakistan,PAK,2005,47.72,,,,,2.96,0.22,4.24
Pakistan,PAK,2006,101,,,,,8.19,0.25,5.19
Pakistan,PAK,2007,61.46,,,,,9.5,0.08,5.68
Pakistan,PAK,2008,5.35,,,0.02,,77.17,1.44,18.49
Pakistan,PAK,2009,2.67,,,0.01,,37.5,12.87,29.86
Pakistan,PAK,2010,1.85,,,,,32.29,2.01,20.23
Pakistan,PAK,2011,2.76,,,,,25.06,0.06,14.34
Pakistan,PAK,2012,5.59,,,,,73.8,0.01,14.75
Pakistan,PAK,2013,1.8,,,,,16.44,0.06,4.81
Pakistan,PAK,2014,0.93,,,,,4.52,0.43,9.64
Pakistan,PAK,2015,0.07,,,,,1.66,0.16,0.61
Pakistan,PAK,2017,0.06,,,,,3.16,0.03,2.5
Pakistan,PAK,2018,10.74,,,,,1.52,0.04,0.78
Pakistan,PAK,2019,11.69,,,,,,,
Pakistan,PAK,2020,13.86,,,,,,,
Pakistan,PAK,2021,4.12,,,,,0.52,0.51,5.81
Pakistan,PAK,2022,1.54,,,,,3.33,0.12,4.1
Pakistan,PAK,2023,5.36,,,,,4.27,0.57,7.61
Palestine,PSE,2001,0.05,,,,,0.27,,1.12
Palestine,PSE,2002,0.13,,,,,0.01,,0.64
Palestine,PSE,2003,0.05,,,,,0.02,0.11,1.27
Palestine,PSE,2004,0.02,,,,,0.17,0.11,0.74
Palestine,PSE,2005,0.01,,,,,0.07,0.01,0.2
Palestine,PSE,2006,,,,,,0.17,,0.52
Palestine,PSE,2007,0.13,,,,,0.34,,0.84
Palestine,PSE,2008,,,,,,0.59,,1.35
Palestine,PSE,2009,0.2,,,,,0.02,0.01,0.4
Palestine,PSE,2010,,,,,,0.22,0.02,0.23
Palestine,PSE,2011,,,,,,0.16,0.01,0.03
Palestine,PSE,2012,,,,,,0.05,0.01,
Palestine,PSE,2013,,,,,,,,0.25
Palestine,PSE,2014,,,,,,,,0.13
Palestine,PSE,2015,0.11,,,,,0.01,,
Palestine,PSE,2016,,,,,,,,0.18
Palestine,PSE,2017,,,,,,,,0.24
Palestine,PSE,2018,0.2,,,,,,,
Palestine,PSE,2020,0.13,,,,,,,
Panama,PAN,2001,,62.02,64.28,2.01,,1240.54,274.06,1948.04
Panama,PAN,2002,,71.57,66.65,1.61,303.47,240.11,127.45,1284.9
Panama,PAN,2003,,70.92,36.32,0.67,101.45,,1.24,532.84
Panama,PAN,2004,,63.59,212.13,5.71,672.33,,,3508.63
Panama,PAN,2005,,40.38,10.66,10.02,559.97,1467.72,344.53,2575.92
Panama,PAN,2006,,54.21,467.81,17.18,972.69,4374.02,973.82,3644.19
Panama,PAN,2007,467.09,37.6,221.48,18.98,1014.88,6559.06,980.68,9815.22
Panama,PAN,2008,1540.75,43.49,199.67,20.51,1223.71,8107.35,749.38,10923.35
Panama,PAN,2009,1892.41,59.04,85,25.56,776.18,4487.7,70.19,8856.38
Panama,PAN,2010,1994.39,68.49,8.83,0.15,,20.75,,28.37
Panama,PAN,2011,2077.97,142.05,20.31,0.24,,1.42,0.01,88.36
Panama,PAN,2012,3660.33,84.52,23.25,,,40.79,,50.3
Panama,PAN,2013,3435.98,122.54,20.33,,6.59,20.17,2.18,78.65
Panama,PAN,2014,2887.16,110.61,30.66,,2.92,68.49,0.62,43.45
Panama,PAN,2015,729.75,30.28,47.25,,2.82,10.11,2.21,35.61
Panama,PAN,2016,970.36,104.08,76.16,0.03,23,24.28,12.64,48.54
Panama,PAN,2017,1392.06,85.85,119.12,0.05,1.64,48.59,26.03,55.92
Panama,PAN,2018,1047.18,88.72,41.67,0.02,11,20.41,15.33,89.56
Panama,PAN,2019,1123.07,76.63,2.21,,1597.65,1041.39,315.37,2224.85
Panama,PAN,2020,525.42,116.68,,0.46,3346.51,346.74,1.38,3017.1
Panama,PAN,2021,852.84,67.06,,0.28,4154.27,1273.53,9.18,835.87
Panama,PAN,2022,321.27,76.78,,,,,,
Panama,PAN,2023,566.52,65.09,104.09,0.21,2180.36,884.86,10.2,1148.74
Papua New Guinea,PNG,2001,4916.06,,3509.44,,2193.39,9.07,2829.82,7561.25
Papua New Guinea,PNG,2002,7641.19,,3810.81,,4472.94,37.02,4705.72,11163.19
Papua New Guinea,PNG,2003,4504.34,,2519.13,,5188.08,103.77,2919.47,4543.71
Papua New Guinea,PNG,2004,4757.98,,2488.62,,4561.78,103.14,3053.82,19870.99
Papua New Guinea,PNG,2005,2677.38,,4899.25,,3573.48,113.7,2394.88,7711.85
Papua New Guinea,PNG,2006,4807.19,,7200.41,,7195.66,135.69,3455.21,11004.32
Papua New Guinea,PNG,2007,4822.6,,13085.05,,394.3,170.58,2830.05,5517.36
Papua New Guinea,PNG,2008,8084.66,,10247.95,,10362.77,109.45,5249.85,9021.98
Papua New Guinea,PNG,2009,5564.34,,9683.32,,1247.06,35.4,3819.63,6097.91
Papua New Guinea,PNG,2010,2401.28,,3671.99,,1363.24,18.13,2587.35,4243.35
Papua New Guinea,PNG,2011,2976.99,,5505.89,,,,1938.12,5140.51
Papua New Guinea,PNG,2012,8213.78,,11696.48,,8956.03,55.11,3606.31,5561.8
Papua New Guinea,PNG,2013,6618.65,,14991.48,,1701.05,48.62,3862.38,5421.82
Papua New Guinea,PNG,2014,9765.52,,10925.79,,925.68,40.37,4502.9,34568.28
Papua New Guinea,PNG,2015,4887.61,,6089.35,,,0.27,2274.19,28364.59
Papua New Guinea,PNG,2016,5678.43,,6762.51,,,11.55,2150.1,26851.61
Papua New Guinea,PNG,2017,2831.93,,2431.55,,824.84,7.03,306.81,1313.29
Papua New Guinea,PNG,2018,2942.84,,2629.39,,1486.6,4.12,145.15,698.66
Papua New Guinea,PNG,2019,3501.42,,3894.5,,1564.77,1.59,65.9,661
Papua New Guinea,PNG,2020,4170.02,,3312.43,,984.01,0.36,53.54,2729.93
Papua New Guinea,PNG,2021,4609.51,,3763.24,,547.43,4.5,26.98,3697.02
Papua New Guinea,PNG,2022,5156.38,,2082.85,,1735.7,3.46,29.79,4864.83
Papua New Guinea,PNG,2023,4645.31,,3024.62,,1161.33,2.81,37.3,3719.31
Paraguay,PRY,2001,65415.32,894.82,8.02,13626.46,,5832.23,5141.49,8782.3
Paraguay,PRY,2002,82135.77,1638.73,7.77,23934.78,,5416.06,1903.51,14353.43
Paraguay,PRY,2003,109332.65,3055.18,,36093.94,,5776.2,460.45,5290.71
Paraguay,PRY,2004,97242.87,3039.49,51.47,42065.95,,8108.1,1.22,4229.78
Paraguay,PRY,2005,94158.13,2093.63,155.84,19884.64,,39756.29,2,5926.25
Paraguay,PRY,2006,63866.18,1579.23,101.82,7354.61,,10966.47,,7960.66
Paraguay,PRY,2007,161492.98,2244.33,92.19,16101.09,,31439.79,,10187.53
Paraguay,PRY,2008,161794.33,2348.27,15.79,13392.65,,4140.07,172.5,1284.29
Paraguay,PRY,2009,150964.97,1446.94,,6122.9,,47349.92,57.7,9653.13
Paraguay,PRY,2010,159300.34,2541.17,,12519.25,0.56,38500.19,56.8,11946.84
Paraguay,PRY,2011,157114.89,3126.92,15.19,23783.58,1.9,19659.28,4.75,22971.24
Paraguay,PRY,2012,159891.8,3869.95,26.3,24718.32,1.97,17771.11,3287.29,15917.98
Paraguay,PRY,2013,121325.31,2434.83,,16178.4,3.68,23340,4306.1,15313.79
Paraguay,PRY,2014,155427.81,1862.14,,15804.82,4.91,31370.7,381.74,2917.05
Paraguay,PRY,2015,118541.33,1442.94,3.81,9541.02,5.54,37076.95,384.79,3064.24
Paraguay,PRY,2016,126487.03,2047.64,,8190.14,2.47,38760.96,1507.3,4255.45
Paraguay,PRY,2017,101315.52,2510.41,,9083.61,,40071.06,658.69,2518.17
Paraguay,PRY,2018,91195.03,1260.47,,6597.2,,17854.56,1667.05,15009.02
Paraguay,PRY,2019,65862.79,1102.73,22.02,7371.57,,27261.8,44.31,4379.28
Paraguay,PRY,2020,55627.14,930.54,54.7,21787.43,1.08,6324.87,672.61,9383.29
Paraguay,PRY,2021,66907.16,1178.44,75.59,24864.53,1.4,7492.36,879.51,21296.12
Paraguay,PRY,2022,7609.61,1479.38,0.71,3890.56,,196.58,356.26,1383.22
Paraguay,PRY,2023,48613.43,1545.35,9.46,212.41,,2272.1,4117.71,22799.83
Peru,PER,2001,27678.51,10.92,291.09,,975.83,439.61,769.54,3041.19
Peru,PER,2002,31668.49,25.51,185.64,3.88,430.56,1574.44,237.63,2026.01
Peru,PER,2003,31587.99,12.52,393.51,19.54,546.11,760.83,331.28,1641.81
Peru,PER,2004,42363.79,16.47,419.77,2.4,848.77,3175.15,904.03,2034.43
Peru,PER,2005,65504.61,23.16,1096.78,35.17,2417.5,4889.82,1453.1,5998.63
Peru,PER,2006,37016.64,17.16,1650.36,0.98,634.24,2952.37,609.86,2010.79
Peru,PER,2007,52317.25,24.01,4119.44,2.42,668.87,2164.33,439.63,3760.37
Peru,PER,2008,58230.14,23.5,3779.09,4.15,1612.32,638.43,662.65,5811.4
Peru,PER,2009,87825.93,30.43,2823.79,0.45,1612.09,1511.83,1103.95,7779.93
Peru,PER,2010,38419.14,30.01,7687.52,15.88,11312.58,6032,4441.52,12911.18
Peru,PER,2011,3629.54,42.47,2147.11,1.96,6458.6,20129.84,7797.71,26640.09
Peru,PER,2012,8736.29,60.49,7222.67,31.69,23089.63,41770.1,16668.46,42770.45
Peru,PER,2013,5620.27,109.38,11523.62,23.43,13924.11,28958.71,10370.84,26719.63
Peru,PER,2014,10077.03,132.48,10109.15,6.52,33129,17524.62,686.02,20989.37
Peru,PER,2015,5630.38,71.76,8742.28,2.56,28841.13,13407.42,3206.11,18125.32
Peru,PER,2016,6161.95,132.6,9736.73,8.94,36281.56,13196.82,6641.81,33407.54
Peru,PER,2017,9047.03,351.21,4705.63,14.73,21669.74,25996.34,18673.66,41617.55
Peru,PER,2018,36789.37,139.94,8925.98,14.23,8491.04,4914.64,5960.86,32036.51
Peru,PER,2019,37844.42,99.5,7309.55,5.64,11051.03,13565.08,9832.17,34013.56
Peru,PER,2020,83202.09,75.05,10008.18,171.26,6062.08,6245.07,3708.24,24067.88
Peru,PER,2021,3699.35,134.64,2246.03,64.18,2104.67,2258.76,1521.22,5042.3
Peru,PER,2022,85319.05,90.49,3036.29,167.3,6360.12,2535.88,3100.61,10085.39
Peru,PER,2023,49589.6,124.33,2899.22,95.6,3448.58,2277.64,1966.62,7899.42
Philippines,PHL,2001,1040.64,769.6,378.62,0.87,,8160.47,53.7,14775.96
Philippines,PHL,2002,1340.51,780.81,491.44,,,6494.22,53.92,14600.67
Philippines,PHL,2003,1066.71,1024.57,486.85,1.52,,14534.74,37.95,10186.96
Philippines,PHL,2004,1470.65,2246.84,807.98,,,14674.92,377.4,16600.9
Philippines,PHL,2005,775.21,1535.7,464.37,,,20884.9,371.07,13003.24
Philippines,PHL,2006,1494.6,1799.65,485.69,,,22932.9,749.88,14783.27
Philippines,PHL,2007,3453.05,1551.45,836.67,8.85,,8414.84,1115.36,35751.27
Philippines,PHL,2008,1813.27,1155.26,586.4,,,4341.73,557.14,19794.47
Philippines,PHL,2009,1782.39,1310.89,912.12,,,12951.29,115.67,27011.68
Philippines,PHL,2010,1218.99,1224.53,888.18,,,44799.67,,23959.24
Philippines,PHL,2011,630.88,1221.61,209.47,2.39,74.31,8516.24,,13108.57
Philippines,PHL,2012,5040.77,1615.79,559.7,3.43,333.77,1135.36,447.7,32620.89
Philippines,PHL,2013,5037.91,2323.4,497.01,,398,206.45,984.68,28932.68
Philippines,PHL,2014,9109.39,2355.58,1061.96,,1115.37,13342.17,3302.97,34384.72
Philippines,PHL,2015,2800.36,1491.01,330.5,0.97,1419.92,15794.8,500.87,20040.92
Philippines,PHL,2016,3656.59,2343.37,311.12,,1684.52,14425.11,1.2,19009.75
Philippines,PHL,2017,3300.74,2996.67,1014.24,,3511.3,628.62,10.44,25261.89
Philippines,PHL,2018,4021.43,2640.47,408.51,,1204.83,16231.49,3.31,14943.11
Philippines,PHL,2019,7443.55,1496.16,58.1,,186.17,13619.85,4.34,3780.07
Philippines,PHL,2020,8896.26,2146.18,,,357.42,21045.29,3587.05,12225.96
Philippines,PHL,2021,8304.35,1017.26,,15.55,659.44,3975.13,7494.83,16811
Philippines,PHL,2022,5631.76,2997.41,49.56,,402.87,8141.58,6242.78,29804.93
Philippines,PHL,2023,5059.16,507.2,17.98,2.32,304.86,7108.15,3987.94,15287.64
Poland,POL,2001,,,,0.12,,183.73,,79.33
Poland,POL,2002,,,,0.09,,134.52,,76.96
Poland,POL,2003,,,,,,88.95,,52.18
Poland,POL,2004,,,,0.01,,51.42,,40.42
Poland,POL,2005,,,,,,113.04,,119.65
Poland,POL,2006,,,,,,62.41,,34.51
Poland,POL,2007,,,,,,59.33,,90.11
Poland,POL,2008,522.86,266.67,,0.12,,31.42,,155.92
Poland,POL,2009,571.57,533.33,,0.29,,114.6,,72.19
Poland,POL,2010,,800,,,,190.85,,49.38
Poland,POL,2011,,800,,,,185.34,,115.71
Poland,POL,2012,,800,,,,210.83,,132.32
Poland,POL,2013,,,,3.37,,250.85,,99.31
Poland,POL,2014,299.95,,,11.32,,330.63,63.56,209.42
Poland,POL,2015,103.48,,,4.47,,520.06,,101.47
Poland,POL,2016,,,,0.56,,1323.25,,331.45
Poland,POL,2017,87.98,,,,,1664.32,,647
Poland,POL,2018,,,,12.26,,1316.25,,911.9
Poland,POL,2019,,,,6.68,,371.97,,272.62
Poland,POL,2020,,,,5.61,,205.29,,133.33
Poland,POL,2021,,,,4.38,,160.86,,115.04
Poland,POL,2022,262.36,,,,,3.65,,2.44
Poland,POL,2023,214.57,,,0.52,,30.25,,20.64
Portugal,PRT,2001,608.76,3822.11,,,,43.63,0.4,50.62
Portugal,PRT,2002,698.98,5700,,,,77.75,0.13,19.66
Portugal,PRT,2003,436.23,4201.43,,,,21.5,0.14,3.34
Portugal,PRT,2004,1571.71,5700,,,,41.25,0.49,9.05
Portugal,PRT,2005,574.85,4869.37,,,,20.7,0.67,34.44
Portugal,PRT,2006,688.98,5586.64,,,,14.21,,26.58
Portugal,PRT,2007,425.57,5700,,,,263.55,,68.67
Portugal,PRT,2008,633.56,4800,,,,40.51,,56.4
Portugal,PRT,2009,721.85,3900,,,,44.01,,40.91
Portugal,PRT,2010,265.08,3000,,,,197.28,8.34,143.79
Portugal,PRT,2011,213.23,3000,,,,74.91,5.21,71.23
Portugal,PRT,2012,446.62,3000,,,,18.78,1.67,95.61
Portugal,PRT,2013,334.04,2000,,,,7.04,0.6,63.81
Portugal,PRT,2014,490.43,1000,,,,31.47,0.02,122.22
Portugal,PRT,2015,519.68,,,,,1.76,,97.64
Portugal,PRT,2016,459.79,,,,,5.8,,469.18
Portugal,PRT,2017,291.05,,,,,8.72,,444.93
Portugal,PRT,2018,403.63,,,,,6.01,,426.26
Portugal,PRT,2019,428.47,,,,,4.08,,49.66
Portugal,PRT,2020,571.88,,,,,,,
Portugal,PRT,2021,404.78,,,,,,,
Portugal,PRT,2022,299.99,,,,,15.09,,79.8
Portugal,PRT,2023,250.15,,,,,5,,38.43
Puerto Rico,PRI,2001,,,,,,,12.77,188
Puerto Rico,PRI,2002,44.29,,,,,,8.42,80.05
Puerto Rico,PRI,2003,30.73,,,,,,11.87,77.71
Puerto Rico,PRI,2004,42.89,,,,,,0.12,15.18
Puerto Rico,PRI,2005,38.65,,,,,,0.15,34.05
Puerto Rico,PRI,2006,13.51,,,,,,1.65,35.61
Puerto Rico,PRI,2007,,,,,,,5.41,70.41
Puerto Rico,PRI,2008,,,,,,,2.4,47.8
Puerto Rico,PRI,2009,,,,,,,2.82,43.43
Puerto Rico,PRI,2010,,,,,,,13.56,12.65
Puerto Rico,PRI,2011,,,,,,1.71,10.99,9.41
Puerto Rico,PRI,2012,,,,,,2.32,0.38,7.03
Puerto Rico,PRI,2013,,,,,,10.86,3.33,25.94
Puerto Rico,PRI,2014,,,,,,6.04,6.6,56.3
Puerto Rico,PRI,2015,,,,,,3.98,3.91,22.26
Puerto Rico,PRI,2016,,,,,,9.92,6.5,26.97
Puerto Rico,PRI,2017,,,,,7.82,44.83,11.4,130.31
Puerto Rico,PRI,2018,8.8,,,,4.13,5.74,0.03,31.29
Puerto Rico,PRI,2019,6.41,,,,8.58,3.42,0.18,21.42
Puerto Rico,PRI,2020,7.58,,,,,3.28,0.04,12.55
Puerto Rico,PRI,2021,5.35,,,,,2.12,0.02,8.45
Puerto Rico,PRI,2022,3.88,,,,,1.1,0.06,7.18
Puerto Rico,PRI,2023,36.39,,,,,13.25,0.29,61.52
Reunion,REU,2001,1.95,,,,,,,
Reunion,REU,2002,71.64,,,,,,,
Reunion,REU,2003,24.85,,,,,,,
Reunion,REU,2005,36.51,,,,,,,
Reunion,REU,2006,65.36,,,,,0.96,0.27,21.74
Romania,ROU,2001,,,,10.57,,48.24,,41.98
Romania,ROU,2002,,,,9.95,,55.14,0.48,32.96
Romania,ROU,2003,,,,3.15,,35.34,0.07,9.03
Romania,ROU,2004,,,,,,1.91,1.37,27.16
Romania,ROU,2005,,,,,,1.43,,36.81
Romania,ROU,2006,,,,,,18.58,,21.02
Romania,ROU,2007,36.25,,,,,205.59,,141.78
Romania,ROU,2008,65.49,,,11.22,,90.01,,112.06
Romania,ROU,2009,187.78,,,2.53,,35.52,,32.52
Romania,ROU,2010,263.83,,,0.12,,14.15,,15.08
Romania,ROU,2011,292.35,,,0.68,,26.99,,9.96
Romania,ROU,2012,559.24,,,7.89,,29.91,,51.41
Romania,ROU,2013,,,,3.41,,6.59,,14.31
Romania,ROU,2014,,,,21.09,,0.84,,73.23
Romania,ROU,2015,,,,10.22,,4.99,,92.02
Romania,ROU,2016,,,,39.64,,171.9,,398.52
Romania,ROU,2017,,,,2.02,,114.58,,78.81
Romania,ROU,2018,,,,,,66.68,,43.49
Romania,ROU,2019,,,,,,0.79,,27.75
Romania,ROU,2022,,,,2.34,,90.87,,87.5
Romania,ROU,2023,,,,2.16,,124.2,,133.59
Russia,RUS,2001,16270.86,,,513.95,,2038.15,,5066.99
Russia,RUS,2002,12985.07,,,474.68,,1294.28,,3131.53
Russia,RUS,2003,6694.15,,,65.46,,701.42,,233.2
Russia,RUS,2004,16444.52,,,103.96,,1055.05,,548.5
Russia,RUS,2005,8717.03,,,62.32,,4000.68,,1314.43
Russia,RUS,2006,7853.55,,,,,5895.14,84.82,463.72
Russia,RUS,2007,7717.12,,,1085.15,,689.66,161.48,3818.6
Russia,RUS,2008,8204.57,,,596.4,,490.89,132.31,3809.51
Russia,RUS,2009,9383.22,,,794.38,,1866,20.26,3634.36
Russia,RUS,2010,10383.69,,,116.48,,5694.76,,2083.38
Russia,RUS,2011,9271.74,,,1206.91,,4812.02,,1468.21
Russia,RUS,2012,16123.47,,,890.17,,7746.55,,1327.67
Russia,RUS,2013,11282.61,,,729.58,,3881.59,,1670.1
Russia,RUS,2014,8197.93,,,473.49,,3244.41,,1684.86
Russia,RUS,2015,4885.15,,,475.48,,500.56,,2836.61
Russia,RUS,2016,5088.71,,,994.43,,1022.79,,3708.47
Russia,RUS,2017,5269.98,,,235.59,,3496.73,,4053.44
Russia,RUS,2018,3156.03,,,339.13,,2908.78,,4003.81
Russia,RUS,2019,2942.42,,,217.19,,864.27,,1356.8
Russia,RUS,2020,3732.23,,,273.04,,91.79,,1125.13
Russia,RUS,2021,2638.17,,,257.81,,526.59,,637.84
Russia,RUS,2022,2293.21,,,157.23,,111.98,20.68,1089.04
Russia,RUS,2023,1050.99,,,88.49,,94.87,2.52,362.59
Rwanda,RWA,2001,,202.77,1.08,100.49,42.15,376.36,249.3,265.82
Rwanda,RWA,2002,,88.69,0.77,85.97,12.9,391.38,97.27,191.59
Rwanda,RWA,2003,,147.88,2.46,74.5,124.8,221.4,65.07,292.73
Rwanda,RWA,2004,,184.24,0.23,82.04,17.43,215.46,58.56,477.65
Rwanda,RWA,2005,,103.23,0.54,70.42,47.63,143.61,101.17,209.95
Rwanda,RWA,2006,,90.9,0.08,138.99,,203.52,14.94,200.86
Rwanda,RWA,2007,,140.81,0.61,183.56,17.45,360.98,220.07,279.75
Rwanda,RWA,2008,,116.02,1.61,,,530.95,18.76,187.61
Rwanda,RWA,2009,,168.04,0.38,,40.68,346.38,8.04,513.11
Rwanda,RWA,2010,,184.17,2.23,,106.9,698.19,14.44,1103.87
Rwanda,RWA,2011,,91.31,0.77,,20.24,49.05,46.44,489.05
Rwanda,RWA,2012,,109.15,6.69,24.19,,99.39,90.22,546.1
Rwanda,RWA,2013,,409.15,26.21,33.49,,259.13,266.04,1195.24
Rwanda,RWA,2014,,582.26,22.67,67.46,,348.46,652.06,522.54
Rwanda,RWA,2015,,617.15,5.92,10.6,,81.54,102.94,98.47
Rwanda,RWA,2016,,834.41,17.83,0.49,,105.22,97.84,206.83
Rwanda,RWA,2017,,820,34.58,,,73,28.77,323.24
Rwanda,RWA,2018,,1000,46.19,,,367,160.2,1641.65
Rwanda,RWA,2019,,961.7,4.38,101.4,96.72,158.18,169.24,562.41
Rwanda,RWA,2020,,1000,,,,,,
Rwanda,RWA,2021,1065.39,1000,,,,,,
Rwanda,RWA,2022,1240.28,938.67,,,,,,
Rwanda,RWA,2023,824.76,1000,,,,,,
Saint Kitts and Nevis,KNA,2001,,,,,,,0.03,7.4
Saint Kitts and Nevis,KNA,2002,2.21,,,,,,0.2,0.17
Saint Kitts and Nevis,KNA,2003,3.08,,,,,,0.47,1.79
Saint Kitts and Nevis,KNA,2004,2.79,,,,,,0.08,0.66
Saint Kitts and Nevis,KNA,2005,,,,,,,0.12,1.33
Saint Kitts and Nevis,KNA,2006,2.14,,,,,,,
Saint Kitts and Nevis,KNA,2007,0.06,,,,,,0.3,0.76
Saint Kitts and Nevis,KNA,2008,,,,,,,0.06,2.15
Saint Kitts and Nevis,KNA,2009,,,,,,,0.01,1.89
Saint Kitts and Nevis,KNA,2010,,,,,,,0.09,2.99
Saint Kitts and Nevis,KNA,2011,0.87,,,,,,0.07,0.91
Saint Kitts and Nevis,KNA,2012,0.82,,,,,,0.39,0.53
Saint Kitts and Nevis,KNA,2013,0.35,,,,,,0.01,0.38
Saint Kitts and Nevis,KNA,2014,0.13,,,,,,,0.09
Saint Kitts and Nevis,KNA,2016,,,,,,,0.01,0.05
Saint Kitts and Nevis,KNA,2017,0.55,,,,,,,0.95
Saint Kitts and Nevis,KNA,2018,0.06,,,,,,0.04,0.41
Saint Kitts and Nevis,KNA,2019,0.43,,,,,,0.14,0.17
Saint Kitts and Nevis,KNA,2021,1.06,,,,,,0.13,0.35
Saint Kitts and Nevis,KNA,2022,0.03,,,,,,0.02,0.01
Saint Lucia,LCA,2001,1.79,,,,0.02,,0.04,0.48
Saint Lucia,LCA,2004,,,,,0.02,,0.1,3.17
Saint Lucia,LCA,2005,,,,,0.01,,0.12,2.34
Saint Lucia,LCA,2006,,,,,0.14,,0.88,1.29
Saint Lucia,LCA,2007,,,,,,,2.31,2.31
Saint Lucia,LCA,2008,,,,,,,0.05,0.02
Saint Lucia,LCA,2010,0.84,,,,,,5.17,2.12
Saint Lucia,LCA,2011,1.14,,,,,,2.98,2.46
Saint Lucia,LCA,2012,0.54,,,,0.01,,0.18,2.27
Saint Lucia,LCA,2013,0.51,,,,,,0.24,1.64
Saint Lucia,LCA,2014,0.38,,,,,,0.4,1.16
Saint Lucia,LCA,2015,0.13,,,,,,0.04,0.29
Saint Lucia,LCA,2016,,,,,,,,0.06
Saint Lucia,LCA,2017,,,,,0.28,,0.04,1.78
Saint Lucia,LCA,2018,,,,,0.66,,0.08,2.98
Saint Lucia,LCA,2019,0.14,,,,0.37,,0.23,1.33
Saint Lucia,LCA,2020,0.26,,,,,,1.71,1.34
Saint Lucia,LCA,2021,0.75,,,,,,1.43,5.29
Saint Lucia,LCA,2022,0.18,,,,,,0.56,1.05
Saint Lucia,LCA,2023,0.2,,,,,,0.73,1.24
Saint Vincent and the Grenadines,VCT,2001,,0.37,,,,,0.02,0.03
Saint Vincent and the Grenadines,VCT,2002,,0.51,,,,,0.04,0.07
Saint Vincent and the Grenadines,VCT,2003,,1.61,,,,,0.08,0.02
Saint Vincent and the Grenadines,VCT,2004,,0.94,,,,,0.09,0.07
Saint Vincent and the Grenadines,VCT,2005,0.08,0.86,,,0.06,0.01,0.46,0.31
Saint Vincent and the Grenadines,VCT,2006,0.03,0.06,,,0.01,,0.06,0.05
Saint Vincent and the Grenadines,VCT,2007,0.35,0.65,,,0.23,,0.56,0.91
Saint Vincent and the Grenadines,VCT,2008,0.73,1.07,,,0.08,,0.99,1.48
Saint Vincent and the Grenadines,VCT,2009,0.48,0.96,,,0.06,,0.44,1.49
Saint Vincent and the Grenadines,VCT,2010,2.26,1.49,,,0.5,,2.48,3.53
Saint Vincent and the Grenadines,VCT,2011,1.16,0.99,,,0.12,0.04,0.39,1.63
Saint Vincent and the Grenadines,VCT,2012,1.26,0.9,,,0.01,,0.26,1.02
Saint Vincent and the Grenadines,VCT,2013,1.01,0.68,,,,0.03,0.03,0.79
Saint Vincent and the Grenadines,VCT,2014,0.86,0.66,,,0.05,0.02,,0.59
Saint Vincent and the Grenadines,VCT,2015,0.03,0.11,,,,,,
Saint Vincent and the Grenadines,VCT,2016,,1.7,,,0.04,,,0.3
Saint Vincent and the Grenadines,VCT,2017,,,,,0.03,,0.01,0.3
Saint Vincent and the Grenadines,VCT,2018,,,,,0.09,0.07,,0.14
Saint Vincent and the Grenadines,VCT,2019,0.93,,,,0.28,0.18,,0.42
Saint Vincent and the Grenadines,VCT,2020,0.26,,,,0.02,0.02,,0.16
Saint Vincent and the Grenadines,VCT,2021,0.83,,,,0.03,,0.02,0.56
Saint Vincent and the Grenadines,VCT,2022,0.92,,,,0.02,,,0.58
Saint Vincent and the Grenadines,VCT,2023,0.04,,,,,,,0.02
Sao Tome and Principe,STP,2001,12.69,,,,,,,6.61
Senegal,SEN,2001,30.69,,0.02,,,2.63,1.4,7.69
Senegal,SEN,2002,,,0.14,,,16.31,1.35,42.44
Senegal,SEN,2003,,,,,,,,1.58
Senegal,SEN,2004,,,0.03,,,,0.7,5.13
Senegal,SEN,2005,0.35,,0.07,,,12.57,3.82,5.62
Senegal,SEN,2006,0.11,,0.04,,,10.9,0.3,11.12
Senegal,SEN,2007,0.41,,0.23,,,28.85,0.06,40.98
Senegal,SEN,2008,55.23,,0.53,,,,0.09,12.09
Senegal,SEN,2009,42.13,,2.77,,,,,34.59
Senegal,SEN,2010,37.82,,0.33,,,17.2,0.07,11.22
Senegal,SEN,2011,6.68,,0.08,,,8.86,0.33,10.61
Senegal,SEN,2012,0.39,,0.02,,,10.25,0.36,14.93
Senegal,SEN,2013,0.84,,0.01,,,60.24,2.57,11.62
Senegal,SEN,2014,0.43,,0.01,,,23.92,1.85,20.54
Senegal,SEN,2015,1.14,,,,,18.91,3.75,13.75
Senegal,SEN,2016,0.6,,0.04,,,6.99,2.96,24.56
Senegal,SEN,2017,4.44,,0.02,,,24.1,3.43,17.69
Senegal,SEN,2018,2.37,,,,,6.22,1.49,9.14
Senegal,SEN,2019,3.19,,,,,5.44,0.41,6.12
Senegal,SEN,2020,1.22,,0.11,,,0.29,3.03,13.53
Senegal,SEN,2021,1.88,,,,,2.55,0.09,0.42
Senegal,SEN,2022,2.56,,,,,4.71,0.1,0.27
Senegal,SEN,2023,1.44,,,,,6.63,0.24,0.85
Serbia,SRB,2006,,1254.22,,,,72.11,,61.92
Serbia,SRB,2007,,1150.54,,35.84,,44.05,,30.86
Serbia,SRB,2008,,1580.67,,8.25,,5.25,,8.35
Serbia,SRB,2009,33,1044.33,,4.39,,8.86,,10.01
Serbia,SRB,2010,104.41,508,,,,8.37,,3.96
Serbia,SRB,2011,110.92,508,,,,20.2,,2.33
Serbia,SRB,2012,,508,,56.04,,149.24,0.39,79.72
Serbia,SRB,2013,,,,33.67,,60.8,0.48,80.72
Serbia,SRB,2014,,2688.66,,98.51,,17.26,0.6,223.26
Serbia,SRB,2015,,1880.87,,10.35,,63.47,0.09,117.99
Serbia,SRB,2016,196.06,3065.74,,103.39,,24.91,,116.05
Serbia,SRB,2017,172.92,273.33,,110.56,,153.01,0.03,67.15
Serbia,SRB,2018,,271.11,,79.18,,233.76,0.09,19.64
Serbia,SRB,2019,,271.48,,9.66,,88.79,0.01,68.78
Serbia,SRB,2020,,271.98,,,,128.93,,64.01
Serbia,SRB,2021,,271.3,,,,68.43,,43.33
Serbia,SRB,2022,,271.48,,,,115.8,,44.27
Serbia,SRB,2023,,271.58,,,,157.16,,76.3
Serbia and Montenegro,OWID_SRM,2001,126.25,1880.44,,38.79,,0.47,7.59,186.94
Serbia and Montenegro,OWID_SRM,2002,,726.18,,18.32,,13.11,,106.84
Serbia and Montenegro,OWID_SRM,2003,,709.67,,3.04,,4.25,,6.15
Serbia and Montenegro,OWID_SRM,2004,,2117,,2.47,,2.84,,9.2
Serbia and Montenegro,OWID_SRM,2005,,1182.19,,0.72,,5.05,,5.28
Seychelles,SYC,2012,0.01,,,,,,,0.66
Seychelles,SYC,2013,0.23,,,,,,,0.76
Seychelles,SYC,2014,0.21,,,,,,,0.69
Sierra Leone,SLE,2001,,2.66,4.5,,1.46,303.08,285.65,134.64
Sierra Leone,SLE,2002,,1.05,3.28,,1.78,215.8,94.17,81.86
Sierra Leone,SLE,2003,,0.56,,,5.04,278.2,0.04,66.53
Sierra Leone,SLE,2004,126.12,4.82,,,0.11,0.26,0.3,0.69
Sierra Leone,SLE,2005,207.19,7,0.08,,0.22,2.2,33,3.5
Sierra Leone,SLE,2006,833.45,9.28,1.58,,0.33,2.33,56.13,8.41
Sierra Leone,SLE,2007,,2.81,4.14,,20,229.56,168.89,71.69
Sierra Leone,SLE,2008,,2.18,2.14,,26.65,183.84,125.85,56.73
Sierra Leone,SLE,2009,37.92,3.76,3.27,,53.54,543.61,16.8,38.43
Sierra Leone,SLE,2010,18.96,2.21,1.34,,2.05,180.45,28.82,18.25
Sierra Leone,SLE,2011,832.34,13.44,3.38,,0.54,76.99,1.34,6.06
Sierra Leone,SLE,2012,,0.49,32.61,,,135.9,275.92,68.88
Sierra Leone,SLE,2013,410.67,27.93,59.35,,505.83,909.91,,53.98
Sierra Leone,SLE,2014,603.32,21.23,215.65,,1649.56,1488.75,,155.09
Sierra Leone,SLE,2015,543.98,29.92,41.6,,388.18,2500.03,0.31,199.2
Sierra Leone,SLE,2016,632.08,11.86,678.9,,15.98,50.82,0.46,1269.02
Sierra Leone,SLE,2017,342.78,9.73,118.73,,257.49,98.5,59.28,1407.12
Sierra Leone,SLE,2018,351.64,10.33,47.1,,,705.17,247.68,771.62
Sierra Leone,SLE,2019,351.86,7.55,29.63,,209.65,610.27,509.29,478.5
Sierra Leone,SLE,2020,841.83,23.97,46.63,,3.36,1626.21,107.62,131.46
Sierra Leone,SLE,2021,806.49,11.57,521.04,,366.81,417.11,0.58,253.94
Sierra Leone,SLE,2022,730.76,15.64,16.42,,3.57,1551.85,184.82,6.77
Sierra Leone,SLE,2023,751.37,15.31,40.65,,16.09,1415.73,145.18,46.42
Singapore,SGP,2001,1.63,,,,,,,11.95
Singapore,SGP,2002,4.41,,,,,,,29.92
Singapore,SGP,2003,0.07,,,,,,,0.85
Singapore,SGP,2004,0.39,,,,,,,2.9
Singapore,SGP,2005,1.04,,,,,0.08,0.01,9.92
Singapore,SGP,2006,0.56,,,,,1.23,,4.44
Singapore,SGP,2007,0.63,,,,,0.62,,4.74
Singapore,SGP,2008,2.18,,,,,,,17.58
Singapore,SGP,2009,2.82,,,,,0.46,,25.14
Singapore,SGP,2010,0.66,,,,,0.08,,6.15
Singapore,SGP,2011,1.34,,,,,0.23,,11.09
Singapore,SGP,2012,1.73,,,,,0.08,0.01,14.25
Singapore,SGP,2013,0.06,,,,,,,0.75
Singapore,SGP,2014,1.43,,,,,,0.01,13.67
Singapore,SGP,2015,0.63,,,,,,,10.29
Singapore,SGP,2016,3.48,,,,,0.08,,25.28
Singapore,SGP,2017,3.19,,,,,0.15,0.02,42.47
Singapore,SGP,2018,0.22,,,,,0.62,0.02,24.98
Singapore,SGP,2019,0.28,,,,,,,4.99
Singapore,SGP,2020,1.39,,,,,,0.01,11
Singapore,SGP,2021,0.66,,,,,,,4.49
Singapore,SGP,2022,1.89,,,,,,,14
Singapore,SGP,2023,0.92,,,,,,,7.33
Slovakia,SVK,2001,,791,,2.09,,74.8,,41.06
Slovakia,SVK,2002,,791,,3.09,,48.79,,85
Slovakia,SVK,2003,,791,,0.4,,18.82,,32.17
Slovakia,SVK,2004,52.66,791,,,,2.07,,17.02
Slovakia,SVK,2005,112.71,791,,,,4.98,,29.22
Slovakia,SVK,2006,,791,,,,28.87,,30.95
Slovakia,SVK,2007,0.64,791,,12.48,,18.84,,70.93
Slovakia,SVK,2008,,520,,20.96,,71.37,,37.07
Slovakia,SVK,2009,,249,,12.47,,77.07,,14
Slovakia,SVK,2010,,,,5.08,,29.73,,3.06
Slovakia,SVK,2011,,,,8.4,,24.05,,3.69
Slovakia,SVK,2012,90.81,,,27.89,,0.45,,29.31
Slovakia,SVK,2013,93.99,,,1.02,,9.06,,3.29
Slovakia,SVK,2014,153.02,,,7.04,,0.23,,33.94
Slovakia,SVK,2015,103.84,,,1.29,,18.37,,34.14
Slovakia,SVK,2016,,,,35.76,,78.27,,105.62
Slovakia,SVK,2017,55.79,,,23.82,,111,,50.78
Slovakia,SVK,2018,,,,30,,48.5,,22.06
Slovakia,SVK,2019,,,,7.34,,2.69,,13.31
Slovenia,SVN,2001,,,,0.36,,36.96,,23.31
Slovenia,SVN,2002,,,,0.8,,40.35,0.31,22.01
Slovenia,SVN,2003,,,,0.72,,20.48,,20.8
Slovenia,SVN,2004,79.98,,,0.02,,1.64,,1.72
Slovenia,SVN,2005,80.95,,,,,25.62,,7.29
Slovenia,SVN,2006,44.44,,,,,9.46,,3.11
Slovenia,SVN,2007,60.55,,,,,15.54,,8.86
Slovenia,SVN,2008,2.99,,,2.56,,28.74,3.44,64.14
Slovenia,SVN,2009,,,,2.3,,49.14,,54.07
Slovenia,SVN,2010,,,,1.38,,52.49,0.51,24.94
Slovenia,SVN,2011,,,,2.77,,67.84,0.33,20.8
Slovenia,SVN,2012,81.16,,,3.06,,8.91,0.24,4.06
Slovenia,SVN,2013,65.52,,,0.68,,1.8,0.01,0.88
Slovenia,SVN,2014,37.12,,,23.98,,43.81,1.33,25.99
Slovenia,SVN,2015,,,,0.04,,4.02,,5.34
Slovenia,SVN,2016,,,,,,22.19,,18.53
Slovenia,SVN,2017,129.11,,,,,23.15,,20.66
Slovenia,SVN,2018,105.72,,,0.33,,15.26,,7.22
Slovenia,SVN,2019,98.09,,,0.54,,3.66,0.05,1.04
Slovenia,SVN,2020,72.84,,,,,,,
Slovenia,SVN,2021,55.21,,,,,,,
Slovenia,SVN,2022,53.23,,,0.98,,5.97,0.07,0.35
Slovenia,SVN,2023,94.29,,,0.79,,4.08,0.07,0.41
Solomon Islands,SLB,2001,280.05,,5.16,,582.11,40.98,128.06,72.62
Solomon Islands,SLB,2002,37.96,,10.17,,378.46,40.82,96.63,933.54
Solomon Islands,SLB,2003,,,69.64,,,22.94,6.32,917.89
Solomon Islands,SLB,2004,,,69.94,,,9.25,56,1154.63
Solomon Islands,SLB,2005,,,567.36,,,22.68,138.59,589.84
Solomon Islands,SLB,2006,,,951.42,,425.5,34.78,460.67,203.61
Solomon Islands,SLB,2007,203.8,,60.9,,0.08,0.01,0.02,12.62
Solomon Islands,SLB,2008,77.6,,41.02,,0.83,0.02,0.08,30.09
Solomon Islands,SLB,2009,147.6,,12.88,,0.52,0.07,0.04,13.96
Solomon Islands,SLB,2010,,,854.67,,,28.67,157.66,609.09
Solomon Islands,SLB,2011,,,595.19,,,33.57,145.29,344.25
Solomon Islands,SLB,2012,,,965.84,,,53.86,302.42,62.86
Solomon Islands,SLB,2013,,,1010.99,,0.67,18.26,179.35,32.4
Solomon Islands,SLB,2014,,,683.15,,,6.56,82.92,56.04
Solomon Islands,SLB,2015,,,777.7,,6.96,,119.88,178.52
Solomon Islands,SLB,2016,,,615.07,,,5.05,100.25,89.72
Solomon Islands,SLB,2017,,,493.76,,,,139.34,67.46
Solomon Islands,SLB,2018,,,1344.59,,309.56,1.94,79.67,69.87
Solomon Islands,SLB,2019,,,1254.78,,,1.56,22.2,22.67
Solomon Islands,SLB,2020,,,1400.57,,,,0.28,306.6
Solomon Islands,SLB,2021,,,127.18,,,0.05,3.93,48.12
Solomon Islands,SLB,2022,,,1040.38,,12.98,2.87,53.35,997.43
Solomon Islands,SLB,2023,,,917.08,,,0.34,16.62,397.16
Somalia,SOM,2001,151.51,,,,,107.9,0.42,31.02
Somalia,SOM,2002,110.83,,,,,17.7,1.53,74.02
Somalia,SOM,2003,96.46,,,,,3.58,,0.42
Somalia,SOM,2004,146.69,,,,,,0.07,11.06
Somalia,SOM,2005,161.37,,,,,,0.05,19.49
Somalia,SOM,2006,38.47,,,,,24.3,0.29,11.06
Somalia,SOM,2007,66.96,,,,,88.87,0.15,4.63
Somalia,SOM,2008,120.89,,,,,,0.26,5.96
Somalia,SOM,2009,162.6,,,,,0.03,0.61,21.41
Somalia,SOM,2010,69.4,,,,,14.83,0.18,1.41
Somalia,SOM,2011,16.76,,,,,90.57,0.17,18.86
Somalia,SOM,2012,15.02,,,,,122.45,0.39,37.17
Somalia,SOM,2013,130.04,,,,,0.28,0.8,91.01
Somalia,SOM,2014,39.75,,,,,5.44,3.84,65.43
Somalia,SOM,2015,6.59,,,,,0.37,4.41,23.94
Somalia,SOM,2016,15.84,,,,,34.23,0.15,4.22
Somalia,SOM,2017,39.64,,,,,76.66,2.88,24.55
Somalia,SOM,2018,6.23,,,,,19.48,0.19,3.33
Somalia,SOM,2019,66.89,,,,,0.06,5.23,57.66
Somalia,SOM,2020,87.47,,,,,,0.51,26.24
Somalia,SOM,2021,83,,,,,0.04,0.65,22.47
Somalia,SOM,2022,65.61,,,,,0.06,1,17.1
Somalia,SOM,2023,100.38,,,,,0.04,0.88,27.72
South Africa,ZAF,2001,4941.06,,,13.85,,1093.78,,826.97
South Africa,ZAF,2002,3115.32,,,171.36,,212.02,40.64,213.69
South Africa,ZAF,2003,4599.4,,,526.27,,108.4,24.35,84.32
South Africa,ZAF,2004,6863.42,,,352.97,,16.11,44.12,159.55
South Africa,ZAF,2005,4700.72,,,117.98,,19.86,55.96,1206.04
South Africa,ZAF,2006,2781.15,,,,,3127.37,42.31,1483.84
South Africa,ZAF,2007,4967.37,,,501.72,,849.6,34.81,561.79
South Africa,ZAF,2008,5058.13,,,489.33,,65.81,8.95,254.77
South Africa,ZAF,2009,4643.53,,,411.85,,515.72,15.12,110.33
South Africa,ZAF,2010,3458.34,,,423.43,,87.77,2.39,380.09
South Africa,ZAF,2011,4281.98,,,182.01,,708.48,8.44,335.83
South Africa,ZAF,2012,3248.94,,,735.58,,1296.98,33.6,867.32
South Africa,ZAF,2013,4105.82,,,,,292.43,,2642.08
South Africa,ZAF,2014,5051.15,,,574.96,,2666.56,76.25,684.73
South Africa,ZAF,2015,4378.78,,,920.89,,445.57,78.54,937.51
South Africa,ZAF,2016,5606.4,,,1140.7,,2313.37,121.77,734.3
South Africa,ZAF,2017,7557.89,,,1251.42,,776.02,76.06,568.17
South Africa,ZAF,2018,6792.01,,,229.61,,1032.09,8.15,485.87
South Africa,ZAF,2019,5522.77,,,437.41,,133.15,0.38,673.94
South Africa,ZAF,2020,6242.72,,,728.42,,48.42,,290.69
South Africa,ZAF,2021,4901.91,,,808.47,,68.77,,411.94
South Africa,ZAF,2022,3573.37,,,778.89,,24.8,,84.93
South Africa,ZAF,2023,3036.37,,,481.35,,27.71,,149.54
South America,OWID_SAM,2001,1575930.1,19269.74,3710.41,229063.42,5893.85,79935.5,13735.01,134894.97
South America,OWID_SAM,2002,2330946.8,20346.58,2832.38,338352.4,5696.01,104246.74,10427.28,119420.78
South America,OWID_SAM,2003,2142785.2,23041.2,2233.95,487538.4,7067.98,123090.35,15943.46,188781.19
South America,OWID_SAM,2004,2738367.8,26718.71,3356.29,521036.97,7012.68,214282.3,12087.88,221318.5
South America,OWID_SAM,2005,2555629.2,31017.69,4236.39,261951.84,8827.68,253130.97,11132.09,209697.31
South America,OWID_SAM,2006,2064097.8,31118.59,8739.45,212654.77,8842.42,92227.53,12762.61,147369.62
South America,OWID_SAM,2007,1907007.1,37865.63,22556.84,244547.22,6707.35,274803.72,17372.32,201405.08
South America,OWID_SAM,2008,1734052.9,40133.15,34102.31,363268.62,17476.31,354705.2,35595.03,237013.34
South America,OWID_SAM,2009,1312295,28292.15,20472.24,194287.14,23559.67,292292.34,15519.7,151179.69
South America,OWID_SAM,2010,1780634.6,37713.29,16812.45,292062.8,24776.33,398809.44,13878.39,160503.81
South America,OWID_SAM,2011,1261807.8,51218.97,11086.16,356630.25,13083.35,215048.1,12374.54,152358.58
South America,OWID_SAM,2012,1575620.5,83549.05,34346.12,374828.5,40313.96,339037.9,28856.19,239126.9
South America,OWID_SAM,2013,1024573.9,65008.07,25935.11,175047.48,21907.3,276472.53,27222.69,168764
South America,OWID_SAM,2014,1482662.1,74120.55,30393.78,223138.92,64653.8,233595.98,15319.75,136101.05
South America,OWID_SAM,2015,1289159.4,62091.05,26409.58,145495.84,48071.02,108897.48,8331.16,80243.92
South America,OWID_SAM,2016,2090481.5,85919.57,36090.32,223373.2,61546.35,269506.97,15884.56,213345.23
South America,OWID_SAM,2017,1910411.9,114252.13,17373.74,198093.69,67864.79,287448.97,30794.7,264574.06
South America,OWID_SAM,2018,1604000.4,81192.16,12245.1,173818.3,45081.83,204696.58,16742.75,205586.4
South America,OWID_SAM,2019,1674128.5,83062.16,10466.67,172546.48,35110.24,224088.56,21085.22,165803.77
South America,OWID_SAM,2020,1868767,74422.4,20897.35,221444.94,14149.01,127407.27,19352.56,120213.53
South America,OWID_SAM,2021,1822913.8,79336.74,12770.31,207047.47,6078.26,124542.44,20114.4,111401.88
South America,OWID_SAM,2022,2036088.4,79765.7,13636.46,160061.8,16026.5,207336,31483.36,101530.79
South America,OWID_SAM,2023,1351073.1,95931.73,9220.71,22772.07,10932.58,148236.11,26153.03,103442.71
South Korea,KOR,2001,78.52,2272.17,,23.25,,30.22,14.6,34.34
South Korea,KOR,2002,60.73,1718.09,,46.06,,5.65,19.66,22.8
South Korea,KOR,2003,85.6,1469.87,,7.59,,2.32,4.84,16.03
South Korea,KOR,2004,361.34,4354.47,,,,8.26,10.98,55.85
South Korea,KOR,2005,257.33,3249.28,,,,6.9,3.88,35.93
South Korea,KOR,2006,326.78,4256.13,,,,17.45,11.9,64.55
South Korea,KOR,2007,228.16,2751.62,,,,12.82,4.35,25.9
South Korea,KOR,2008,711.92,5333.95,,7.12,,49.4,17.11,62.36
South Korea,KOR,2009,210.69,6130.75,,73.28,,103.85,38.88,119.12
South Korea,KOR,2010,201.83,6220.16,,65.89,,30.66,42.27,146.14
South Korea,KOR,2011,125.75,4616.35,,,,20.11,13.64,159.9
South Korea,KOR,2012,515.72,6756.64,,,,66.82,,118.02
South Korea,KOR,2013,131.65,4325.87,,,,14.05,0.74,31.17
South Korea,KOR,2014,204.41,658,,,,8.85,3.78,80.63
South Korea,KOR,2015,220.27,,,,,23.57,7.78,65.15
South Korea,KOR,2016,265.12,,,60.77,,47.8,,114.69
South Korea,KOR,2017,191.85,,,195.21,,158.76,66.15,140.66
South Korea,KOR,2018,142.42,,,70.65,,42.78,42.47,228.04
South Korea,KOR,2019,170.23,,,36.36,,39.86,,110.3
South Korea,KOR,2020,126.44,,,,,,,
South Korea,KOR,2021,101.35,,,,,,,
South Korea,KOR,2022,71.36,,,8.57,,14.17,5.45,21.97
South Korea,KOR,2023,105.44,,,8.19,,7.04,1.47,14.85
South Sudan,SSD,2012,3633.72,,,,,100.58,25.43,249.41
South Sudan,SSD,2013,2583.67,,,,,245.98,5.39,76.64
South Sudan,SSD,2014,2443.47,,,,,199.79,1.24,92.66
South Sudan,SSD,2015,569.36,,,,,,20.87,54.99
South Sudan,SSD,2016,1346.04,,,,,14.37,14.19,82.57
South Sudan,SSD,2017,2675.99,,,,,23.71,3.36,19.37
South Sudan,SSD,2018,1012.25,,,,,233.82,24.74,224.31
South Sudan,SSD,2019,1232.46,,,,,237.1,24.35,236.71
South Sudan,SSD,2020,380.02,,,,,646.52,17.23,157.1
South Sudan,SSD,2021,442.94,,,,,987.93,,12.74
South Sudan,SSD,2022,308.8,,,,,1669.46,,30.5
South Sudan,SSD,2023,1009.36,,,,,3024.09,14.49,172.92
Spain,ESP,2001,,8248,,,,574.82,0.35,685.83
Spain,ESP,2002,,8248,,4.54,,596.89,1.02,1728.24
Spain,ESP,2003,,8027.88,,0.81,,231.29,1.44,293.44
Spain,ESP,2004,,8248,,0.83,,636.41,0.58,279.57
Spain,ESP,2005,,8248,,,,452.73,0.04,327.69
Spain,ESP,2006,,8248,,1.5,,243.09,0.1,819.57
Spain,ESP,2007,,8248,,0.8,,406.95,,514.84
Spain,ESP,2008,,5610.67,,0.62,,151.15,,746.95
Spain,ESP,2009,,2973.33,,,,2776.55,,1077.51
Spain,ESP,2010,,336,,,,406.12,0.04,285.59
Spain,ESP,2011,,336,,0.31,,1316.36,0.95,521.47
Spain,ESP,2012,1298.22,336,,1.18,,239.33,0.63,394.79
Spain,ESP,2013,,,,0.45,,259.86,1.78,363.79
Spain,ESP,2014,,,,1.05,,152.6,1.03,484.81
Spain,ESP,2015,1087.46,,,0.11,,76.09,,518.39
Spain,ESP,2016,1971.67,,,0.82,,273.64,,682.01
Spain,ESP,2017,1456.51,1076.67,,,,386.35,,569.62
Spain,ESP,2018,1813.2,1078.89,,0.22,,389.72,,588.56
Spain,ESP,2019,1048.67,1078.52,,,,303.38,,432.72
Spain,ESP,2020,1941.44,1078.02,,,,,,
Spain,ESP,2021,1143.52,1078.7,,0.11,,0.27,,61.85
Spain,ESP,2022,1388.98,1078.52,,,,,,
Spain,ESP,2023,836.77,1078.42,,0.05,,0.83,,21.13
Sri Lanka,LKA,2001,2005.38,,3.06,19.45,,8.25,36.54,1279.76
Sri Lanka,LKA,2002,100.46,,1.68,37.79,,2105.61,,762.85
Sri Lanka,LKA,2003,278.53,,0.23,47.13,,447.72,,2093.81
Sri Lanka,LKA,2004,196.97,,2.67,54.42,,3768.32,3.84,909.65
Sri Lanka,LKA,2005,166.77,,3.82,,,2988.84,9.1,676.29
Sri Lanka,LKA,2006,144.27,,7.5,,22.05,3499.47,21.36,2710.69
Sri Lanka,LKA,2007,130.67,,5.66,36.84,8.54,6025.32,19.77,2874.76
Sri Lanka,LKA,2008,91.42,460.75,4.05,44.04,,1408.36,9.62,3914.67
Sri Lanka,LKA,2009,196.24,654.94,7.19,,,5911.02,22.76,6307.9
Sri Lanka,LKA,2010,144.41,326.66,3.9,109.27,6.37,4388.73,57.03,1585.99
Sri Lanka,LKA,2011,1943.27,423.52,2.29,203.09,,1008.58,47.56,5291.42
Sri Lanka,LKA,2012,2948.52,474.34,4.59,54.84,,2589.64,,1801.1
Sri Lanka,LKA,2013,1487.43,339.33,0.99,,,13.21,,5712.68
Sri Lanka,LKA,2014,683.07,402.45,,540.74,,,,10211.07
Sri Lanka,LKA,2015,142.88,269.52,0.38,,,829.93,85.7,5704.71
Sri Lanka,LKA,2016,404.07,296.67,0.84,,,2.11,575.78,15157.58
Sri Lanka,LKA,2017,637.81,296.67,0.15,,,6626.51,139.97,4381.83
Sri Lanka,LKA,2018,1680.59,257.31,0.31,5.96,,1794.72,87.76,2759.14
Sri Lanka,LKA,2019,1533.99,146.75,,19.56,,3508.28,36.42,1468.35
Sri Lanka,LKA,2020,102.22,282.76,,37.68,,8414.65,183.19,1872.23
Sri Lanka,LKA,2021,77.74,294.37,,311.09,,5722.7,308.84,6169.3
Sri Lanka,LKA,2022,24.32,233.92,,185.4,,4383.16,143.9,3190.12
Sri Lanka,LKA,2023,58.41,144.97,,214.21,,6676.64,221.43,4159.45
Sudan,SDN,2012,6.95,0.05,,,,10.15,0.11,6.96
Sudan,SDN,2013,2.87,0.02,,,,13.69,0.15,3.53
Sudan,SDN,2014,1.59,,,,,,0.39,12.2
Sudan,SDN,2015,0.81,,,,,4.6,0.02,3.68
Sudan,SDN,2016,10.96,,,,,0.77,0.06,24.7
Sudan,SDN,2017,48.54,,,,,10.16,0.1,33.77
Sudan,SDN,2018,24.73,,,,,,0.02,8.67
Sudan,SDN,2019,44.2,,,,,9.59,0.15,3.27
Sudan,SDN,2020,70.22,,,,,4.78,0.39,2.35
Sudan,SDN,2021,49.16,,,,,3.52,0.28,0.68
Sudan,SDN,2022,42.96,,,,,,0.33,4.2
Sudan,SDN,2023,42.78,,,,,2.7,0.25,1.36
Sudan and South Sudan,,2001,1474.03,1.64,,,,429.84,43.5,1032.4
Sudan and South Sudan,,2002,1403.45,2.91,,,,3116.29,5.82,340.32
Sudan and South Sudan,,2003,1063.96,9.1,,,,25.91,2.36,314.67
Sudan and South Sudan,,2004,2955.47,21.24,,,,2363.48,0.58,102.16
Sudan and South Sudan,,2005,3743.44,5.78,,,,734.92,5.01,978.1
Sudan and South Sudan,,2006,915.17,6.58,,,,1641.76,13.95,2459.87
Sudan and South Sudan,,2007,1249.45,18.51,,,,0.61,27.19,3377.97
Sudan and South Sudan,,2008,1242.43,14.37,,,,1559.86,9.7,1887.18
Sudan and South Sudan,,2009,493.69,8.16,,,,434.59,171.25,3036.89
Sudan and South Sudan,,2010,228.41,12,,,,864.97,29.18,909.84
Sudan and South Sudan,,2011,329.94,29.24,,,,1694.26,73.21,1839.4
Suriname,SUR,2001,,,,,0.07,,,0.46
Suriname,SUR,2002,266.94,,,,1.45,159.58,1.04,9.97
Suriname,SUR,2003,916.76,,,,0.08,,0.02,2.27
Suriname,SUR,2004,649.98,,0.01,,0.08,,0.01,0.51
Suriname,SUR,2005,654.78,,0.35,,2.15,,0.04,11.54
Suriname,SUR,2006,,,3.32,0.09,8.2,454.59,0.13,22.77
Suriname,SUR,2007,,,0.92,0.15,,423.49,0.48,14.77
Suriname,SUR,2008,,,2.83,0.34,,752.26,2.1,24.76
Suriname,SUR,2009,,,0.03,,,,0.13,0.51
Suriname,SUR,2010,,,5.82,,,549.79,20.6,121.72
Suriname,SUR,2011,,,,,1.3,404.42,18.99,176.57
Suriname,SUR,2012,,,,,8.66,1667.04,28.93,469.72
Suriname,SUR,2013,,,,,8.64,939.37,18.14,213.98
Suriname,SUR,2014,,,,,,,1.96,24.13
Suriname,SUR,2015,1481.86,,,,0.24,,2.64,29.88
Suriname,SUR,2016,2568.96,,,0.19,0.29,0.86,0.24,40.59
Suriname,SUR,2017,1328.54,,,,,,,23.18
Suriname,SUR,2018,1178.35,,,,,13.75,0.04,3.82
Suriname,SUR,2019,2331.37,,,,0.2,,0.2,28.85
Suriname,SUR,2020,1530.03,,,,0.12,,,8.99
Suriname,SUR,2021,202.06,,,,,,0.01,0.05
Suriname,SUR,2022,23.16,,,,0.17,148.39,6.99,39.89
Suriname,SUR,2023,437.05,,4.06,0.02,3.98,619.61,23.26,212.65
Sweden,SWE,2001,352.76,9300,,,,222.62,,669.51
Sweden,SWE,2002,284.39,9300,,,,209.3,,159.12
Sweden,SWE,2003,165.2,9300,,,,20.45,,83.23
Sweden,SWE,2004,316.8,9300,,,,57.17,,157.44
Sweden,SWE,2005,135.53,9300,,,,186.62,,35.53
Sweden,SWE,2006,236.41,9300,,,,285.93,,56.13
Sweden,SWE,2007,225.03,9300,,,,74.41,,109.58
Sweden,SWE,2008,492.46,,,,,304.73,3.38,186.59
Sweden,SWE,2009,378.24,,,,,146.03,,238.66
Sweden,SWE,2010,566.41,,,,,299.35,,69.88
Sweden,SWE,2011,367.91,,,,,314.8,,55
Sweden,SWE,2012,747.57,,,,,608.26,,136.77
Sweden,SWE,2013,562.39,,,,,221.71,0.44,70.59
Sweden,SWE,2014,440.93,,,,,69.65,2.9,170.82
Sweden,SWE,2015,280.67,,,,,123.79,2.33,61.44
Sweden,SWE,2016,331.28,,,,,297.65,,161.6
Sweden,SWE,2017,595.59,,,,,675.33,,104.89
Sweden,SWE,2018,287.8,,,,,381.54,,35.4
Sweden,SWE,2019,248.92,,,,,46.72,,135.21
Sweden,SWE,2020,236.43,,,,,,,
Sweden,SWE,2021,170.99,,,,,46.59,,34.46
Sweden,SWE,2022,,,,,,209.44,,14.32
Sweden,SWE,2023,68.77,,,,,59.31,,17.27
Switzerland,CHE,2001,14.45,,,13.26,,1.25,,73.37
Switzerland,CHE,2002,9.31,,,,,6.08,,44.37
Switzerland,CHE,2003,1.44,,,,,28.16,,20.34
Switzerland,CHE,2004,,,,,,58.96,,138.91
Switzerland,CHE,2005,,,,,,7.14,,95.53
Switzerland,CHE,2006,,,,,,12.24,,85.39
Switzerland,CHE,2007,,,,0.14,,1.36,,6.36
Switzerland,CHE,2008,,,,0.28,,0.06,0.42,9.12
Switzerland,CHE,2009,,,,,,0.78,,10.29
Switzerland,CHE,2010,,,,3.38,,0.43,1.74,44.94
Switzerland,CHE,2011,,,,0.5,,0.27,0.12,7.62
Switzerland,CHE,2012,,,,0.7,,0.56,0.02,6.65
Switzerland,CHE,2013,,,,0.16,,0.26,,1.99
Switzerland,CHE,2014,,,,0.08,,1.24,,1.89
Switzerland,CHE,2015,,,,0.62,,11.16,1.64,22.59
Switzerland,CHE,2016,,,,,,25.72,,47.43
Switzerland,CHE,2017,,,,4.84,,71.68,,81.1
Switzerland,CHE,2018,,,,6.81,,40.56,,47.67
Switzerland,CHE,2019,,,,11.58,,44.47,,37.22
Switzerland,CHE,2020,39.01,,,4.2,,14.32,,14.28
Switzerland,CHE,2021,,,,7.04,,38.16,,27.66
Switzerland,CHE,2022,10.69,,,1,,18.58,,13.42
Switzerland,CHE,2023,7.93,,,3.01,,21.78,,16.78
Syria,SYR,2001,2.37,0.8,,,,39.42,1.6,36.43
Syria,SYR,2002,,0.49,,,,16.16,0.27,7.31
Syria,SYR,2003,,0.37,,,,5.27,0.29,11.63
Syria,SYR,2004,,0.33,,,,3.94,0.21,7.81
Syria,SYR,2005,,0.55,,,,8.49,0.45,13.04
Syria,SYR,2006,,0.26,,,,,0.54,12.79
Syria,SYR,2007,2.75,0.93,,0.18,,33.12,0.69,18.13
Syria,SYR,2008,,0.34,,0.21,,11.31,,39.28
Syria,SYR,2009,,0.36,,,,12.34,,10.45
Syria,SYR,2010,,,,,,,,15.57
Syria,SYR,2011,,,,,,0.05,,12.47
Syria,SYR,2012,,,,,,0.72,,158.08
Syria,SYR,2013,1.27,,,0.81,,0.01,,40.27
Syria,SYR,2014,0.66,0.78,,0.54,,0.62,,50.88
Syria,SYR,2015,3.06,1.9,,0.46,,45.65,,84.85
Syria,SYR,2016,1.97,2.48,,,,156.13,0.78,25.01
Syria,SYR,2017,3.15,3.29,,0.16,,169.49,1,30.19
Syria,SYR,2018,0.82,1.32,,0.18,,96.15,0.54,10.51
Syria,SYR,2019,,3.4,,,,16.55,,15.96
Syria,SYR,2020,,4.72,,,,,,
Syria,SYR,2021,,3.9,,,,,,
Syria,SYR,2022,0.34,0.68,,,,0.56,,0.04
Syria,SYR,2023,0.21,1.34,,,,0.35,,0.03
Taiwan,TWN,2001,19.22,107.81,,,,0.25,,119.18
Taiwan,TWN,2002,10.99,69.81,,,,0.28,6.65,44.95
Taiwan,TWN,2003,10.78,84.43,,,,,11.6,34.41
Taiwan,TWN,2004,17.71,157.05,,,,50.82,4.66,15.2
Taiwan,TWN,2005,14.15,129.08,,,,1.5,7.85,46.74
Taiwan,TWN,2006,20.97,136.81,,0.17,,5.43,1.37,36.51
Taiwan,TWN,2007,16.69,118.64,,0.16,,8.76,3.18,40.74
Taiwan,TWN,2008,23.43,167.96,,,,18.01,0.59,42.46
Taiwan,TWN,2009,24.96,187.89,,,,50.99,1.46,39.22
Taiwan,TWN,2010,15.47,83.78,,0.68,,57.5,0.16,11.46
Taiwan,TWN,2011,7.34,58.01,,1.32,,56.5,2.88,14.15
Taiwan,TWN,2012,11.71,91.37,,6.12,3.75,47.54,4.17,53.23
Taiwan,TWN,2013,5.68,84.57,,2.4,1.61,19.61,2.55,31.3
Taiwan,TWN,2014,6.64,64.21,,5.34,2.37,15.28,1.21,37.63
Taiwan,TWN,2015,2.69,19.07,,1.36,0.19,20.59,0.13,14.19
Taiwan,TWN,2016,10.87,112.43,,37.03,0.06,6.35,,79.66
Taiwan,TWN,2017,9.57,99.62,,4.43,,40.28,3.84,95.44
Taiwan,TWN,2018,7.59,59.17,,3.21,,30.58,0.76,41.15
Taiwan,TWN,2019,12.36,47.86,,,0.08,10.82,1.64,8.8
Taiwan,TWN,2020,19.84,61.03,,,0.11,10.59,0.11,3.43
Taiwan,TWN,2021,22.08,77.51,,,,,,
Taiwan,TWN,2022,8.06,62.26,,,0.17,13.5,0.52,17.27
Taiwan,TWN,2023,20.74,101.89,,,0.14,14.52,0.68,10.69
Tajikistan,TJK,2001,16.37,,,,,11.55,1.07,12.69
Tajikistan,TJK,2002,11.13,,,,,6.4,0.68,4.94
Tajikistan,TJK,2003,6.16,,,,,4.19,0.7,4.01
Tajikistan,TJK,2004,6.12,,,0.01,,1.88,0.21,3.45
Tajikistan,TJK,2005,7.05,,,0.01,,3.68,0.04,2.01
Tajikistan,TJK,2006,5.58,,,,,1.39,0.02,0.78
Tajikistan,TJK,2007,,,,,,5.55,0.09,1.69
Tajikistan,TJK,2008,,1.08,,0.02,,3.96,3.37,12.55
Tajikistan,TJK,2009,,2.83,,,,2.83,2.23,10.24
Tajikistan,TJK,2010,,0.56,,,,0.46,1.06,4.15
Tajikistan,TJK,2011,,0.23,,,,3,,9.85
Tajikistan,TJK,2012,0.84,1.56,,,,2.47,,6.38
Tajikistan,TJK,2013,0.11,,,,,0.32,,0.52
Tajikistan,TJK,2014,0.06,,,,,0.01,0.01,0.01
Tajikistan,TJK,2017,0.05,,,,,,,
Tajikistan,TJK,2019,0.02,,,,,0.01,0.01,
Tajikistan,TJK,2020,0.03,,,,,0.01,,
Tanzania,TZA,2001,1314.85,,,,366.65,15989.23,1850.74,4400.78
Tanzania,TZA,2002,964.19,,,18.36,565.14,10502.35,2209.51,4578.61
Tanzania,TZA,2003,1048.42,,,64.47,1273.35,5943.71,7390.64,12347.4
Tanzania,TZA,2004,584.56,,,38.45,242.68,3124.1,508.89,11613.72
Tanzania,TZA,2005,656.28,,,87.51,56.95,21510.6,422.52,12305.27
Tanzania,TZA,2006,894.86,,,6.06,336.15,13970.66,4748,11591.59
Tanzania,TZA,2007,1859.04,,6.38,,269.9,22013.7,7384.2,21551.83
Tanzania,TZA,2008,2764.2,,9.59,,67.62,13073.85,10575.85,38312.66
Tanzania,TZA,2009,,,15.82,,16.44,26234.93,1.12,57507.85
Tanzania,TZA,2010,1437.24,,5.41,23.03,127.23,16607.23,3278.72,27881.35
Tanzania,TZA,2011,920.14,,5.03,70.71,1079.81,22513.28,2281.19,47765.87
Tanzania,TZA,2012,4622.46,,2.79,0.32,3026.02,13955.42,7068.67,41529.68
Tanzania,TZA,2013,716.53,,12.04,87.72,2208.33,25695.46,9541.66,26583.81
Tanzania,TZA,2014,958.07,,16.79,8.24,1106.09,10920.24,30668.94,23135.1
Tanzania,TZA,2015,640.67,,9.13,556.39,,229.42,3.29,40439.3
Tanzania,TZA,2016,1071.27,,22.12,1301.23,,844.2,8.84,47999.73
Tanzania,TZA,2017,1672.55,,9.3,1092.86,1914.88,23003.75,,23833.48
Tanzania,TZA,2018,2366.01,,1.23,627.11,1577.1,18556.86,581.07,10282.86
Tanzania,TZA,2019,2351.38,,0.51,242.86,200.39,11758.31,639.95,6287.81
Tanzania,TZA,2020,7506.73,,,,627.72,1104.23,1625.42,16243.95
Tanzania,TZA,2021,6730.78,,1.55,,,11.86,1971.58,17220.74
Tanzania,TZA,2022,8538.01,,0.24,,,3045.78,339.65,11647.46
Tanzania,TZA,2023,11493.98,,0.73,,106.98,3955.86,1249,21983.83
Thailand,THA,2001,2822.17,337.93,2979.58,,62.57,3515.36,422.77,21546.67
Thailand,THA,2002,5434.13,544.02,3281.86,,,25573.84,171.69,18875.03
Thailand,THA,2003,5438.31,629.44,10324.42,,,3852.92,5578.46,27238.7
Thailand,THA,2004,7554.59,842.55,8250.55,,,45586.27,7489.78,14712.64
Thailand,THA,2005,5045.8,914.62,10018.99,,,32689.74,12826.77,14783.21
Thailand,THA,2006,6013.44,1146.97,7215.86,,,55905.02,12661.24,10277.66
Thailand,THA,2007,5162.12,1070.17,5943.23,,,62937.42,631,9409.99
Thailand,THA,2008,4769.84,717.44,4470.96,,,45825,131.3,17175.69
Thailand,THA,2009,7145.51,1349.66,3925.12,,,19873.12,843.96,25422.3
Thailand,THA,2010,7115.03,1655.09,2737.9,,,757.06,2950.84,17101.42
Thailand,THA,2011,7231.24,1291.77,2551.97,,,936.34,4703.27,23560.64
Thailand,THA,2012,11023,1608.19,4120.13,,,2663.85,3995.77,37052.95
Thailand,THA,2013,9815.49,1045.76,3120.41,,,1140.7,1754.32,36287.6
Thailand,THA,2014,15089.45,552.92,14568.25,,0.23,5402.87,3522.47,26122.82
Thailand,THA,2015,9748.51,,6367.16,,17.11,15796.15,1.4,12233.55
Thailand,THA,2016,12050.92,,12313.6,,0.1,2254.16,45.11,24343.53
Thailand,THA,2017,10003.05,,20004.72,,,40314.28,4305.47,104442.43
Thailand,THA,2018,10101.06,,1151.24,,,1351.22,728.49,920.62
Thailand,THA,2019,9816.93,,1482.29,,,995.15,122.95,280.07
Thailand,THA,2020,11998.77,,0.01,,,0.04,0.01,143.68
Thailand,THA,2021,14629.68,,,,,,,
Thailand,THA,2022,19393.33,,5175.42,,63.9,18102.56,129.8,66155.62
Thailand,THA,2023,16121.81,,2859.61,,11.56,8383.33,991.99,21239.67
Togo,TGO,2001,102.63,1.26,0.46,2.91,64.05,396.26,88.33,400.77
Togo,TGO,2002,52.63,0.37,0.76,2.59,318.57,261.16,18.04,62.5
Togo,TGO,2003,53.37,0.24,1.25,2.2,395.52,351.77,23.9,176.89
Togo,TGO,2004,44.05,1.04,0.9,0.6,494.57,387.84,69.15,137.61
Togo,TGO,2005,20.07,0.26,0.46,2.95,316,385.67,128.16,175.87
Togo,TGO,2006,19.23,0.33,0.31,8.68,152.01,315.16,93.74,169.65
Togo,TGO,2007,87.21,0.77,0.69,26.22,102.13,586.05,233.32,310.75
Togo,TGO,2008,43.4,0.69,0.15,15.6,85.28,88.92,62.46,154.3
Togo,TGO,2009,98.65,0.37,0.46,93.21,25.91,2040.31,910.26,1063.16
Togo,TGO,2010,4.43,0.1,,4.61,,84.18,28.17,49.9
Togo,TGO,2011,5.22,0.12,0.76,7.38,0.94,100.94,51.78,64.28
Togo,TGO,2012,354.91,5.11,,69.86,30.4,45.81,100.83,320.38
Togo,TGO,2013,98.46,4.17,,161.81,47.22,54.84,137.89,152.97
Togo,TGO,2014,48.76,1.22,0.26,195.25,,79.66,2.77,198.98
Togo,TGO,2015,9.41,0.36,0.05,35.45,,71.08,6.77,37.9
Togo,TGO,2016,20.86,1.55,0.03,68.25,,68.62,16.66,66.61
Togo,TGO,2017,35.06,0.2,0.12,106.31,5.29,44.31,47.02,16.99
Togo,TGO,2018,63.54,0.16,0.57,119.36,5.08,80.85,63.25,21.89
Togo,TGO,2019,39.88,0.18,2.27,71.34,5.31,30.09,31.77,9.07
Togo,TGO,2020,73.52,0.2,2.95,113.94,2.37,147.33,34.16,27.93
Togo,TGO,2021,60.85,0.45,2.99,102.87,5.67,113.61,24.59,31.71
Togo,TGO,2022,68.6,0.35,0.07,89.27,,140.89,25.66,12.16
Togo,TGO,2023,79.98,0.28,2.07,120.23,2.88,161.37,33.08,26.88
Trinidad and Tobago,TTO,2001,83.2,,,,5.34,0.4,0.32,3.55
Trinidad and Tobago,TTO,2002,21.8,,,,0.38,,0.02,1.99
Trinidad and Tobago,TTO,2003,28.09,,,,,,,
Trinidad and Tobago,TTO,2004,60.23,,,,,1.77,1.52,20.92
Trinidad and Tobago,TTO,2005,12.02,,,,,1.92,1.99,24.73
Trinidad and Tobago,TTO,2006,16.81,,,,,0.76,6.62,30.48
Trinidad and Tobago,TTO,2007,15.43,,,,,,11.42,22.67
Trinidad and Tobago,TTO,2008,13.62,,,,1.64,2.7,13.63,14.17
Trinidad and Tobago,TTO,2009,11.48,,,,,12.68,4.36,11.97
Trinidad and Tobago,TTO,2010,24.59,,,,0.13,16.36,9.91,38.34
Trinidad and Tobago,TTO,2011,7.02,,,,,6.11,0.15,10.31
Trinidad and Tobago,TTO,2012,10.26,,,,,7.08,1.42,20.67
Trinidad and Tobago,TTO,2013,7.09,,,,13.76,0.94,0.19,7.7
Trinidad and Tobago,TTO,2014,8.13,,,,18.94,2.2,0.66,12.91
Trinidad and Tobago,TTO,2015,2.12,,,,6.14,0.83,0.19,1.18
Trinidad and Tobago,TTO,2016,14.17,,,,5.49,6.74,0.07,5
Trinidad and Tobago,TTO,2017,15.73,,,,,9.44,2.74,7.5
Trinidad and Tobago,TTO,2018,9.65,,,,,3.29,0.03,2.46
Trinidad and Tobago,TTO,2019,7.89,,,,,,1.97,15.33
Trinidad and Tobago,TTO,2020,8.98,,,,5.64,,1.49,14.37
Trinidad and Tobago,TTO,2021,5.54,,,,1.93,,1.42,9.87
Trinidad and Tobago,TTO,2022,3.23,,,,0.45,0.34,1.19,6.9
Trinidad and Tobago,TTO,2023,8.88,,,,2.68,0.43,2.52,16.52
Tunisia,TUN,2001,9.2,0.05,,,,13.06,0.04,5.22
Tunisia,TUN,2002,11.25,0.18,,,,26.63,0.08,8.67
Tunisia,TUN,2003,29.52,2.09,,,,,0.68,32.86
Tunisia,TUN,2004,12.47,1.28,,,,0.05,0.03,9.29
Tunisia,TUN,2005,,0.23,,,,2.38,,42.11
Tunisia,TUN,2006,4.85,1.09,,,,8.41,,8.02
Tunisia,TUN,2007,,0.63,,,,1.4,,31.01
Tunisia,TUN,2008,0.58,0.36,,,,25.21,,6.21
Tunisia,TUN,2009,,0.88,,,,13.24,0.25,35.89
Tunisia,TUN,2010,,3.78,,,,17.61,0.01,4.2
Tunisia,TUN,2011,26.35,1.68,,,,7.24,0.12,51.26
Tunisia,TUN,2012,8.33,0.27,,,,8.14,,21.52
Tunisia,TUN,2013,,3.65,,,,4.34,0.42,22.67
Tunisia,TUN,2014,,0.16,,,,9.21,0.74,58.15
Tunisia,TUN,2015,,0.2,,,,0.78,0.27,52.53
Tunisia,TUN,2016,,0.13,,,,47.39,0.1,7.67
Tunisia,TUN,2017,4.11,0.16,,,,,0.05,110.19
Tunisia,TUN,2018,1.6,0.12,,,,0.08,,20.18
Tunisia,TUN,2019,2.12,0.11,,,,0.09,,28.41
Tunisia,TUN,2020,2.71,0.23,,,,0.01,,1.75
Tunisia,TUN,2021,1.34,0.07,,,,,,1.18
Tunisia,TUN,2022,0.97,0.19,,,,0.02,0.17,1.11
Tunisia,TUN,2023,2.84,0.08,,,,,0.01,2.67
Turkey,TUR,2001,64.13,192.5,,,,631.43,,677.82
Turkey,TUR,2002,182.53,295.57,,,,463.95,,623.53
Turkey,TUR,2003,299.56,200.17,,,,184.92,,174.37
Turkey,TUR,2004,812.41,560.32,,,,37.94,,376.75
Turkey,TUR,2005,345.36,250,,0.73,,12.62,,210.59
Turkey,TUR,2006,409.99,271.77,,,,64.56,0.04,179.54
Turkey,TUR,2007,544.89,364.37,,7.64,,104.72,0.03,165.08
Turkey,TUR,2008,350.14,293.19,,3.68,,132.25,0.01,80.04
Turkey,TUR,2009,422.67,436.53,,10.73,,31.95,14.11,196.63
Turkey,TUR,2010,237.77,350.17,,7.19,,33,,122.61
Turkey,TUR,2011,51.51,454.5,,13.34,,156.28,,442.77
Turkey,TUR,2012,85.58,613.91,,4.94,,429.95,,302.05
Turkey,TUR,2013,176.65,852.32,,,,17.64,9.91,163.37
Turkey,TUR,2014,274.6,1960.78,,,,28.15,13.07,387.44
Turkey,TUR,2015,323.57,1465.83,,,,14.86,,631.67
Turkey,TUR,2016,347.82,592.25,,,,193.92,,816.97
Turkey,TUR,2017,295.58,239.72,,5.63,,1278.01,8.32,1246.33
Turkey,TUR,2018,46.07,175.09,,16.27,,1074.57,3.85,730.87
Turkey,TUR,2019,26.83,212.92,,2.27,,556.08,,538.41
Turkey,TUR,2020,39.91,341.05,,,,141.11,0.82,183.48
Turkey,TUR,2021,53.43,381.79,,,,200.45,3.94,112.44
Turkey,TUR,2022,104.59,318.9,,,,180.18,5.63,65.7
Turkey,TUR,2023,65.15,391.78,,,,201.6,4.44,124.88
Turkmenistan,TKM,2001,,,,,,35.34,0.36,4.38
Turkmenistan,TKM,2002,,,,,,28.38,0.38,13.84
Turkmenistan,TKM,2003,,,,,,8.03,0.22,10.05
Turkmenistan,TKM,2004,,,,,,1.04,0.17,10.49
Turkmenistan,TKM,2005,,,,,,0.93,0.45,1.38
Turkmenistan,TKM,2006,,,,,,,0.11,0.68
Turkmenistan,TKM,2007,,,,,,0.54,0.04,0.08
Turkmenistan,TKM,2008,,,,,,0.4,0.29,2
Turkmenistan,TKM,2009,4.4,,,,,0.48,0.02,
Turkmenistan,TKM,2010,3.02,,,,,0.67,0.05,
Turkmenistan,TKM,2011,12.51,,,,,0.98,0.1,0.01
Turkmenistan,TKM,2012,2.8,,,,,0.4,0.31,0.57
Turkmenistan,TKM,2013,0.18,,,,,0.06,0.11,0.08
Turkmenistan,TKM,2014,,,,,,0.28,,0.02
Uganda,UGA,2001,105.66,354.48,6,235.26,,1965.1,788.81,4599.08
Uganda,UGA,2002,55.18,105.25,3.46,,295.04,1037.61,58.37,1639.67
Uganda,UGA,2003,300.63,248.77,0.08,,78.86,1480.66,80.47,1628.48
Uganda,UGA,2004,561.98,209.74,11.31,39.29,485.9,2305.1,130.97,2406.35
Uganda,UGA,2005,749.26,285.4,28,,1612.94,5032.75,169.3,2202.58
Uganda,UGA,2006,846.38,329.88,32.08,,1910.47,2520.54,513.74,4077.09
Uganda,UGA,2007,756.04,501.15,34,,217.48,4334.22,1975.26,4939.83
Uganda,UGA,2008,552.19,415.04,31.31,381.45,328.21,1472.64,4782.36,9746.38
Uganda,UGA,2009,56.91,337.56,8.54,12.45,,2413.08,5537.97,2963.43
Uganda,UGA,2010,48.85,353.47,15.08,20.17,1785.87,1480.72,5354.76,2110.29
Uganda,UGA,2011,231.81,688.61,27.46,34.58,2510.5,1910.37,10079.96,3982.34
Uganda,UGA,2012,749.36,385.06,4.23,36.58,5059.52,1281.58,208.03,3401.32
Uganda,UGA,2013,1129.87,635.23,2.15,19.44,2231.51,2254.04,5869.73,1892.45
Uganda,UGA,2014,1114.52,703.65,1.15,5.81,2029.77,6015.81,4727.6,1581.13
Uganda,UGA,2015,962.24,662.45,,640.53,324.36,6540.93,3474.42,2571.19
Uganda,UGA,2016,1291.08,748.23,0.85,1258.02,802.83,6004.52,,10921.44
Uganda,UGA,2017,3310.38,1031.22,0.23,1032.76,655.12,3439.76,,10016.77
Uganda,UGA,2018,2604.68,1319.73,,,1065.78,470.37,54.5,6859.13
Uganda,UGA,2019,3000.85,1248.1,,,154.23,1284.98,843.15,2420.36
Uganda,UGA,2020,4145.39,1743.93,,,356.45,491.4,1299.31,2944.1
Uganda,UGA,2021,3929.35,1677.25,,446.56,,46.99,1079.42,2570.27
Uganda,UGA,2022,3843.74,1655.65,,,1651.16,,664.97,2492.09
Uganda,UGA,2023,4678.34,1810.01,,138.57,827.09,228.58,1171.37,3093.71
Ukraine,UKR,2001,86.06,1200,,74.05,,773.27,,517.52
Ukraine,UKR,2002,68.89,1200,,154.41,,375.84,,557.43
Ukraine,UKR,2003,31.18,1200,,95.98,,422.38,,121.24
Ukraine,UKR,2004,27.33,1200,,132.67,,177.7,,318.22
Ukraine,UKR,2005,,1200,,17.11,,203.3,,276.37
Ukraine,UKR,2006,,1200,,,,369.37,,235.27
Ukraine,UKR,2007,,1200,,105.24,,305.22,,333.79
Ukraine,UKR,2008,,2466.67,,233.98,,462.66,13.94,314.99
Ukraine,UKR,2009,,3733.33,,154.02,,482.67,6.3,216.89
Ukraine,UKR,2010,,5000,,68.74,,560.26,,175.04
Ukraine,UKR,2011,,5000,,292.57,,471.85,,269.95
Ukraine,UKR,2012,,5000,,418.89,,700.85,,168.62
Ukraine,UKR,2013,,3333.33,,232.78,,14.44,,523.22
Ukraine,UKR,2014,,1666.67,,122.02,,280.26,,749.44
Ukraine,UKR,2015,,,,,,307.15,17.85,1082.2
Ukraine,UKR,2016,,,,,,2153.91,,1425.13
Ukraine,UKR,2017,,666.67,,,,2339.4,3.89,1535.97
Ukraine,UKR,2018,,888.89,,,,2270,,846.1
Ukraine,UKR,2019,129.39,1185.19,,,,643.99,,258.86
Ukraine,UKR,2020,286.19,913.58,,206.79,,28.18,,197.91
Ukraine,UKR,2021,188.39,1037.04,,163.45,,18.17,,171.9
Ukraine,UKR,2022,229.57,1185.19,,111.17,,28.44,2.14,172.73
Ukraine,UKR,2023,148.86,1045.27,,96.45,,17.21,0.79,120.09
United Kingdom,GBR,2001,466.58,,,,,3801.47,,1700.75
United Kingdom,GBR,2002,783.58,,,,,4.37,,1290.04
United Kingdom,GBR,2003,45.6,,,,,4.5,,119.42
United Kingdom,GBR,2004,415.84,,,,,110.82,,764.04
United Kingdom,GBR,2005,451.82,,,,,382.89,7.09,29.49
United Kingdom,GBR,2006,,,,,,1380.98,15.06,108.82
United Kingdom,GBR,2007,,,,,,224.42,,348.12
United Kingdom,GBR,2008,,,,,,19.43,7.7,824.6
United Kingdom,GBR,2009,,,,,,664.73,15.27,775.76
United Kingdom,GBR,2010,,,,,,993.06,2.88,277.31
United Kingdom,GBR,2011,,,,,,449.74,,173.35
United Kingdom,GBR,2012,491.11,,,,,151.45,,168.53
United Kingdom,GBR,2013,359.14,,,,,72.84,,48.62
United Kingdom,GBR,2014,377.61,,,,,82.3,2.79,72.85
United Kingdom,GBR,2015,93.72,,,,,55.38,6.72,48.64
United Kingdom,GBR,2016,70.99,,,,,184.76,10.18,63.6
United Kingdom,GBR,2017,,,,,,346.32,,42.1
United Kingdom,GBR,2018,,,,,,227.18,,174.62
United Kingdom,GBR,2019,,,,,,30.42,,164.48
United Kingdom,GBR,2020,,,,,,83.48,,12.96
United Kingdom,GBR,2021,,,,,,0.29,,117.11
United Kingdom,GBR,2022,,,,,,97.34,,127.72
United Kingdom,GBR,2023,,,,,,39.16,,32.01
United States,USA,2001,70483.02,387900,,2830.09,,18514.51,,2184.67
United States,USA,2002,63805.75,387900,,,0.2,10997.87,6.4,3453.1
United States,USA,2003,51594.6,387900,,5143.04,0.96,,,5008.7
United States,USA,2004,84697.75,387900,,,0.45,10598.51,3.46,1118.25
United States,USA,2005,80397.62,387900,,3372.13,0.2,10991.66,8.77,382.32
United States,USA,2006,87960.17,387900,,1689.87,,12410.25,9.24,617.11
United States,USA,2007,97062.64,387900,,11799.94,,861.31,18.53,1535.94
United States,USA,2008,81767.85,294800,,,,12193.17,147.18,6109.92
United States,USA,2009,68566.51,201700,,,,9761.75,150.88,4946.99
United States,USA,2010,76632.35,108600,,,4.02,18302.41,88.98,1201.48
United States,USA,2011,69193.28,108600,,10830.69,4.54,4891.35,6.75,3133.13
United States,USA,2012,45100.15,108600,,45551.86,6.33,27561.56,211.7,7679.72
United States,USA,2013,28569.81,72400,,28317.48,,3363.9,219.85,22899.93
United States,USA,2014,34640.22,331200,,35827.44,,230.33,124.31,24597.94
United States,USA,2015,52680.91,295000,,14922.21,0.51,2248.69,,10339.32
United States,USA,2016,70162.8,295000,,,,858.51,0.11,44426.79
United States,USA,2017,73350.94,,,,,20725.11,,19605.66
United States,USA,2018,60309.34,,,,0.86,15195.12,34.29,4000.25
United States,USA,2019,54196.57,,,6999.95,0.37,200.49,,1033
United States,USA,2020,51296.06,,,,,,,
United States,USA,2021,45991.77,,,,,,,
United States,USA,2022,32883.71,,,,,13078.12,45.61,658.76
United States,USA,2023,39492.28,,,,0.07,5682.18,26.97,509.78
Uruguay,URY,2001,575.08,59.58,,199.66,,87.06,1.21,117.03
Uruguay,URY,2002,391.99,77.84,,432.43,,133.91,1.01,24.35
Uruguay,URY,2003,371.23,129.43,,738.64,,151.42,2.02,11.88
Uruguay,URY,2004,662.32,173.54,,1195,,338.79,2.63,19.62
Uruguay,URY,2005,564.47,207.86,,1291.25,,478.27,1.83,21.84
Uruguay,URY,2006,857.29,429.19,,1262.8,,649.91,0.3,8.64
Uruguay,URY,2007,410.54,322.07,,1443.47,,705.99,0.34,11.55
Uruguay,URY,2008,983.01,343.37,,1107.68,,885.36,0.91,39.73
Uruguay,URY,2009,424.63,292.73,,963.15,,536.63,1.1,42.17
Uruguay,URY,2010,479.79,189.93,,786.59,,583.23,2.9,61.6
Uruguay,URY,2011,1026.74,867.24,,1508.69,,615.72,1.21,22.42
Uruguay,URY,2012,1310.8,1202.03,,947.08,,323.94,4.29,251.59
Uruguay,URY,2013,1402.06,672.76,,1335.7,,146.76,6.69,135.32
Uruguay,URY,2014,1932.45,1175.95,,2516.45,,305.7,2.32,117.65
Uruguay,URY,2015,1153.98,807.01,,1738.48,,162.96,0.2,85.6
Uruguay,URY,2016,1763.48,1643.21,,2264.46,,339.18,0.14,114.5
Uruguay,URY,2017,1850.79,1816.97,,1237.35,,295.46,0.42,90.13
Uruguay,URY,2018,1359.57,2602.18,,554.56,,514.52,0.49,267.69
Uruguay,URY,2019,1468.47,1932.88,,199.85,,305.7,,164.37
Uruguay,URY,2020,1013.89,1554,,245.2,,84.65,0.02,153.72
Uruguay,URY,2021,1391.08,1918.16,,627.35,,224.08,,442.77
Uruguay,URY,2022,206.41,2438.67,,465.47,,42.31,,184.69
Uruguay,URY,2023,107.27,2818.37,,15.73,,53.45,,138.03
Uzbekistan,UZB,2001,,42.99,,,,90.53,0.43,18.04
Uzbekistan,UZB,2002,,45.05,,,,39.4,0.23,11.88
Uzbekistan,UZB,2003,,14.26,,,,0.34,0.57,22.58
Uzbekistan,UZB,2004,,12.52,,,,0.71,0.65,15.81
Uzbekistan,UZB,2005,,6.94,,,,1.09,0.33,3.09
Uzbekistan,UZB,2006,,10.15,,,,5.02,0.44,3.31
Uzbekistan,UZB,2007,,10.4,,,,7.61,0.74,4.35
Uzbekistan,UZB,2008,,10.7,,,,4.52,0.91,5.02
Uzbekistan,UZB,2009,,16.87,,,,15.03,2.16,13.36
Uzbekistan,UZB,2010,,9.18,,,,0.45,0.6,6.3
Uzbekistan,UZB,2011,5.34,3.27,,,,5.95,0.69,9.21
Uzbekistan,UZB,2012,13.18,4.37,,,,5.94,0.53,10.14
Uzbekistan,UZB,2013,0.96,0.68,,,,1.82,0.21,2.52
Uzbekistan,UZB,2014,0.02,0.16,,0.01,,0.26,,0.15
Uzbekistan,UZB,2017,0.43,,,0.01,,0.12,0.04,0.2
Uzbekistan,UZB,2018,0.26,,,,,0.04,0.01,0.02
Uzbekistan,UZB,2019,0.22,,,0.15,,0.46,0.33,1.22
Uzbekistan,UZB,2020,,,,0.02,,0.15,0.18,0.56
Uzbekistan,UZB,2021,,,,,,0.1,0.05,0.23
Uzbekistan,UZB,2022,0.02,,,,,0.2,0.05,0.44
Uzbekistan,UZB,2023,,,,,,0.04,0.02,0.09
Vanuatu,VUT,2001,6.28,,,,5.32,0.53,10.64,23.67
Vanuatu,VUT,2002,4.63,,,,,0.03,0.26,22.26
Vanuatu,VUT,2003,11.57,,,,0.53,0.01,0.6,51.35
Vanuatu,VUT,2004,16.35,,,,2.75,0.09,0.76,77.49
Vanuatu,VUT,2005,6.39,,,,33.2,2.61,4.74,13.96
Vanuatu,VUT,2006,7.55,,,,,6.94,5.03,37.72
Vanuatu,VUT,2007,3.41,,,,7.04,0.12,4.27,3.71
Vanuatu,VUT,2008,9.2,,,,,,21.26,19.61
Vanuatu,VUT,2009,10.46,,,,28.97,,13.55,2.58
Vanuatu,VUT,2010,11.63,,,,23.42,1.34,16.38,7.5
Vanuatu,VUT,2011,8.71,,,,23.56,,3.79,9.1
Vanuatu,VUT,2012,10.64,,,,,4.94,12.43,30.69
Vanuatu,VUT,2013,39.31,,,,4.21,1.61,30.91,149.6
Vanuatu,VUT,2014,29.76,,0.07,,1.57,13.66,40.18,73.84
Vanuatu,VUT,2015,16.05,,,,,0.1,0.56,83.02
Vanuatu,VUT,2016,22.01,,,,,0.05,0.45,29.63
Vanuatu,VUT,2017,13.39,,,,,1.08,13.93,8.79
Vanuatu,VUT,2018,9.39,,0.3,,10.68,0.39,1.28,25.02
Vanuatu,VUT,2019,13.53,,,,3.07,0.04,3.32,11.86
Vanuatu,VUT,2020,21.54,,,,,,,36.68
Vanuatu,VUT,2021,3.17,,,,,,,
Vanuatu,VUT,2023,9.69,,,,0.1,,0.94,4.69
Venezuela,VEN,2001,22270.05,113.23,67.51,,25.1,1799.44,12.27,586.13
Venezuela,VEN,2002,23535.03,94.3,125.41,2.18,,1347.37,49.26,634.3
Venezuela,VEN,2003,10548.85,247.2,35.73,404,34.03,8620.64,559.27,2379.36
Venezuela,VEN,2004,19312.94,146.33,153.58,2297.2,81.21,8610.61,608.43,2154.93
Venezuela,VEN,2005,9935.17,76.27,629.44,3519.59,,16040.5,293.49,5714.16
Venezuela,VEN,2006,23590.74,131.85,334.3,1012.03,,1554.6,153.51,6330.75
Venezuela,VEN,2007,26967.76,99.39,408.74,225.33,342.08,2614.88,457.97,7363.68
Venezuela,VEN,2008,46650.29,155.7,142.76,186.33,199.76,440.03,195.17,2098.27
Venezuela,VEN,2009,30942.17,145.49,1418.68,29.06,6063.95,1142.16,474.26,15450.55
Venezuela,VEN,2010,17703.53,429.74,571.87,,1621.18,7199.49,469.07,5327.7
Venezuela,VEN,2011,16718.92,111.5,391.24,,1343.58,6544.11,173.92,3863.86
Venezuela,VEN,2012,21583.28,342.74,579.83,,695.71,,1416.93,13236.07
Venezuela,VEN,2013,13136.14,160.14,755.33,,819.36,,282.13,8972.97
Venezuela,VEN,2014,20635.24,175.89,1025.91,114.14,2186.66,20.86,1454.71,10795.62
Venezuela,VEN,2015,14656.69,127.75,704.51,169.97,1885.19,375.05,1710.46,3760.67
Venezuela,VEN,2016,25377.45,994.92,10.19,318.31,1185.36,3716.31,732.12,10724.58
Venezuela,VEN,2017,26643.09,93.58,1623.77,,399.4,1484.51,534.21,15250.15
Venezuela,VEN,2018,18402.13,263.38,1552.61,,1356,1033.26,702.94,10859.46
Venezuela,VEN,2019,17716.86,1003.07,1083.31,108.94,381.27,6556.99,200.64,6611.31
Venezuela,VEN,2020,19019.86,449.29,1063.86,,2294.64,3459.8,184.76,7223.73
Venezuela,VEN,2021,9722.18,62.74,,,880.88,2464.04,8.15,3653.22
Venezuela,VEN,2022,8945.62,148.2,226.11,,261.33,4285.52,3,436.22
Venezuela,VEN,2023,2760.52,1069.24,67.67,,162.6,1038.82,5.6,498.64
Vietnam,VNM,2001,2232.6,8684.46,,1721.11,221.57,11351.18,3968.45,11160.1
Vietnam,VNM,2002,2227.66,5673.8,0.08,2266.01,,12337.33,4551.84,14760.15
Vietnam,VNM,2003,2072.55,7562.69,0.23,864.68,116.73,5609.46,4514.21,13554.61
Vietnam,VNM,2004,5384.65,13069.29,0.15,249.38,678.86,8292.74,7543.7,21584.7
Vietnam,VNM,2005,7718.53,18032.1,,,986.13,27895.64,7693.01,17113.67
Vietnam,VNM,2006,5503.63,13426.11,,,2176.8,15829.49,3138.22,21017.93
Vietnam,VNM,2007,1620.42,17201.31,,746.28,1650.42,22903.17,179.39,15211.38
Vietnam,VNM,2008,2524.59,13925.43,0.3,,6124.71,36401.38,585.33,26397.93
Vietnam,VNM,2009,2629.18,27421.88,0.61,,4369.94,27931.9,2938.08,36076.99
Vietnam,VNM,2010,6709.6,22726.23,0.53,,2701.72,19472.28,1792.84,25780.08
Vietnam,VNM,2011,5725.02,21989.09,0.08,,2572.06,13454.84,12.07,43525.38
Vietnam,VNM,2012,877.31,42813.63,1.29,,4263.29,16966.57,3263.23,63513.69
Vietnam,VNM,2013,422.98,46126.07,0.08,,3439.39,238.31,5329.19,36942.21
Vietnam,VNM,2014,2216.6,81319.97,1.51,51.72,5591.87,5509.99,333.98,68474.93
Vietnam,VNM,2015,15411.94,89689.86,0.15,,2642.14,519.19,306.15,38021.72
Vietnam,VNM,2016,16546.33,52343.33,0.53,,10734.87,1303.57,145.42,108626.4
Vietnam,VNM,2017,11878.03,56800,0.91,,11692.14,2356.72,,90965.03
Vietnam,VNM,2018,8412.88,56800,0.23,,9651.24,687.14,2888.88,63957.77
Vietnam,VNM,2019,16109.61,56800,18.98,,3977.82,246.84,1389.57,28889.14
Vietnam,VNM,2020,18877.03,56800,,,4013.96,,195.02,25844.13
Vietnam,VNM,2021,22847.17,56800,,,3446.88,,165.31,21783.07
Vietnam,VNM,2022,25293.51,56800,,,5731.18,13612.39,178.17,24634.76
Vietnam,VNM,2023,24559.24,46274.18,,,4920.92,4653.49,204.04,27336.05
World,OWID_WRL,2001,1986771.8,653048.7,213501.66,248471.73,117463.27,297136.9,71681.36,580088.56
World,OWID_WRL,2002,2744668.2,656016.2,247531.69,362176.9,171051.7,350011.94,79265.17,541251.7
World,OWID_WRL,2003,2502877.2,626467.44,168977.48,502083.28,94643.43,323649.97,73782.89,533173.44
World,OWID_WRL,2004,3215815.8,846619.1,454721.62,526912.2,61476.04,554610.94,58967.62,644110.56
World,OWID_WRL,2005,2948671.5,809817.3,499971.97,273759.7,79904.58,612503,70515.93,634214.56
World,OWID_WRL,2006,2435233.8,881312.2,611318.06,234558.6,104755.68,578514.6,205205.84,769673.4
World,OWID_WRL,2007,2297569.8,972373.56,576320.7,275876.38,95024.99,801281.9,308860.38,763717.2
World,OWID_WRL,2008,2109345.2,792430.44,647689.5,376665.8,149767.28,858389.25,321926.47,808908.7
World,OWID_WRL,2009,1716967,646526.6,932284.4,209321.9,161909.38,870862.2,449171.03,813080.75
World,OWID_WRL,2010,2135042.8,517161.28,628664.2,325558.84,118352.47,924953.1,347790.9,936392.2
World,OWID_WRL,2011,1593944.9,537026.75,744543,390819.56,122617.58,611027.56,189637.27,803915.6
World,OWID_WRL,2012,1953886.5,656961.5,1045099.75,459270.22,160503.81,942425.8,254080.5,1040372.44
World,OWID_WRL,2013,1328672.9,540373.3,555717.8,225012.11,171024.94,757953.2,281422.44,816052.1
World,OWID_WRL,2014,2128742.5,937682.75,679845.4,296905.66,367711.97,821058.9,361172.47,891723.94
World,OWID_WRL,2015,1827535.1,844046.5,493056.88,202735.03,221226.23,566891.75,310101.1,652337.75
World,OWID_WRL,2016,2829457,999582.5,524611.25,264382.72,346203.78,690321,434389.56,1054770.2
World,OWID_WRL,2017,2626452.2,650345.8,451079.4,227661.39,403825.34,702796.7,516525.84,1168173.6
World,OWID_WRL,2018,2235690.5,569861.56,406995.34,200260.11,227223,561552.4,279927.88,725025.25
World,OWID_WRL,2019,2242158.5,522568.97,288372.28,205136.36,219736.95,692064.06,302738.4,792969
World,OWID_WRL,2020,2369634.5,462588,190255.6,241050.3,195479.8,643393.25,284141.03,572030.5
World,OWID_WRL,2021,2371824.2,561855.4,142589.97,233279.28,179519.39,700638.1,348172.5,567995
World,OWID_WRL,2022,2628400.8,617459.06,130549.4,197311.9,92512.13,680055.1,355325.06,649368.25
World,OWID_WRL,2023,1913740.4,585095.7,147967.45,52916.07,117592.37,701549.06,341069.56,602334.94
Yemen,YEM,2003,0.02,,,,,0.11,,0.01
Yemen,YEM,2010,0.07,,,,,,,
Zambia,ZMB,2001,5937.72,,,366.78,,2010.95,793.46,2221.85
Zambia,ZMB,2002,2414.54,,,2671.77,82.49,6523.42,505.88,6730.06
Zambia,ZMB,2003,2247.36,,,3241.11,,1288.79,,10328.82
Zambia,ZMB,2004,2035.65,,,2134.68,,1031.51,5.88,7972.97
Zambia,ZMB,2005,1261.21,,,,,12446.34,996.08,14102.09
Zambia,ZMB,2006,715.34,,,684.54,31.71,10633.95,950.46,7238.27
Zambia,ZMB,2007,1006.2,,,621.41,88.43,12716.79,991.87,6950.23
Zambia,ZMB,2008,728.21,,,1311.71,17.79,26834.78,628.73,8047.35
Zambia,ZMB,2009,1945,,,3017.65,13.76,23124.51,86.41,35997.69
Zambia,ZMB,2010,1147.32,,,20424.16,27.2,10234.28,756.13,47127.9
Zambia,ZMB,2011,1092.46,,,5239.97,29.23,10635.08,240.31,11151.56
Zambia,ZMB,2012,3219.65,,,9153.26,177.02,2883,477.78,28643.61
Zambia,ZMB,2013,2064.61,,,1209.71,81.05,13888.08,3196.27,6403.47
Zambia,ZMB,2014,935.93,,,10894.94,96.06,24743.32,6462.38,7756.11
Zambia,ZMB,2015,685.74,,,5055.14,24.43,15931.79,6456.52,4681.01
Zambia,ZMB,2016,1832.92,,,19789.47,82.22,3605.72,15201.17,4523.74
Zambia,ZMB,2017,10345.91,,,,2.83,8022.46,4104.62,9803.23
Zambia,ZMB,2018,10988.77,,,2173.31,3.59,6652.21,168.84,1793.28
Zambia,ZMB,2019,11733.39,,,1506.78,,2674.02,1605.46,1515.45
Zambia,ZMB,2020,13338.67,,,1459.08,0.09,446.11,1132.49,1036.59
Zambia,ZMB,2021,12540.44,,,1582.01,0.11,106.39,1638.46,974.68
Zambia,ZMB,2022,17928.23,,,1136.88,,1613.29,659.64,888.07
Zambia,ZMB,2023,14602.45,,,1312.66,0.05,972.28,1000.86,938.77
Zimbabwe,ZWE,2001,1857.58,,,,,1624.26,15.16,140
Zimbabwe,ZWE,2002,1708.33,,,,,2459.93,20.87,135.06
Zimbabwe,ZWE,2003,717.89,,,37.94,,1671.68,14.18,395.2
Zimbabwe,ZWE,2004,434.82,,,575.01,,392.5,82.51,2330.39
Zimbabwe,ZWE,2005,552.85,,,342.6,,2141.96,109.07,3805.7
Zimbabwe,ZWE,2006,1235.95,,,257.85,,10.46,105.96,2448.73
Zimbabwe,ZWE,2007,1783.28,,,,,948.42,146.24,2694.11
Zimbabwe,ZWE,2008,858.37,,,,,269.77,76.69,2686.3
Zimbabwe,ZWE,2009,2999.34,,,,,1695.07,193.96,7804.1
Zimbabwe,ZWE,2010,401.19,,,236.66,4.37,474.38,130.99,3452.72
Zimbabwe,ZWE,2011,1007.4,,,305.72,5.52,290.61,194.24,1945.71
Zimbabwe,ZWE,2012,757.17,,,,,249.14,738.01,5408.42
Zimbabwe,ZWE,2013,214.86,,,,,83.64,304.65,1764.96
Zimbabwe,ZWE,2014,184.75,,,,,766.19,460.85,1483.51
Zimbabwe,ZWE,2015,180.23,,,,0.06,694.66,305.53,1658.01
Zimbabwe,ZWE,2016,212.98,,,,,143.59,146.43,2287.58
Zimbabwe,ZWE,2017,656.31,,,115.08,0.92,941.64,79.18,2514.06
Zimbabwe,ZWE,2018,363.98,,,,0.72,385.94,30.25,530.98
Zimbabwe,ZWE,2019,639.96,,,50.77,0.27,305.29,21.56,575.43
Zimbabwe,ZWE,2020,444.61,,,2.2,0.05,126.28,5.82,218.56
Zimbabwe,ZWE,2021,699.28,,,3.17,0.01,358.14,0.94,474.26
Zimbabwe,ZWE,2022,449.32,,,,,202.95,4.57,193.13
Zimbabwe,ZWE,2023,443.69,,,1.11,0.02,188.61,3.81,227.62