Entity,Code,Year,Forest area
Afghanistan,AFG,2001,1209440.0
Afghanistan,AFG,2002,1209440.0
Afghanistan,AFG,2003,1209440.0
Afghanistan,AFG,2004,1209440.0
Afghanistan,AFG,2005,1209440.0
Afghanistan,AFG,2006,1209440.0
Afghanistan,AFG,2007,1209440.0
Afghanistan,AFG,2008,1209440.0
Afghanistan,AFG,2009,1209440.0
Afghanistan,AFG,2010,1209440.0
Afghanistan,AFG,2011,1209440.0
Afghanistan,AFG,2012,1209440.0
Afghanistan,AFG,2013,1209440.0
Afghanistan,AFG,2014,1209440.0
Afghanistan,AFG,2015,1209440.0
Afghanistan,AFG,2016,1209440.0
Afghanistan,AFG,2017,1209440.0
Afghanistan,AFG,2018,1209440.0
Afghanistan,AFG,2019,1209440.0
Afghanistan,AFG,2020,1209440.0
Afghanistan,AFG,2021,1209440.0
Afghanistan,AFG,2022,1209440.0
Afghanistan,AFG,2023,1209440.0
Afghanistan,AFG,2024,1209440.0
Africa,OWID_AFR,2001,743368800.0
Africa,OWID_AFR,2002,739982660.0
Africa,OWID_AFR,2003,736596500.0
Africa,OWID_AFR,2004,733210300.0
Africa,OWID_AFR,2005,729824100.0
Africa,OWID_AFR,2006,726437950.0
Africa,OWID_AFR,2007,723051800.0
Africa,OWID_AFR,2008,719665600.0
Africa,OWID_AFR,2009,716279400.0
Africa,OWID_AFR,2010,712893250.0
Africa,OWID_AFR,2011,708761540.0
Africa,OWID_AFR,2012,704629800.0
Africa,OWID_AFR,2013,700498200.0
Africa,OWID_AFR,2014,696366460.0
Africa,OWID_AFR,2015,692234800.0
Africa,OWID_AFR,2016,689159300.0
Africa,OWID_AFR,2017,686083840.0
Africa,OWID_AFR,2018,683008400.0
Africa,OWID_AFR,2019,679932860.0
Africa,OWID_AFR,2020,676857400.0
Africa,OWID_AFR,2021,674011500.0
Africa,OWID_AFR,2022,671165600.0
Africa,OWID_AFR,2023,668319700.0
Africa,OWID_AFR,2024,665473800.0
Albania,ALB,2001,770577.0
Albania,ALB,2002,771854.0
Albania,ALB,2003,773131.0
Albania,ALB,2004,774408.0
Albania,ALB,2005,775685.0
Albania,ALB,2006,776962.0
Albania,ALB,2007,778239.0
Albania,ALB,2008,779516.0
Albania,ALB,2009,780793.0
Albania,ALB,2010,782070.0
Albania,ALB,2011,785092.0
Albania,ALB,2012,788114.0
Albania,ALB,2013,791136.0
Albania,ALB,2014,794158.0
Albania,ALB,2015,797180.0
Albania,ALB,2016,825944.0
Albania,ALB,2017,854708.0
Albania,ALB,2018,883472.0
Albania,ALB,2019,912236.0
Albania,ALB,2020,941000.0
Albania,ALB,2021,941000.0
Albania,ALB,2022,941000.0
Albania,ALB,2023,941000.0
Albania,ALB,2024,941000.0
Algeria,DZA,2001,1707545.0
Algeria,DZA,2002,1706870.0
Algeria,DZA,2003,1706195.0
Algeria,DZA,2004,1705520.0
Algeria,DZA,2005,1704845.0
Algeria,DZA,2006,1704170.0
Algeria,DZA,2007,1703495.0
Algeria,DZA,2008,1702820.0
Algeria,DZA,2009,1702145.0
Algeria,DZA,2010,1701470.0
Algeria,DZA,2011,1700796.0
Algeria,DZA,2012,1700122.0
Algeria,DZA,2013,1699448.0
Algeria,DZA,2014,1698774.0
Algeria,DZA,2015,1698100.0
Algeria,DZA,2016,1697426.0
Algeria,DZA,2017,1696752.0
Algeria,DZA,2018,1696078.0
Algeria,DZA,2019,1695404.0
Algeria,DZA,2020,1694730.0
Algeria,DZA,2021,1694056.0
Algeria,DZA,2022,1693382.0
Algeria,DZA,2023,1692708.0
Algeria,DZA,2024,1692034.0
American Samoa,ASM,2001,17576.0
American Samoa,ASM,2002,17422.0
American Samoa,ASM,2003,17268.0
American Samoa,ASM,2004,17114.0
American Samoa,ASM,2005,16960.0
American Samoa,ASM,2006,16806.0
American Samoa,ASM,2007,16652.0
American Samoa,ASM,2008,16498.0
American Samoa,ASM,2009,16344.0
American Samoa,ASM,2010,16190.001
American Samoa,ASM,2011,16122.001
American Samoa,ASM,2012,16054.0
American Samoa,ASM,2013,15986.0
American Samoa,ASM,2014,15918.0
American Samoa,ASM,2015,15850.0
American Samoa,ASM,2016,15850.0
American Samoa,ASM,2017,15850.0
American Samoa,ASM,2018,15850.0
American Samoa,ASM,2019,15850.0
American Samoa,ASM,2020,15850.0
American Samoa,ASM,2021,15850.0
American Samoa,ASM,2022,15850.0
American Samoa,ASM,2023,15850.0
American Samoa,ASM,2024,15850.0
Andorra,AND,2001,17369.0
Andorra,AND,2002,17448.0
Andorra,AND,2003,17527.0
Andorra,AND,2004,17606.0
Andorra,AND,2005,17685.0
Andorra,AND,2006,17764.0
Andorra,AND,2007,17843.0
Andorra,AND,2008,17922.0
Andorra,AND,2009,18001.0
Andorra,AND,2010,18080.0
Andorra,AND,2011,18122.0
Andorra,AND,2012,18164.0
Andorra,AND,2013,18206.0
Andorra,AND,2014,18248.0
Andorra,AND,2015,18290.0
Andorra,AND,2016,18264.0
Andorra,AND,2017,18238.0
Andorra,AND,2018,18212.0
Andorra,AND,2019,18186.0
Andorra,AND,2020,18160.0
Andorra,AND,2021,18172.0
Andorra,AND,2022,18184.0
Andorra,AND,2023,18196.0
Andorra,AND,2024,18208.0
Angola,AGO,2001,75503050.0
Angola,AGO,2002,74993016.0
Angola,AGO,2003,74482990.0
Angola,AGO,2004,73972960.0
Angola,AGO,2005,73462930.0
Angola,AGO,2006,72952900.0
Angola,AGO,2007,72442870.0
Angola,AGO,2008,71932840.0
Angola,AGO,2009,71422810.0
Angola,AGO,2010,70912780.0
Angola,AGO,2011,70402750.0
Angola,AGO,2012,69892720.0
Angola,AGO,2013,69382696.0
Angola,AGO,2014,68872664.0
Angola,AGO,2015,68362630.0
Angola,AGO,2016,67852600.0
Angola,AGO,2017,67342570.0
Angola,AGO,2018,66832540.0
Angola,AGO,2019,66322508.0
Angola,AGO,2020,65812476.0
Angola,AGO,2021,65302450.0
Angola,AGO,2022,64792416.0
Angola,AGO,2023,64282388.0
Angola,AGO,2024,63772356.0
Anguilla,AIA,2001,5500.0
Anguilla,AIA,2002,5500.0
Anguilla,AIA,2003,5500.0
Anguilla,AIA,2004,5500.0
Anguilla,AIA,2005,5500.0
Anguilla,AIA,2006,5500.0
Anguilla,AIA,2007,5500.0
Anguilla,AIA,2008,5500.0
Anguilla,AIA,2009,5500.0
Anguilla,AIA,2010,5500.0
Anguilla,AIA,2011,5500.0
Anguilla,AIA,2012,5500.0
Anguilla,AIA,2013,5500.0
Anguilla,AIA,2014,5500.0
Anguilla,AIA,2015,5500.0
Anguilla,AIA,2016,5500.0
Anguilla,AIA,2017,5500.0
Anguilla,AIA,2018,5500.0
Anguilla,AIA,2019,5500.0
Anguilla,AIA,2020,5500.0
Anguilla,AIA,2021,5500.0
Anguilla,AIA,2022,5500.0
Anguilla,AIA,2023,5500.0
Anguilla,AIA,2024,5500.0
Antigua and Barbuda,ATG,2001,9383.0
Antigua and Barbuda,ATG,2002,9316.0
Antigua and Barbuda,ATG,2003,9249.0
Antigua and Barbuda,ATG,2004,9182.0
Antigua and Barbuda,ATG,2005,9115.0
Antigua and Barbuda,ATG,2006,9048.0
Antigua and Barbuda,ATG,2007,8981.0
Antigua and Barbuda,ATG,2008,8914.0
Antigua and Barbuda,ATG,2009,8847.0
Antigua and Barbuda,ATG,2010,8780.0
Antigua and Barbuda,ATG,2011,8714.0
Antigua and Barbuda,ATG,2012,8648.0
Antigua and Barbuda,ATG,2013,8582.0
Antigua and Barbuda,ATG,2014,8516.0
Antigua and Barbuda,ATG,2015,8450.0
Antigua and Barbuda,ATG,2016,8384.0
Antigua and Barbuda,ATG,2017,8318.0
Antigua and Barbuda,ATG,2018,8252.0
Antigua and Barbuda,ATG,2019,8186.0
Antigua and Barbuda,ATG,2020,8120.0
Antigua and Barbuda,ATG,2021,8054.0
Antigua and Barbuda,ATG,2022,7988.0
Antigua and Barbuda,ATG,2023,7922.0
Antigua and Barbuda,ATG,2024,7856.0
Argentina,ARG,2001,53070740.0
Argentina,ARG,2002,52699264.0
Argentina,ARG,2003,52327788.0
Argentina,ARG,2004,51956310.0
Argentina,ARG,2005,51584830.0
Argentina,ARG,2006,51213356.0
Argentina,ARG,2007,50841880.0
Argentina,ARG,2008,50470404.0
Argentina,ARG,2009,50098930.0
Argentina,ARG,2010,49727450.0
Argentina,ARG,2011,49470764.0
Argentina,ARG,2012,49214076.0
Argentina,ARG,2013,48957390.0
Argentina,ARG,2014,48700704.0
Argentina,ARG,2015,48444020.0
Argentina,ARG,2016,48254332.0
Argentina,ARG,2017,48064650.0
Argentina,ARG,2018,47874960.0
Argentina,ARG,2019,47685276.0
Argentina,ARG,2020,47495588.0
Argentina,ARG,2021,47316070.0
Argentina,ARG,2022,47136550.0
Argentina,ARG,2023,46957036.0
Argentina,ARG,2024,46777516.0
Armenia,ARM,2001,332605.0
Armenia,ARM,2002,332570.0
Armenia,ARM,2003,332535.0
Armenia,ARM,2004,332500.0
Armenia,ARM,2005,332465.0
Armenia,ARM,2006,332430.0
Armenia,ARM,2007,332395.0
Armenia,ARM,2008,332360.0
Armenia,ARM,2009,332325.0
Armenia,ARM,2010,332290.0
Armenia,ARM,2011,332672.0
Armenia,ARM,2012,333054.0
Armenia,ARM,2013,333436.0
Armenia,ARM,2014,333818.0
Armenia,ARM,2015,334200.0
Armenia,ARM,2016,334164.0
Armenia,ARM,2017,334128.0
Armenia,ARM,2018,334092.0
Armenia,ARM,2019,334056.0
Armenia,ARM,2020,334020.0
Armenia,ARM,2021,334036.0
Armenia,ARM,2022,334052.0
Armenia,ARM,2023,334068.0
Armenia,ARM,2024,334084.0
Aruba,ABW,2001,490.0
Aruba,ABW,2002,490.0
Aruba,ABW,2003,490.0
Aruba,ABW,2004,490.0
Aruba,ABW,2005,490.0
Aruba,ABW,2006,490.0
Aruba,ABW,2007,490.0
Aruba,ABW,2008,490.0
Aruba,ABW,2009,490.0
Aruba,ABW,2010,490.0
Aruba,ABW,2011,490.0
Aruba,ABW,2012,490.0
Aruba,ABW,2013,490.0
Aruba,ABW,2014,490.0
Aruba,ABW,2015,490.0
Aruba,ABW,2016,490.0
Aruba,ABW,2017,490.0
Aruba,ABW,2018,490.0
Aruba,ABW,2019,490.0
Aruba,ABW,2020,490.0
Aruba,ABW,2021,490.0
Aruba,ABW,2022,490.0
Aruba,ABW,2023,490.0
Aruba,ABW,2024,490.0
"Ascension, Saint Helena and Tristan da Cunha",,2001,2020.0
"Ascension, Saint Helena and Tristan da Cunha",,2002,2020.0
"Ascension, Saint Helena and Tristan da Cunha",,2003,2020.0
"Ascension, Saint Helena and Tristan da Cunha",,2004,2020.0
"Ascension, Saint Helena and Tristan da Cunha",,2005,2020.0
"Ascension, Saint Helena and Tristan da Cunha",,2006,2020.0
"Ascension, Saint Helena and Tristan da Cunha",,2007,2020.0
"Ascension, Saint Helena and Tristan da Cunha",,2008,2020.0
"Ascension, Saint Helena and Tristan da Cunha",,2009,2020.0
"Ascension, Saint Helena and Tristan da Cunha",,2010,2020.0
"Ascension, Saint Helena and Tristan da Cunha",,2011,2020.0
"Ascension, Saint Helena and Tristan da Cunha",,2012,2020.0
"Ascension, Saint Helena and Tristan da Cunha",,2013,2020.0
"Ascension, Saint Helena and Tristan da Cunha",,2014,2020.0
"Ascension, Saint Helena and Tristan da Cunha",,2015,2020.0
"Ascension, Saint Helena and Tristan da Cunha",,2016,2020.0
"Ascension, Saint Helena and Tristan da Cunha",,2017,2020.0
"Ascension, Saint Helena and Tristan da Cunha",,2018,2020.0
"Ascension, Saint Helena and Tristan da Cunha",,2019,2020.0
"Ascension, Saint Helena and Tristan da Cunha",,2020,2020.0
"Ascension, Saint Helena and Tristan da Cunha",,2021,2020.0
"Ascension, Saint Helena and Tristan da Cunha",,2022,2020.0
"Ascension, Saint Helena and Tristan da Cunha",,2023,2020.0
"Ascension, Saint Helena and Tristan da Cunha",,2024,2020.0
Asia,OWID_ASI,2001,580324700.0
Asia,OWID_ASI,2002,583086700.0
Asia,OWID_ASI,2003,585848800.0
Asia,OWID_ASI,2004,588610900.0
Asia,OWID_ASI,2005,591372900.0
Asia,OWID_ASI,2006,594135000.0
Asia,OWID_ASI,2007,596897000.0
Asia,OWID_ASI,2008,599659140.0
Asia,OWID_ASI,2009,602421200.0
Asia,OWID_ASI,2010,605183200.0
Asia,OWID_ASI,2011,606869200.0
Asia,OWID_ASI,2012,608555100.0
Asia,OWID_ASI,2013,610241000.0
Asia,OWID_ASI,2014,611927000.0
Asia,OWID_ASI,2015,613612900.0
Asia,OWID_ASI,2016,615641800.0
Asia,OWID_ASI,2017,617670700.0
Asia,OWID_ASI,2018,619699600.0
Asia,OWID_ASI,2019,621728500.0
Asia,OWID_ASI,2020,623757400.0
Asia,OWID_ASI,2021,624977300.0
Asia,OWID_ASI,2022,626197250.0
Asia,OWID_ASI,2023,627417150.0
Asia,OWID_ASI,2024,628637060.0
Australia,AUS,2001,132733680.0
Australia,AUS,2002,132560060.0
Australia,AUS,2003,132386450.0
Australia,AUS,2004,132212830.0
Australia,AUS,2005,132039220.0
Australia,AUS,2006,131865600.0
Australia,AUS,2007,131691980.0
Australia,AUS,2008,131518370.0
Australia,AUS,2009,131344760.0
Australia,AUS,2010,131171144.0
Australia,AUS,2011,131438420.0
Australia,AUS,2012,131705690.0
Australia,AUS,2013,131972970.0
Australia,AUS,2014,132240240.0
Australia,AUS,2015,132507510.0
Australia,AUS,2016,132664240.0
Australia,AUS,2017,132820960.0
Australia,AUS,2018,132977680.0
Australia,AUS,2019,133134400.0
Australia,AUS,2020,133291130.0
Australia,AUS,2021,133345220.0
Australia,AUS,2022,133399310.0
Australia,AUS,2023,133453410.0
Australia,AUS,2024,133507500.0
Austria,AUT,2001,3840490.0
Austria,AUT,2002,3842840.0
Austria,AUT,2003,3845190.0
Austria,AUT,2004,3847540.0
Austria,AUT,2005,3849890.0
Austria,AUT,2006,3852240.0
Austria,AUT,2007,3854590.0
Austria,AUT,2008,3856940.0
Austria,AUT,2009,3859290.0
Austria,AUT,2010,3861640.0
Austria,AUT,2011,3864458.0
Austria,AUT,2012,3867276.0
Austria,AUT,2013,3870094.0
Austria,AUT,2014,3872912.0
Austria,AUT,2015,3875730.0
Austria,AUT,2016,3878548.0
Austria,AUT,2017,3881366.0
Austria,AUT,2018,3884184.0
Austria,AUT,2019,3887002.0
Austria,AUT,2020,3889820.0
Austria,AUT,2021,3892638.0
Austria,AUT,2022,3895456.0
Austria,AUT,2023,3898274.0
Austria,AUT,2024,3901092.0
Azerbaijan,AZE,2001,991747.0
Azerbaijan,AZE,2002,996274.0
Azerbaijan,AZE,2003,1000801.0
Azerbaijan,AZE,2004,1005328.0
Azerbaijan,AZE,2005,1009855.0
Azerbaijan,AZE,2006,1014382.0
Azerbaijan,AZE,2007,1018909.0
Azerbaijan,AZE,2008,1023436.0
Azerbaijan,AZE,2009,1027963.0
Azerbaijan,AZE,2010,1032490.0
Azerbaijan,AZE,2011,1041570.0
Azerbaijan,AZE,2012,1050650.0
Azerbaijan,AZE,2013,1059730.0
Azerbaijan,AZE,2014,1068810.0
Azerbaijan,AZE,2015,1077890.0
Azerbaijan,AZE,2016,1094550.0
Azerbaijan,AZE,2017,1111210.0
Azerbaijan,AZE,2018,1127870.0
Azerbaijan,AZE,2019,1144530.0
Azerbaijan,AZE,2020,1161190.0
Azerbaijan,AZE,2021,1171684.0
Azerbaijan,AZE,2022,1182178.0
Azerbaijan,AZE,2023,1192672.0
Azerbaijan,AZE,2024,1203166.0
Bahamas,BHS,2001,509860.0
Bahamas,BHS,2002,509860.0
Bahamas,BHS,2003,509860.0
Bahamas,BHS,2004,509860.0
Bahamas,BHS,2005,509860.0
Bahamas,BHS,2006,509860.0
Bahamas,BHS,2007,509860.0
Bahamas,BHS,2008,509860.0
Bahamas,BHS,2009,509860.0
Bahamas,BHS,2010,509860.0
Bahamas,BHS,2011,509860.0
Bahamas,BHS,2012,509860.0
Bahamas,BHS,2013,509860.0
Bahamas,BHS,2014,509860.0
Bahamas,BHS,2015,509860.0
Bahamas,BHS,2016,509860.0
Bahamas,BHS,2017,509860.0
Bahamas,BHS,2018,509860.0
Bahamas,BHS,2019,509860.0
Bahamas,BHS,2020,509860.0
Bahamas,BHS,2021,509860.0
Bahamas,BHS,2022,509860.0
Bahamas,BHS,2023,509860.0
Bahamas,BHS,2024,509860.0
Bahrain,BHR,2001,1370.0
Bahrain,BHR,2002,1370.0
Bahrain,BHR,2003,1370.0
Bahrain,BHR,2004,1370.0
Bahrain,BHR,2005,1370.0
Bahrain,BHR,2006,1370.0
Bahrain,BHR,2007,1370.0
Bahrain,BHR,2008,1370.0
Bahrain,BHR,2009,1370.0
Bahrain,BHR,2010,1370.0
Bahrain,BHR,2011,1370.0
Bahrain,BHR,2012,1370.0
Bahrain,BHR,2013,1370.0
Bahrain,BHR,2014,1370.0
Bahrain,BHR,2015,1370.0
Bahrain,BHR,2016,1490.0
Bahrain,BHR,2017,1610.0
Bahrain,BHR,2018,1730.0
Bahrain,BHR,2019,1850.0
Bahrain,BHR,2020,1970.0
Bahrain,BHR,2021,2450.0
Bahrain,BHR,2022,2930.0
Bahrain,BHR,2023,3410.0
Bahrain,BHR,2024,3890.0
Bangladesh,BGD,2001,1917121.0
Bangladesh,BGD,2002,1913912.0
Bangladesh,BGD,2003,1910703.0
Bangladesh,BGD,2004,1907494.0
Bangladesh,BGD,2005,1904285.0
Bangladesh,BGD,2006,1901076.0
Bangladesh,BGD,2007,1897867.0
Bangladesh,BGD,2008,1894658.0
Bangladesh,BGD,2009,1891449.0
Bangladesh,BGD,2010,1888240.0
Bangladesh,BGD,2011,1887252.0
Bangladesh,BGD,2012,1886264.0
Bangladesh,BGD,2013,1885276.0
Bangladesh,BGD,2014,1884288.0
Bangladesh,BGD,2015,1883300.0
Bangladesh,BGD,2016,1882312.0
Bangladesh,BGD,2017,1881324.0
Bangladesh,BGD,2018,1880336.0
Bangladesh,BGD,2019,1879348.0
Bangladesh,BGD,2020,1878360.0
Bangladesh,BGD,2021,1877372.0
Bangladesh,BGD,2022,1876384.0
Bangladesh,BGD,2023,1875396.0
Bangladesh,BGD,2024,1874408.0
Barbados,BRB,2001,6300.0
Barbados,BRB,2002,6300.0
Barbados,BRB,2003,6300.0
Barbados,BRB,2004,6300.0
Barbados,BRB,2005,6300.0
Barbados,BRB,2006,6300.0
Barbados,BRB,2007,6300.0
Barbados,BRB,2008,6300.0
Barbados,BRB,2009,6300.0
Barbados,BRB,2010,6300.0
Barbados,BRB,2011,6300.0
Barbados,BRB,2012,6300.0
Barbados,BRB,2013,6300.0
Barbados,BRB,2014,6300.0
Barbados,BRB,2015,6300.0
Barbados,BRB,2016,6300.0
Barbados,BRB,2017,6300.0
Barbados,BRB,2018,6300.0
Barbados,BRB,2019,6300.0
Barbados,BRB,2020,6300.0
Barbados,BRB,2021,6300.0
Barbados,BRB,2022,6300.0
Barbados,BRB,2023,6300.0
Barbados,BRB,2024,6300.0
Belarus,BLR,2001,8308700.0
Belarus,BLR,2002,8344400.0
Belarus,BLR,2003,8380100.0
Belarus,BLR,2004,8415800.0
Belarus,BLR,2005,8451500.0
Belarus,BLR,2006,8487200.0
Belarus,BLR,2007,8522900.0
Belarus,BLR,2008,8558600.0
Belarus,BLR,2009,8594300.0
Belarus,BLR,2010,8630000.0
Belarus,BLR,2011,8630700.0
Belarus,BLR,2012,8631400.0
Belarus,BLR,2013,8632100.0
Belarus,BLR,2014,8632800.0
Belarus,BLR,2015,8633500.0
Belarus,BLR,2016,8675410.0
Belarus,BLR,2017,8717320.0
Belarus,BLR,2018,8759230.0
Belarus,BLR,2019,8801140.0
Belarus,BLR,2020,8843050.0
Belarus,BLR,2021,8869520.0
Belarus,BLR,2022,8895990.0
Belarus,BLR,2023,8922460.0
Belarus,BLR,2024,8948930.0
Belgium,BEL,2001,669557.0
Belgium,BEL,2002,671814.0
Belgium,BEL,2003,674071.0
Belgium,BEL,2004,676328.0
Belgium,BEL,2005,678585.0
Belgium,BEL,2006,680842.0
Belgium,BEL,2007,683099.0
Belgium,BEL,2008,685356.0
Belgium,BEL,2009,687613.0
Belgium,BEL,2010,689870.0
Belgium,BEL,2011,689756.0
Belgium,BEL,2012,689642.0
Belgium,BEL,2013,689528.0
Belgium,BEL,2014,689414.0
Belgium,BEL,2015,689300.0
Belgium,BEL,2016,685544.0
Belgium,BEL,2017,681788.0
Belgium,BEL,2018,678032.0
Belgium,BEL,2019,674276.0
Belgium,BEL,2020,670520.0
Belgium,BEL,2021,670520.0
Belgium,BEL,2022,670520.0
Belgium,BEL,2023,670520.0
Belgium,BEL,2024,670520.0
Belize,BLZ,2001,1496340.0
Belize,BLZ,2002,1488750.0
Belize,BLZ,2003,1481160.0
Belize,BLZ,2004,1473570.0
Belize,BLZ,2005,1465980.0
Belize,BLZ,2006,1458390.0
Belize,BLZ,2007,1450800.0
Belize,BLZ,2008,1443210.0
Belize,BLZ,2009,1435620.0
Belize,BLZ,2010,1428030.0
Belize,BLZ,2011,1420498.0
Belize,BLZ,2012,1412966.0
Belize,BLZ,2013,1405434.0
Belize,BLZ,2014,1397902.0
Belize,BLZ,2015,1390370.0
Belize,BLZ,2016,1382838.0
Belize,BLZ,2017,1375306.0
Belize,BLZ,2018,1367774.0
Belize,BLZ,2019,1360242.0
Belize,BLZ,2020,1352710.0
Belize,BLZ,2021,1345178.0
Belize,BLZ,2022,1337646.0
Belize,BLZ,2023,1330114.0
Belize,BLZ,2024,1322582.0
Benin,BEN,2001,5533265.0
Benin,BEN,2002,5392260.0
Benin,BEN,2003,5251255.0
Benin,BEN,2004,5110250.0
Benin,BEN,2005,4969245.0
Benin,BEN,2006,4828240.0
Benin,BEN,2007,4687235.0
Benin,BEN,2008,4546230.0
Benin,BEN,2009,4405225.0
Benin,BEN,2010,4264220.0
Benin,BEN,2011,4112794.2
Benin,BEN,2012,3961368.2
Benin,BEN,2013,3809942.2
Benin,BEN,2014,3658516.0
Benin,BEN,2015,3507090.0
Benin,BEN,2016,3469708.0
Benin,BEN,2017,3432326.0
Benin,BEN,2018,3394944.0
Benin,BEN,2019,3357562.0
Benin,BEN,2020,3320180.0
Benin,BEN,2021,3282798.0
Benin,BEN,2022,3245416.0
Benin,BEN,2023,3208034.0
Benin,BEN,2024,3170652.0
Bermuda,BMU,2001,780.0
Bermuda,BMU,2002,780.0
Bermuda,BMU,2003,780.0
Bermuda,BMU,2004,780.0
Bermuda,BMU,2005,780.0
Bermuda,BMU,2006,780.0
Bermuda,BMU,2007,780.0
Bermuda,BMU,2008,780.0
Bermuda,BMU,2009,780.0
Bermuda,BMU,2010,780.0
Bermuda,BMU,2011,780.0
Bermuda,BMU,2012,780.0
Bermuda,BMU,2013,780.0
Bermuda,BMU,2014,780.0
Bermuda,BMU,2015,780.0
Bermuda,BMU,2016,780.0
Bermuda,BMU,2017,780.0
Bermuda,BMU,2018,780.0
Bermuda,BMU,2019,780.0
Bermuda,BMU,2020,780.0
Bermuda,BMU,2021,780.0
Bermuda,BMU,2022,780.0
Bermuda,BMU,2023,780.0
Bermuda,BMU,2024,780.0
Bhutan,BTN,2001,2615929.0
Bhutan,BTN,2002,2625858.0
Bhutan,BTN,2003,2635787.0
Bhutan,BTN,2004,2645716.0
Bhutan,BTN,2005,2655645.0
Bhutan,BTN,2006,2665574.0
Bhutan,BTN,2007,2675503.0
Bhutan,BTN,2008,2685432.0
Bhutan,BTN,2009,2695361.0
Bhutan,BTN,2010,2705290.0
Bhutan,BTN,2011,2707268.0
Bhutan,BTN,2012,2709246.0
Bhutan,BTN,2013,2711224.0
Bhutan,BTN,2014,2713202.0
Bhutan,BTN,2015,2715180.0
Bhutan,BTN,2016,2715576.0
Bhutan,BTN,2017,2715972.0
Bhutan,BTN,2018,2716368.0
Bhutan,BTN,2019,2716764.0
Bhutan,BTN,2020,2717160.0
Bhutan,BTN,2021,2708676.0
Bhutan,BTN,2022,2700192.0
Bhutan,BTN,2023,2691708.0
Bhutan,BTN,2024,2683224.0
Bolivia,BOL,2001,58927348.0
Bolivia,BOL,2002,58768724.0
Bolivia,BOL,2003,58610104.0
Bolivia,BOL,2004,58451480.0
Bolivia,BOL,2005,58292860.0
Bolivia,BOL,2006,58134236.0
Bolivia,BOL,2007,57975616.0
Bolivia,BOL,2008,57816990.0
Bolivia,BOL,2009,57658372.0
Bolivia,BOL,2010,57499750.0
Bolivia,BOL,2011,57337236.0
Bolivia,BOL,2012,57174720.0
Bolivia,BOL,2013,57012210.0
Bolivia,BOL,2014,56849692.0
Bolivia,BOL,2015,56687180.0
Bolivia,BOL,2016,56463556.0
Bolivia,BOL,2017,56239936.0
Bolivia,BOL,2018,56016316.0
Bolivia,BOL,2019,55792692.0
Bolivia,BOL,2020,55569070.0
Bolivia,BOL,2021,55329310.0
Bolivia,BOL,2022,55089550.0
Bolivia,BOL,2023,54849788.0
Bolivia,BOL,2024,54610028.0
Bonaire Sint Eustatius and Saba,BES,2001,4210.0
Bonaire Sint Eustatius and Saba,BES,2002,4210.0
Bonaire Sint Eustatius and Saba,BES,2003,4210.0
Bonaire Sint Eustatius and Saba,BES,2004,4210.0
Bonaire Sint Eustatius and Saba,BES,2005,4210.0
Bonaire Sint Eustatius and Saba,BES,2006,4210.0
Bonaire Sint Eustatius and Saba,BES,2007,4210.0
Bonaire Sint Eustatius and Saba,BES,2008,4210.0
Bonaire Sint Eustatius and Saba,BES,2009,4210.0
Bonaire Sint Eustatius and Saba,BES,2010,4210.0
Bonaire Sint Eustatius and Saba,BES,2011,4210.0
Bonaire Sint Eustatius and Saba,BES,2012,4210.0
Bonaire Sint Eustatius and Saba,BES,2013,4210.0
Bonaire Sint Eustatius and Saba,BES,2014,4210.0
Bonaire Sint Eustatius and Saba,BES,2015,4210.0
Bonaire Sint Eustatius and Saba,BES,2016,4210.0
Bonaire Sint Eustatius and Saba,BES,2017,4210.0
Bonaire Sint Eustatius and Saba,BES,2018,4210.0
Bonaire Sint Eustatius and Saba,BES,2019,4210.0
Bonaire Sint Eustatius and Saba,BES,2020,4210.0
Bonaire Sint Eustatius and Saba,BES,2021,4210.0
Bonaire Sint Eustatius and Saba,BES,2022,4210.0
Bonaire Sint Eustatius and Saba,BES,2023,4210.0
Bonaire Sint Eustatius and Saba,BES,2024,4210.0
Bosnia and Herzegovina,BIH,2001,2110751.0
Bosnia and Herzegovina,BIH,2002,2109852.0
Bosnia and Herzegovina,BIH,2003,2108953.0
Bosnia and Herzegovina,BIH,2004,2108054.0
Bosnia and Herzegovina,BIH,2005,2107155.0
Bosnia and Herzegovina,BIH,2006,2106256.0
Bosnia and Herzegovina,BIH,2007,2105357.0
Bosnia and Herzegovina,BIH,2008,2104458.0
Bosnia and Herzegovina,BIH,2009,2103559.0
Bosnia and Herzegovina,BIH,2010,2102660.0
Bosnia and Herzegovina,BIH,2011,2114228.0
Bosnia and Herzegovina,BIH,2012,2125796.0
Bosnia and Herzegovina,BIH,2013,2137364.0
Bosnia and Herzegovina,BIH,2014,2148932.0
Bosnia and Herzegovina,BIH,2015,2160500.0
Bosnia and Herzegovina,BIH,2016,2159776.0
Bosnia and Herzegovina,BIH,2017,2159052.0
Bosnia and Herzegovina,BIH,2018,2158328.0
Bosnia and Herzegovina,BIH,2019,2157604.0
Bosnia and Herzegovina,BIH,2020,2156880.0
Bosnia and Herzegovina,BIH,2021,2157920.0
Bosnia and Herzegovina,BIH,2022,2158960.0
Bosnia and Herzegovina,BIH,2023,2160000.0
Bosnia and Herzegovina,BIH,2024,2161040.0
Botswana,BWA,2001,15727900.0
Botswana,BWA,2002,15727900.0
Botswana,BWA,2003,15727900.0
Botswana,BWA,2004,15727900.0
Botswana,BWA,2005,15727900.0
Botswana,BWA,2006,15727900.0
Botswana,BWA,2007,15727900.0
Botswana,BWA,2008,15727900.0
Botswana,BWA,2009,15727900.0
Botswana,BWA,2010,15727900.0
Botswana,BWA,2011,15727900.0
Botswana,BWA,2012,15727900.0
Botswana,BWA,2013,15727900.0
Botswana,BWA,2014,15727900.0
Botswana,BWA,2015,15727900.0
Botswana,BWA,2016,15728360.0
Botswana,BWA,2017,15728820.0
Botswana,BWA,2018,15729280.0
Botswana,BWA,2019,15729740.0
Botswana,BWA,2020,15730200.0
Botswana,BWA,2021,15730200.0
Botswana,BWA,2022,15730200.0
Botswana,BWA,2023,15730200.0
Botswana,BWA,2024,15730200.0
Brazil,BRA,2001,557157060.0
Brazil,BRA,2002,553593800.0
Brazil,BRA,2003,550030460.0
Brazil,BRA,2004,546467200.0
Brazil,BRA,2005,542903940.0
Brazil,BRA,2006,539340600.0
Brazil,BRA,2007,535777300.0
Brazil,BRA,2008,532214000.0
Brazil,BRA,2009,528650720.0
Brazil,BRA,2010,525087420.0
Brazil,BRA,2011,523171740.0
Brazil,BRA,2012,521256030.0
Brazil,BRA,2013,519340350.0
Brazil,BRA,2014,517424640.0
Brazil,BRA,2015,515508930.0
Brazil,BRA,2016,512880500.0
Brazil,BRA,2017,510252130.0
Brazil,BRA,2018,507623700.0
Brazil,BRA,2019,504995300.0
Brazil,BRA,2020,502366880.0
Brazil,BRA,2021,499110820.0
Brazil,BRA,2022,495854800.0
Brazil,BRA,2023,492598720.0
Brazil,BRA,2024,489342700.0
British Virgin Islands,VGB,2001,9989.0
British Virgin Islands,VGB,2002,9988.0
British Virgin Islands,VGB,2003,9987.0
British Virgin Islands,VGB,2004,9986.0
British Virgin Islands,VGB,2005,9985.0
British Virgin Islands,VGB,2006,9984.0
British Virgin Islands,VGB,2007,9983.0
British Virgin Islands,VGB,2008,9982.0
British Virgin Islands,VGB,2009,9981.0
British Virgin Islands,VGB,2010,9980.0
British Virgin Islands,VGB,2011,9978.0
British Virgin Islands,VGB,2012,9976.0
British Virgin Islands,VGB,2013,9974.0
British Virgin Islands,VGB,2014,9972.0
British Virgin Islands,VGB,2015,9970.0
British Virgin Islands,VGB,2016,9970.0
British Virgin Islands,VGB,2017,9970.0
British Virgin Islands,VGB,2018,9970.0
British Virgin Islands,VGB,2019,9970.0
British Virgin Islands,VGB,2020,9970.0
British Virgin Islands,VGB,2021,9970.0
British Virgin Islands,VGB,2022,9970.0
British Virgin Islands,VGB,2023,9970.0
British Virgin Islands,VGB,2024,9970.0
Brunei,BRN,2001,395300.0
Brunei,BRN,2002,393600.0
Brunei,BRN,2003,391900.0
Brunei,BRN,2004,390200.0
Brunei,BRN,2005,388500.0
Brunei,BRN,2006,386800.0
Brunei,BRN,2007,385100.0
Brunei,BRN,2008,383400.0
Brunei,BRN,2009,381700.0
Brunei,BRN,2010,380000.0
Brunei,BRN,2011,380000.0
Brunei,BRN,2012,380000.0
Brunei,BRN,2013,380000.0
Brunei,BRN,2014,380000.0
Brunei,BRN,2015,380000.0
Brunei,BRN,2016,380000.0
Brunei,BRN,2017,380000.0
Brunei,BRN,2018,380000.0
Brunei,BRN,2019,380000.0
Brunei,BRN,2020,380000.0
Brunei,BRN,2021,380000.0
Brunei,BRN,2022,380000.0
Brunei,BRN,2023,380000.0
Brunei,BRN,2024,380000.0
Bulgaria,BGR,2001,3411200.0
Bulgaria,BGR,2002,3447400.0
Bulgaria,BGR,2003,3483600.0
Bulgaria,BGR,2004,3519800.0
Bulgaria,BGR,2005,3556000.0
Bulgaria,BGR,2006,3592200.0
Bulgaria,BGR,2007,3628400.0
Bulgaria,BGR,2008,3664600.0
Bulgaria,BGR,2009,3700800.0
Bulgaria,BGR,2010,3737000.0
Bulgaria,BGR,2011,3756200.0
Bulgaria,BGR,2012,3775400.0
Bulgaria,BGR,2013,3794600.0
Bulgaria,BGR,2014,3813800.0
Bulgaria,BGR,2015,3833000.0
Bulgaria,BGR,2016,3845600.0
Bulgaria,BGR,2017,3858200.0
Bulgaria,BGR,2018,3870800.0
Bulgaria,BGR,2019,3883400.0
Bulgaria,BGR,2020,3896000.0
Bulgaria,BGR,2021,3908600.0
Bulgaria,BGR,2022,3921200.0
Bulgaria,BGR,2023,3933800.0
Bulgaria,BGR,2024,3946400.0
Burkina Faso,BFA,2001,6243660.0
Burkina Faso,BFA,2002,6109350.0
Burkina Faso,BFA,2003,5975040.0
Burkina Faso,BFA,2004,5840730.0
Burkina Faso,BFA,2005,5706420.0
Burkina Faso,BFA,2006,5572110.0
Burkina Faso,BFA,2007,5437800.0
Burkina Faso,BFA,2008,5303490.0
Burkina Faso,BFA,2009,5169180.0
Burkina Faso,BFA,2010,5034870.0
Burkina Faso,BFA,2011,4915010.0
Burkina Faso,BFA,2012,4795150.0
Burkina Faso,BFA,2013,4675290.0
Burkina Faso,BFA,2014,4555430.0
Burkina Faso,BFA,2015,4435570.0
Burkina Faso,BFA,2016,4315710.0
Burkina Faso,BFA,2017,4195850.0
Burkina Faso,BFA,2018,4075990.0
Burkina Faso,BFA,2019,3956130.0
Burkina Faso,BFA,2020,3836270.0
Burkina Faso,BFA,2021,3716410.0
Burkina Faso,BFA,2022,3596550.0
Burkina Faso,BFA,2023,3476690.0
Burkina Faso,BFA,2024,3356830.0
Burundi,BDI,2001,193940.0
Burundi,BDI,2002,193940.0
Burundi,BDI,2003,193940.0
Burundi,BDI,2004,193940.0
Burundi,BDI,2005,193940.0
Burundi,BDI,2006,193940.0
Burundi,BDI,2007,193940.0
Burundi,BDI,2008,193940.0
Burundi,BDI,2009,193940.0
Burundi,BDI,2010,193940.0
Burundi,BDI,2011,211080.0
Burundi,BDI,2012,228220.0
Burundi,BDI,2013,245360.02
Burundi,BDI,2014,262500.0
Burundi,BDI,2015,279640.0
Burundi,BDI,2016,279640.0
Burundi,BDI,2017,279640.0
Burundi,BDI,2018,279640.0
Burundi,BDI,2019,279640.0
Burundi,BDI,2020,279640.0
Burundi,BDI,2021,279640.0
Burundi,BDI,2022,279640.0
Burundi,BDI,2023,279640.0
Burundi,BDI,2024,279640.0
Cambodia,KHM,2001,10761823.0
Cambodia,KHM,2002,10742646.0
Cambodia,KHM,2003,10723469.0
Cambodia,KHM,2004,10704292.0
Cambodia,KHM,2005,10685115.0
Cambodia,KHM,2006,10665938.0
Cambodia,KHM,2007,10646761.0
Cambodia,KHM,2008,10627584.0
Cambodia,KHM,2009,10608407.0
Cambodia,KHM,2010,10589230.0
Cambodia,KHM,2011,10240748.0
Cambodia,KHM,2012,9892266.0
Cambodia,KHM,2013,9543784.0
Cambodia,KHM,2014,9195302.0
Cambodia,KHM,2015,8846820.0
Cambodia,KHM,2016,8652824.0
Cambodia,KHM,2017,8458828.0
Cambodia,KHM,2018,8264832.0
Cambodia,KHM,2019,8070836.0
Cambodia,KHM,2020,7876840.0
Cambodia,KHM,2021,7568106.0
Cambodia,KHM,2022,7259372.0
Cambodia,KHM,2023,6950638.0
Cambodia,KHM,2024,6641904.0
Cameroon,CMR,2001,21527790.0
Cameroon,CMR,2002,21458088.0
Cameroon,CMR,2003,21388388.0
Cameroon,CMR,2004,21318686.0
Cameroon,CMR,2005,21248986.0
Cameroon,CMR,2006,21179284.0
Cameroon,CMR,2007,21109584.0
Cameroon,CMR,2008,21039882.0
Cameroon,CMR,2009,20970182.0
Cameroon,CMR,2010,20900480.0
Cameroon,CMR,2011,20844480.0
Cameroon,CMR,2012,20788480.0
Cameroon,CMR,2013,20732480.0
Cameroon,CMR,2014,20676480.0
Cameroon,CMR,2015,20620480.0
Cameroon,CMR,2016,20441984.0
Cameroon,CMR,2017,20263488.0
Cameroon,CMR,2018,20084992.0
Cameroon,CMR,2019,19906496.0
Cameroon,CMR,2020,19728000.0
Cameroon,CMR,2021,19611044.0
Cameroon,CMR,2022,19494088.0
Cameroon,CMR,2023,19377132.0
Cameroon,CMR,2024,19260176.0
Canada,CAN,2001,360817630.0
Canada,CAN,2002,361330240.0
Canada,CAN,2003,361842850.0
Canada,CAN,2004,362355460.0
Canada,CAN,2005,362868060.0
Canada,CAN,2006,363380670.0
Canada,CAN,2007,363893280.0
Canada,CAN,2008,364405900.0
Canada,CAN,2009,364918500.0
Canada,CAN,2010,365431100.0
Canada,CAN,2011,365943700.0
Canada,CAN,2012,366456320.0
Canada,CAN,2013,366968930.0
Canada,CAN,2014,367481500.0
Canada,CAN,2015,367994100.0
Canada,CAN,2016,368168900.0
Canada,CAN,2017,368343650.0
Canada,CAN,2018,368518400.0
Canada,CAN,2019,368693200.0
Canada,CAN,2020,368867940.0
Canada,CAN,2021,368858100.0
Canada,CAN,2022,368848300.0
Canada,CAN,2023,368838500.0
Canada,CAN,2024,368828670.0
Cape Verde,CPV,2001,38340.0
Cape Verde,CPV,2002,38780.0
Cape Verde,CPV,2003,39220.0
Cape Verde,CPV,2004,39660.0
Cape Verde,CPV,2005,40100.0
Cape Verde,CPV,2006,40540.0
Cape Verde,CPV,2007,40980.0
Cape Verde,CPV,2008,41420.0
Cape Verde,CPV,2009,41860.0
Cape Verde,CPV,2010,42300.0
Cape Verde,CPV,2011,42812.0
Cape Verde,CPV,2012,43324.0
Cape Verde,CPV,2013,43836.0
Cape Verde,CPV,2014,44348.0
Cape Verde,CPV,2015,44860.0
Cape Verde,CPV,2016,45480.0
Cape Verde,CPV,2017,46100.0
Cape Verde,CPV,2018,46720.0
Cape Verde,CPV,2019,47340.0
Cape Verde,CPV,2020,47960.0
Cape Verde,CPV,2021,48580.0
Cape Verde,CPV,2022,49200.0
Cape Verde,CPV,2023,49820.0
Cape Verde,CPV,2024,50440.0
Cayman Islands,CYM,2001,12909.0
Cayman Islands,CYM,2002,12888.0
Cayman Islands,CYM,2003,12867.0
Cayman Islands,CYM,2004,12846.0
Cayman Islands,CYM,2005,12825.0
Cayman Islands,CYM,2006,12804.0
Cayman Islands,CYM,2007,12783.0
Cayman Islands,CYM,2008,12762.0
Cayman Islands,CYM,2009,12741.0
Cayman Islands,CYM,2010,12720.0
Cayman Islands,CYM,2011,12720.0
Cayman Islands,CYM,2012,12720.0
Cayman Islands,CYM,2013,12720.0
Cayman Islands,CYM,2014,12720.0
Cayman Islands,CYM,2015,12720.0
Cayman Islands,CYM,2016,12720.0
Cayman Islands,CYM,2017,12720.0
Cayman Islands,CYM,2018,12720.0
Cayman Islands,CYM,2019,12720.0
Cayman Islands,CYM,2020,12720.0
Cayman Islands,CYM,2021,12720.0
Cayman Islands,CYM,2022,12720.0
Cayman Islands,CYM,2023,12720.0
Cayman Islands,CYM,2024,12720.0
Central African Republic,CAF,2001,46049996.0
Central African Republic,CAF,2002,46015004.0
Central African Republic,CAF,2003,45980012.0
Central African Republic,CAF,2004,45945020.0
Central African Republic,CAF,2005,45910028.0
Central African Republic,CAF,2006,45875036.0
Central African Republic,CAF,2007,45840044.0
Central African Republic,CAF,2008,45805052.0
Central African Republic,CAF,2009,45770064.0
Central African Republic,CAF,2010,45735070.0
Central African Republic,CAF,2011,45700080.0
Central African Republic,CAF,2012,45665084.0
Central African Republic,CAF,2013,45630092.0
Central African Republic,CAF,2014,45595100.0
Central African Republic,CAF,2015,45560108.0
Central African Republic,CAF,2016,45513584.0
Central African Republic,CAF,2017,45467060.0
Central African Republic,CAF,2018,45420536.0
Central African Republic,CAF,2019,45374012.0
Central African Republic,CAF,2020,45327490.0
Central African Republic,CAF,2021,45280964.0
Central African Republic,CAF,2022,45234440.0
Central African Republic,CAF,2023,45187916.0
Central African Republic,CAF,2024,45141396.0
Chad,TCD,2001,6270470.0
Chad,TCD,2002,6188200.0
Chad,TCD,2003,6105930.0
Chad,TCD,2004,6023660.0
Chad,TCD,2005,5941390.0
Chad,TCD,2006,5859120.0
Chad,TCD,2007,5776850.0
Chad,TCD,2008,5694580.0
Chad,TCD,2009,5612310.0
Chad,TCD,2010,5530040.0
Chad,TCD,2011,5402124.0
Chad,TCD,2012,5274208.0
Chad,TCD,2013,5146292.0
Chad,TCD,2014,5018376.0
Chad,TCD,2015,4890460.0
Chad,TCD,2016,4762546.0
Chad,TCD,2017,4634632.0
Chad,TCD,2018,4506718.0
Chad,TCD,2019,4378804.0
Chad,TCD,2020,4250890.0
Chad,TCD,2021,4122976.0
Chad,TCD,2022,3995062.0
Chad,TCD,2023,3867148.0
Chad,TCD,2024,3739234.0
Chile,CHL,2001,17485952.0
Chile,CHL,2002,17547316.0
Chile,CHL,2003,17608680.0
Chile,CHL,2004,17670042.0
Chile,CHL,2005,17731406.0
Chile,CHL,2006,17792768.0
Chile,CHL,2007,17854132.0
Chile,CHL,2008,17915494.0
Chile,CHL,2009,17976858.0
Chile,CHL,2010,18038220.0
Chile,CHL,2011,18073994.0
Chile,CHL,2012,18109768.0
Chile,CHL,2013,18145542.0
Chile,CHL,2014,18181316.0
Chile,CHL,2015,18217090.0
Chile,CHL,2016,18210936.0
Chile,CHL,2017,18204782.0
Chile,CHL,2018,18198628.0
Chile,CHL,2019,18192474.0
Chile,CHL,2020,18186320.0
Chile,CHL,2021,18181436.0
Chile,CHL,2022,18176552.0
Chile,CHL,2023,18171668.0
Chile,CHL,2024,18166784.0
China,CHN,2001,179361540.0
China,CHN,2002,181722510.0
China,CHN,2003,184083490.0
China,CHN,2004,186444480.0
China,CHN,2005,188805460.0
China,CHN,2006,191166450.0
China,CHN,2007,193527420.0
China,CHN,2008,195888420.0
China,CHN,2009,198249390.0
China,CHN,2010,200610370.0
China,CHN,2011,202547150.0
China,CHN,2012,204483920.0
China,CHN,2013,206420700.0
China,CHN,2014,208357470.0
China,CHN,2015,210294260.0
China,CHN,2016,212055000.0
China,CHN,2017,213815740.0
China,CHN,2018,215576500.0
China,CHN,2019,217337250.0
China,CHN,2020,219098000.0
China,CHN,2021,220709000.0
China,CHN,2022,222320000.0
China,CHN,2023,223931000.0
China,CHN,2024,225542000.0
Colombia,COL,2001,62456480.0
Colombia,COL,2002,62342620.0
Colombia,COL,2003,62228760.0
Colombia,COL,2004,62114900.0
Colombia,COL,2005,62001040.0
Colombia,COL,2006,61887180.0
Colombia,COL,2007,61773320.0
Colombia,COL,2008,61659460.0
Colombia,COL,2009,61545600.0
Colombia,COL,2010,61431740.0
Colombia,COL,2011,61338144.0
Colombia,COL,2012,61244548.0
Colombia,COL,2013,61150950.0
Colombia,COL,2014,61057356.0
Colombia,COL,2015,60963760.0
Colombia,COL,2016,60795664.0
Colombia,COL,2017,60627570.0
Colombia,COL,2018,60459470.0
Colombia,COL,2019,60291376.0
Colombia,COL,2020,60123280.0
Colombia,COL,2021,59989996.0
Colombia,COL,2022,59856710.0
Colombia,COL,2023,59723428.0
Colombia,COL,2024,59590144.0
Comoros,COM,2001,42232.0
Comoros,COM,2002,41684.0
Comoros,COM,2003,41136.0
Comoros,COM,2004,40588.0
Comoros,COM,2005,40040.0
Comoros,COM,2006,39492.0
Comoros,COM,2007,38944.0
Comoros,COM,2008,38396.0
Comoros,COM,2009,37848.0
Comoros,COM,2010,37300.0
Comoros,COM,2011,36752.0
Comoros,COM,2012,36204.0
Comoros,COM,2013,35656.0
Comoros,COM,2014,35108.0
Comoros,COM,2015,34560.0
Comoros,COM,2016,34222.0
Comoros,COM,2017,33884.0
Comoros,COM,2018,33546.0
Comoros,COM,2019,33208.0
Comoros,COM,2020,32870.0
Comoros,COM,2021,32970.0
Comoros,COM,2022,33070.0
Comoros,COM,2023,33170.0
Comoros,COM,2024,33270.0
Congo,COG,2001,22123000.0
Congo,COG,2002,22111000.0
Congo,COG,2003,22099000.0
Congo,COG,2004,22087000.0
Congo,COG,2005,22075000.0
Congo,COG,2006,22063000.0
Congo,COG,2007,22051000.0
Congo,COG,2008,22039000.0
Congo,COG,2009,22027000.0
Congo,COG,2010,22015000.0
Congo,COG,2011,21994660.0
Congo,COG,2012,21974320.0
Congo,COG,2013,21953980.0
Congo,COG,2014,21933640.0
Congo,COG,2015,21913300.0
Congo,COG,2016,21887400.0
Congo,COG,2017,21861500.0
Congo,COG,2018,21835600.0
Congo,COG,2019,21809700.0
Congo,COG,2020,21783800.0
Congo,COG,2021,21797800.0
Congo,COG,2022,21811800.0
Congo,COG,2023,21825800.0
Congo,COG,2024,21839800.0
Cook Islands,COK,2001,15572.0
Cook Islands,COK,2002,15574.0
Cook Islands,COK,2003,15576.0
Cook Islands,COK,2004,15578.0
Cook Islands,COK,2005,15580.0
Cook Islands,COK,2006,15582.0
Cook Islands,COK,2007,15584.0
Cook Islands,COK,2008,15586.0
Cook Islands,COK,2009,15588.0
Cook Islands,COK,2010,15590.0
Cook Islands,COK,2011,15590.0
Cook Islands,COK,2012,15590.0
Cook Islands,COK,2013,15590.0
Cook Islands,COK,2014,15590.0
Cook Islands,COK,2015,15590.0
Cook Islands,COK,2016,15590.0
Cook Islands,COK,2017,15590.0
Cook Islands,COK,2018,15590.0
Cook Islands,COK,2019,15590.0
Cook Islands,COK,2020,15590.0
Cook Islands,COK,2021,15590.0
Cook Islands,COK,2022,15590.0
Cook Islands,COK,2023,15590.0
Cook Islands,COK,2024,15590.0
Costa Rica,CRI,2001,2852220.0
Costa Rica,CRI,2002,2855390.0
Costa Rica,CRI,2003,2858560.0
Costa Rica,CRI,2004,2861730.0
Costa Rica,CRI,2005,2864900.0
Costa Rica,CRI,2006,2868070.0
Costa Rica,CRI,2007,2871240.0
Costa Rica,CRI,2008,2874410.0
Costa Rica,CRI,2009,2877580.0
Costa Rica,CRI,2010,2880750.0
Costa Rica,CRI,2011,2895492.0
Costa Rica,CRI,2012,2910234.0
Costa Rica,CRI,2013,2924976.0
Costa Rica,CRI,2014,2939718.0
Costa Rica,CRI,2015,2954460.0
Costa Rica,CRI,2016,2957978.0
Costa Rica,CRI,2017,2961496.0
Costa Rica,CRI,2018,2965014.0
Costa Rica,CRI,2019,2968532.0
Costa Rica,CRI,2020,2972050.0
Costa Rica,CRI,2021,2975568.0
Costa Rica,CRI,2022,2979086.0
Costa Rica,CRI,2023,2982604.0
Costa Rica,CRI,2024,2986122.0
Cote d'Ivoire,CIV,2001,6046139.0
Cote d'Ivoire,CIV,2002,5929658.0
Cote d'Ivoire,CIV,2003,5813177.0
Cote d'Ivoire,CIV,2004,5696696.0
Cote d'Ivoire,CIV,2005,5580215.0
Cote d'Ivoire,CIV,2006,5463734.0
Cote d'Ivoire,CIV,2007,5347253.0
Cote d'Ivoire,CIV,2008,5230772.0
Cote d'Ivoire,CIV,2009,5114291.0
Cote d'Ivoire,CIV,2010,4997810.0
Cote d'Ivoire,CIV,2011,4887952.0
Cote d'Ivoire,CIV,2012,4778094.0
Cote d'Ivoire,CIV,2013,4668236.0
Cote d'Ivoire,CIV,2014,4558378.0
Cote d'Ivoire,CIV,2015,4448520.0
Cote d'Ivoire,CIV,2016,4394464.0
Cote d'Ivoire,CIV,2017,4340408.0
Cote d'Ivoire,CIV,2018,4286352.0
Cote d'Ivoire,CIV,2019,4232296.0
Cote d'Ivoire,CIV,2020,4178240.2
Cote d'Ivoire,CIV,2021,4097418.2
Cote d'Ivoire,CIV,2022,4016596.0
Cote d'Ivoire,CIV,2023,3935774.0
Cote d'Ivoire,CIV,2024,3854952.0
Croatia,HRV,2001,1888500.0
Croatia,HRV,2002,1892000.0
Croatia,HRV,2003,1895500.0
Croatia,HRV,2004,1899000.0
Croatia,HRV,2005,1902500.0
Croatia,HRV,2006,1906000.0
Croatia,HRV,2007,1909500.0
Croatia,HRV,2008,1913000.0
Croatia,HRV,2009,1916500.0
Croatia,HRV,2010,1920000.0
Croatia,HRV,2011,1920400.0
Croatia,HRV,2012,1920800.0
Croatia,HRV,2013,1921200.0
Croatia,HRV,2014,1921600.0
Croatia,HRV,2015,1922000.0
Croatia,HRV,2016,1925520.0
Croatia,HRV,2017,1929040.0
Croatia,HRV,2018,1932560.0
Croatia,HRV,2019,1936080.0
Croatia,HRV,2020,1939600.0
Croatia,HRV,2021,1940920.0
Croatia,HRV,2022,1942240.0
Croatia,HRV,2023,1943560.0
Croatia,HRV,2024,1944880.0
Cuba,CUB,2001,2750035.0
Cuba,CUB,2002,2801070.0
Cuba,CUB,2003,2852105.0
Cuba,CUB,2004,2903140.0
Cuba,CUB,2005,2954175.0
Cuba,CUB,2006,3005210.0
Cuba,CUB,2007,3056245.0
Cuba,CUB,2008,3107280.0
Cuba,CUB,2009,3158315.0
Cuba,CUB,2010,3209350.0
Cuba,CUB,2011,3271280.0
Cuba,CUB,2012,3333210.0
Cuba,CUB,2013,3395140.0
Cuba,CUB,2014,3457070.0
Cuba,CUB,2015,3519000.0
Cuba,CUB,2016,3537486.0
Cuba,CUB,2017,3555972.0
Cuba,CUB,2018,3574458.0
Cuba,CUB,2019,3592944.0
Cuba,CUB,2020,3611430.0
Cuba,CUB,2021,3613620.0
Cuba,CUB,2022,3615810.0
Cuba,CUB,2023,3618000.0
Cuba,CUB,2024,3620190.0
Curacao,CUW,2001,70.0
Curacao,CUW,2002,70.0
Curacao,CUW,2003,70.0
Curacao,CUW,2004,70.0
Curacao,CUW,2005,70.0
Curacao,CUW,2006,70.0
Curacao,CUW,2007,70.0
Curacao,CUW,2008,70.0
Curacao,CUW,2009,70.0
Curacao,CUW,2010,70.0
Curacao,CUW,2011,70.0
Curacao,CUW,2012,70.0
Curacao,CUW,2013,70.0
Curacao,CUW,2014,70.0
Curacao,CUW,2015,70.0
Curacao,CUW,2016,70.0
Curacao,CUW,2017,70.0
Curacao,CUW,2018,70.0
Curacao,CUW,2019,70.0
Curacao,CUW,2020,70.0
Curacao,CUW,2021,70.0
Curacao,CUW,2022,70.0
Curacao,CUW,2023,70.0
Curacao,CUW,2024,70.0
Cyprus,CYP,2001,171733.0
Cyprus,CYP,2002,171856.0
Cyprus,CYP,2003,171979.0
Cyprus,CYP,2004,172102.0
Cyprus,CYP,2005,172225.0
Cyprus,CYP,2006,172348.0
Cyprus,CYP,2007,172471.0
Cyprus,CYP,2008,172594.0
Cyprus,CYP,2009,172717.0
Cyprus,CYP,2010,172840.0
Cyprus,CYP,2011,172814.0
Cyprus,CYP,2012,172788.0
Cyprus,CYP,2013,172762.0
Cyprus,CYP,2014,172736.0
Cyprus,CYP,2015,172710.0
Cyprus,CYP,2016,172676.0
Cyprus,CYP,2017,172642.0
Cyprus,CYP,2018,172608.0
Cyprus,CYP,2019,172574.0
Cyprus,CYP,2020,172540.0
Cyprus,CYP,2021,172372.0
Cyprus,CYP,2022,172204.0
Cyprus,CYP,2023,172036.0
Cyprus,CYP,2024,171868.0
Czechia,CZE,2001,2866753.0
Czechia,CZE,2002,2868226.0
Czechia,CZE,2003,2869699.0
Czechia,CZE,2004,2871172.0
Czechia,CZE,2005,2872645.0
Czechia,CZE,2006,2874118.0
Czechia,CZE,2007,2875591.0
Czechia,CZE,2008,2877064.0
Czechia,CZE,2009,2878537.0
Czechia,CZE,2010,2880010.0
Czechia,CZE,2011,2882590.0
Czechia,CZE,2012,2885170.0
Czechia,CZE,2013,2887750.0
Czechia,CZE,2014,2890330.0
Czechia,CZE,2015,2892910.0
Czechia,CZE,2016,2898960.0
Czechia,CZE,2017,2905010.0
Czechia,CZE,2018,2911060.0
Czechia,CZE,2019,2917110.0
Czechia,CZE,2020,2923160.0
Czechia,CZE,2021,2932200.0
Czechia,CZE,2022,2941240.0
Czechia,CZE,2023,2950280.0
Czechia,CZE,2024,2959320.0
Democratic Republic of Congo,COD,2001,153115330.0
Democratic Republic of Congo,COD,2002,152440340.0
Democratic Republic of Congo,COD,2003,151765340.0
Democratic Republic of Congo,COD,2004,151090370.0
Democratic Republic of Congo,COD,2005,150415380.0
Democratic Republic of Congo,COD,2006,149740380.0
Democratic Republic of Congo,COD,2007,149065400.0
Democratic Republic of Congo,COD,2008,148390420.0
Democratic Republic of Congo,COD,2009,147715420.0
Democratic Republic of Congo,COD,2010,147040430.0
Democratic Republic of Congo,COD,2011,146035940.0
Democratic Republic of Congo,COD,2012,145031440.0
Democratic Republic of Congo,COD,2013,144026940.0
Democratic Republic of Congo,COD,2014,143022450.0
Democratic Republic of Congo,COD,2015,142017950.0
Democratic Republic of Congo,COD,2016,141735070.0
Democratic Republic of Congo,COD,2017,141452180.0
Democratic Republic of Congo,COD,2018,141169300.0
Democratic Republic of Congo,COD,2019,140886400.0
Democratic Republic of Congo,COD,2020,140603520.0
Democratic Republic of Congo,COD,2021,140320620.0
Democratic Republic of Congo,COD,2022,140037730.0
Democratic Republic of Congo,COD,2023,139754830.0
Democratic Republic of Congo,COD,2024,139471940.0
Denmark,DNK,2001,573074.0
Denmark,DNK,2002,574548.0
Denmark,DNK,2003,576022.0
Denmark,DNK,2004,577496.0
Denmark,DNK,2005,578970.0
Denmark,DNK,2006,580444.0
Denmark,DNK,2007,581918.0
Denmark,DNK,2008,583392.0
Denmark,DNK,2009,584866.0
Denmark,DNK,2010,586340.0
Denmark,DNK,2011,593924.0
Denmark,DNK,2012,601508.0
Denmark,DNK,2013,609092.0
Denmark,DNK,2014,616676.0
Denmark,DNK,2015,624260.0
Denmark,DNK,2016,625950.0
Denmark,DNK,2017,627640.0
Denmark,DNK,2018,629330.0
Denmark,DNK,2019,631020.0
Denmark,DNK,2020,632710.0
Denmark,DNK,2021,634680.0
Denmark,DNK,2022,636650.0
Denmark,DNK,2023,638620.0
Denmark,DNK,2024,640590.0
Djibouti,DJI,2001,5600.0
Djibouti,DJI,2002,5600.0
Djibouti,DJI,2003,5600.0
Djibouti,DJI,2004,5600.0
Djibouti,DJI,2005,5600.0
Djibouti,DJI,2006,5600.0
Djibouti,DJI,2007,5600.0
Djibouti,DJI,2008,5600.0
Djibouti,DJI,2009,5600.0
Djibouti,DJI,2010,5600.0
Djibouti,DJI,2011,5610.0
Djibouti,DJI,2012,5620.0
Djibouti,DJI,2013,5630.0
Djibouti,DJI,2014,5640.0
Djibouti,DJI,2015,5650.0
Djibouti,DJI,2016,5696.0
Djibouti,DJI,2017,5742.0
Djibouti,DJI,2018,5788.0
Djibouti,DJI,2019,5834.0
Djibouti,DJI,2020,5880.0
Djibouti,DJI,2021,5890.0
Djibouti,DJI,2022,5900.0
Djibouti,DJI,2023,5910.0
Djibouti,DJI,2024,5920.0
Dominica,DMA,2001,58531.0
Dominica,DMA,2002,58512.0
Dominica,DMA,2003,58493.0
Dominica,DMA,2004,58474.0
Dominica,DMA,2005,58455.0
Dominica,DMA,2006,58436.0
Dominica,DMA,2007,58417.0
Dominica,DMA,2008,58398.0
Dominica,DMA,2009,58379.0
Dominica,DMA,2010,58360.0
Dominica,DMA,2011,58248.0
Dominica,DMA,2012,58136.0
Dominica,DMA,2013,58024.0
Dominica,DMA,2014,57912.0
Dominica,DMA,2015,57800.0
Dominica,DMA,2016,57754.0
Dominica,DMA,2017,57708.0
Dominica,DMA,2018,57662.0
Dominica,DMA,2019,57616.0
Dominica,DMA,2020,57570.0
Dominica,DMA,2021,57526.0
Dominica,DMA,2022,57482.0
Dominica,DMA,2023,57438.0
Dominica,DMA,2024,57394.0
Dominican Republic,DOM,2001,2167848.0
Dominican Republic,DOM,2002,2169896.0
Dominican Republic,DOM,2003,2171944.0
Dominican Republic,DOM,2004,2173992.0
Dominican Republic,DOM,2005,2176040.0
Dominican Republic,DOM,2006,2178088.0
Dominican Republic,DOM,2007,2180136.0
Dominican Republic,DOM,2008,2182184.0
Dominican Republic,DOM,2009,2184232.0
Dominican Republic,DOM,2010,2186280.0
Dominican Republic,DOM,2011,2191990.0
Dominican Republic,DOM,2012,2197700.0
Dominican Republic,DOM,2013,2203410.0
Dominican Republic,DOM,2014,2209120.0
Dominican Republic,DOM,2015,2214830.0
Dominican Republic,DOM,2016,2216734.0
Dominican Republic,DOM,2017,2218638.0
Dominican Republic,DOM,2018,2220542.0
Dominican Republic,DOM,2019,2222446.0
Dominican Republic,DOM,2020,2224350.0
Dominican Republic,DOM,2021,2230972.0
Dominican Republic,DOM,2022,2237594.0
Dominican Republic,DOM,2023,2244216.0
Dominican Republic,DOM,2024,2250838.0
East Timor,TLS,2001,1085170.0
East Timor,TLS,2002,1083770.0
East Timor,TLS,2003,1082370.0
East Timor,TLS,2004,1080970.0
East Timor,TLS,2005,1079570.0
East Timor,TLS,2006,1078170.0
East Timor,TLS,2007,1076770.0
East Timor,TLS,2008,1075370.0
East Timor,TLS,2009,1073970.0
East Timor,TLS,2010,1072570.0
East Timor,TLS,2011,1071170.0
East Timor,TLS,2012,1069770.0
East Timor,TLS,2013,1068370.0
East Timor,TLS,2014,1066970.0
East Timor,TLS,2015,1065570.0
East Timor,TLS,2016,1064170.0
East Timor,TLS,2017,1062770.0
East Timor,TLS,2018,1061370.0
East Timor,TLS,2019,1059970.0
East Timor,TLS,2020,1058570.0
East Timor,TLS,2021,1057722.0
East Timor,TLS,2022,1056874.0
East Timor,TLS,2023,1056026.0
East Timor,TLS,2024,1055178.0
Ecuador,ECU,2001,13660287.0
Ecuador,ECU,2002,13590074.0
Ecuador,ECU,2003,13519861.0
Ecuador,ECU,2004,13449648.0
Ecuador,ECU,2005,13379435.0
Ecuador,ECU,2006,13309222.0
Ecuador,ECU,2007,13239009.0
Ecuador,ECU,2008,13168796.0
Ecuador,ECU,2009,13098583.0
Ecuador,ECU,2010,13028370.0
Ecuador,ECU,2011,12986536.0
Ecuador,ECU,2012,12944702.0
Ecuador,ECU,2013,12902868.0
Ecuador,ECU,2014,12861034.0
Ecuador,ECU,2015,12819200.0
Ecuador,ECU,2016,12747578.0
Ecuador,ECU,2017,12675956.0
Ecuador,ECU,2018,12604334.0
Ecuador,ECU,2019,12532712.0
Ecuador,ECU,2020,12461090.0
Ecuador,ECU,2021,12430936.0
Ecuador,ECU,2022,12400782.0
Ecuador,ECU,2023,12370628.0
Ecuador,ECU,2024,12340474.0
Egypt,EGY,2001,3927.0
Egypt,EGY,2002,3944.0
Egypt,EGY,2003,3961.0
Egypt,EGY,2004,3978.0
Egypt,EGY,2005,3995.0
Egypt,EGY,2006,4012.0
Egypt,EGY,2007,4029.0
Egypt,EGY,2008,4046.0
Egypt,EGY,2009,4063.0
Egypt,EGY,2010,4080.0
Egypt,EGY,2011,4080.0
Egypt,EGY,2012,4080.0
Egypt,EGY,2013,4080.0
Egypt,EGY,2014,4080.0
Egypt,EGY,2015,4080.0
Egypt,EGY,2016,4080.0
Egypt,EGY,2017,4080.0
Egypt,EGY,2018,4080.0
Egypt,EGY,2019,4080.0
Egypt,EGY,2020,4080.0
Egypt,EGY,2021,4086.0
Egypt,EGY,2022,4092.0
Egypt,EGY,2023,4098.0
Egypt,EGY,2024,4104.0
El Salvador,SLV,2001,702840.0
El Salvador,SLV,2002,699870.0
El Salvador,SLV,2003,696900.0
El Salvador,SLV,2004,693930.0
El Salvador,SLV,2005,690960.0
El Salvador,SLV,2006,687990.0
El Salvador,SLV,2007,685020.0
El Salvador,SLV,2008,682050.0
El Salvador,SLV,2009,679080.0
El Salvador,SLV,2010,676110.0
El Salvador,SLV,2011,676186.0
El Salvador,SLV,2012,676262.0
El Salvador,SLV,2013,676338.0
El Salvador,SLV,2014,676414.0
El Salvador,SLV,2015,676490.0
El Salvador,SLV,2016,677324.0
El Salvador,SLV,2017,678158.0
El Salvador,SLV,2018,678992.0
El Salvador,SLV,2019,679826.0
El Salvador,SLV,2020,680660.0
El Salvador,SLV,2021,681496.0
El Salvador,SLV,2022,682332.0
El Salvador,SLV,2023,683168.0
El Salvador,SLV,2024,684004.0
Equatorial Guinea,GNQ,2001,2607280.0
Equatorial Guinea,GNQ,2002,2598980.0
Equatorial Guinea,GNQ,2003,2590680.0
Equatorial Guinea,GNQ,2004,2582380.0
Equatorial Guinea,GNQ,2005,2574080.0
Equatorial Guinea,GNQ,2006,2565780.0
Equatorial Guinea,GNQ,2007,2557480.0
Equatorial Guinea,GNQ,2008,2549180.0
Equatorial Guinea,GNQ,2009,2540880.0
Equatorial Guinea,GNQ,2010,2532580.0
Equatorial Guinea,GNQ,2011,2524108.0
Equatorial Guinea,GNQ,2012,2515636.0
Equatorial Guinea,GNQ,2013,2507164.0
Equatorial Guinea,GNQ,2014,2498692.0
Equatorial Guinea,GNQ,2015,2490220.0
Equatorial Guinea,GNQ,2016,2481860.0
Equatorial Guinea,GNQ,2017,2473500.0
Equatorial Guinea,GNQ,2018,2465140.0
Equatorial Guinea,GNQ,2019,2456780.0
Equatorial Guinea,GNQ,2020,2448420.0
Equatorial Guinea,GNQ,2021,2440060.0
Equatorial Guinea,GNQ,2022,2431700.0
Equatorial Guinea,GNQ,2023,2423340.0
Equatorial Guinea,GNQ,2024,2414980.0
Eritrea,ERI,2001,1585531.0
Eritrea,ERI,2002,1579552.0
Eritrea,ERI,2003,1573573.0
Eritrea,ERI,2004,1567594.0
Eritrea,ERI,2005,1561615.0
Eritrea,ERI,2006,1555636.0
Eritrea,ERI,2007,1549657.0
Eritrea,ERI,2008,1543678.0
Eritrea,ERI,2009,1537699.0
Eritrea,ERI,2010,1531720.0
Eritrea,ERI,2011,1525740.0
Eritrea,ERI,2012,1519760.0
Eritrea,ERI,2013,1513780.0
Eritrea,ERI,2014,1507800.0
Eritrea,ERI,2015,1501820.0
Eritrea,ERI,2016,1495840.0
Eritrea,ERI,2017,1489860.0
Eritrea,ERI,2018,1483880.0
Eritrea,ERI,2019,1477900.0
Eritrea,ERI,2020,1471920.0
Eritrea,ERI,2021,1465940.0
Eritrea,ERI,2022,1459960.0
Eritrea,ERI,2023,1453980.0
Eritrea,ERI,2024,1448000.0
Estonia,EST,2001,2248603.0
Estonia,EST,2002,2258316.0
Estonia,EST,2003,2268029.0
Estonia,EST,2004,2277742.0
Estonia,EST,2005,2287455.0
Estonia,EST,2006,2297168.0
Estonia,EST,2007,2306881.0
Estonia,EST,2008,2316594.0
Estonia,EST,2009,2326307.0
Estonia,EST,2010,2336020.0
Estonia,EST,2011,2353100.0
Estonia,EST,2012,2370180.0
Estonia,EST,2013,2387260.0
Estonia,EST,2014,2404340.0
Estonia,EST,2015,2421420.0
Estonia,EST,2016,2425910.0
Estonia,EST,2017,2430400.0
Estonia,EST,2018,2434890.0
Estonia,EST,2019,2439380.0
Estonia,EST,2020,2443870.0
Estonia,EST,2021,2444446.0
Estonia,EST,2022,2445022.0
Estonia,EST,2023,2445598.0
Estonia,EST,2024,2446174.0
Eswatini,SWZ,2001,469070.0
Eswatini,SWZ,2002,467570.0
Eswatini,SWZ,2003,466070.0
Eswatini,SWZ,2004,464570.0
Eswatini,SWZ,2005,463070.0
Eswatini,SWZ,2006,461570.0
Eswatini,SWZ,2007,460070.0
Eswatini,SWZ,2008,458570.0
Eswatini,SWZ,2009,457070.0
Eswatini,SWZ,2010,455570.0
Eswatini,SWZ,2011,454070.0
Eswatini,SWZ,2012,452570.0
Eswatini,SWZ,2013,451070.0
Eswatini,SWZ,2014,449570.0
Eswatini,SWZ,2015,448070.0
Eswatini,SWZ,2016,446570.0
Eswatini,SWZ,2017,445070.0
Eswatini,SWZ,2018,443570.0
Eswatini,SWZ,2019,442070.0
Eswatini,SWZ,2020,440570.0
Eswatini,SWZ,2021,439070.0
Eswatini,SWZ,2022,437570.0
Eswatini,SWZ,2023,436070.0
Eswatini,SWZ,2024,434570.0
Ethiopia,ETH,2001,27736600.0
Ethiopia,ETH,2002,27663800.0
Ethiopia,ETH,2003,27591000.0
Ethiopia,ETH,2004,27518200.0
Ethiopia,ETH,2005,27445400.0
Ethiopia,ETH,2006,27372600.0
Ethiopia,ETH,2007,27299800.0
Ethiopia,ETH,2008,27227000.0
Ethiopia,ETH,2009,27154200.0
Ethiopia,ETH,2010,27081400.0
Ethiopia,ETH,2011,27022360.0
Ethiopia,ETH,2012,26963320.0
Ethiopia,ETH,2013,26904280.0
Ethiopia,ETH,2014,26845240.0
Ethiopia,ETH,2015,26786200.0
Ethiopia,ETH,2016,26782300.0
Ethiopia,ETH,2017,26778400.0
Ethiopia,ETH,2018,26774500.0
Ethiopia,ETH,2019,26770600.0
Ethiopia,ETH,2020,26766700.0
Ethiopia,ETH,2021,26762780.0
Ethiopia,ETH,2022,26758860.0
Ethiopia,ETH,2023,26754940.0
Ethiopia,ETH,2024,26751020.0
Europe,OWID_EUR,2001,1007599100.0
Europe,OWID_EUR,2002,1009066050.0
Europe,OWID_EUR,2003,1010533000.0
Europe,OWID_EUR,2004,1011999940.0
Europe,OWID_EUR,2005,1013466900.0
Europe,OWID_EUR,2006,1014933800.0
Europe,OWID_EUR,2007,1016400800.0
Europe,OWID_EUR,2008,1017867700.0
Europe,OWID_EUR,2009,1019334660.0
Europe,OWID_EUR,2010,1020801600.0
Europe,OWID_EUR,2011,1021587400.0
Europe,OWID_EUR,2012,1022373250.0
Europe,OWID_EUR,2013,1023159040.0
Europe,OWID_EUR,2014,1023944800.0
Europe,OWID_EUR,2015,1024730700.0
Europe,OWID_EUR,2016,1026439100.0
Europe,OWID_EUR,2017,1028147600.0
Europe,OWID_EUR,2018,1029856000.0
Europe,OWID_EUR,2019,1031564500.0
Europe,OWID_EUR,2020,1033272900.0
Europe,OWID_EUR,2021,1034434940.0
Europe,OWID_EUR,2022,1035597000.0
Europe,OWID_EUR,2023,1036759000.0
Europe,OWID_EUR,2024,1037921000.0
European Union (27),OWID_EU27,2001,152649740.0
European Union (27),OWID_EU27,2002,153096880.0
European Union (27),OWID_EU27,2003,153544000.0
European Union (27),OWID_EU27,2004,153991140.0
European Union (27),OWID_EU27,2005,154438270.0
European Union (27),OWID_EU27,2006,154885400.0
European Union (27),OWID_EU27,2007,155332540.0
European Union (27),OWID_EU27,2008,155779680.0
European Union (27),OWID_EU27,2009,156226820.0
European Union (27),OWID_EU27,2010,156673950.0
European Union (27),OWID_EU27,2011,157004690.0
European Union (27),OWID_EU27,2012,157335420.0
European Union (27),OWID_EU27,2013,157666140.0
European Union (27),OWID_EU27,2014,157996880.0
European Union (27),OWID_EU27,2015,158327620.0
European Union (27),OWID_EU27,2016,158822200.0
European Union (27),OWID_EU27,2017,159316780.0
European Union (27),OWID_EU27,2018,159811380.0
European Union (27),OWID_EU27,2019,160305970.0
European Union (27),OWID_EU27,2020,160800560.0
European Union (27),OWID_EU27,2021,161008600.0
European Union (27),OWID_EU27,2022,161216640.0
European Union (27),OWID_EU27,2023,161424670.0
European Union (27),OWID_EU27,2024,161632720.0
Falkland Islands,FLK,2001,0.0
Falkland Islands,FLK,2002,0.0
Falkland Islands,FLK,2003,0.0
Falkland Islands,FLK,2004,0.0
Falkland Islands,FLK,2005,0.0
Falkland Islands,FLK,2006,0.0
Falkland Islands,FLK,2007,0.0
Falkland Islands,FLK,2008,0.0
Falkland Islands,FLK,2009,0.0
Falkland Islands,FLK,2010,0.0
Falkland Islands,FLK,2011,0.0
Falkland Islands,FLK,2012,0.0
Falkland Islands,FLK,2013,0.0
Falkland Islands,FLK,2014,0.0
Falkland Islands,FLK,2015,0.0
Falkland Islands,FLK,2016,0.0
Falkland Islands,FLK,2017,0.0
Falkland Islands,FLK,2018,0.0
Falkland Islands,FLK,2019,0.0
Falkland Islands,FLK,2020,0.0
Falkland Islands,FLK,2021,0.0
Falkland Islands,FLK,2022,0.0
Falkland Islands,FLK,2023,0.0
Falkland Islands,FLK,2024,0.0
Faroe Islands,FRO,2001,80.0
Faroe Islands,FRO,2002,80.0
Faroe Islands,FRO,2003,80.0
Faroe Islands,FRO,2004,80.0
Faroe Islands,FRO,2005,80.0
Faroe Islands,FRO,2006,80.0
Faroe Islands,FRO,2007,80.0
Faroe Islands,FRO,2008,80.0
Faroe Islands,FRO,2009,80.0
Faroe Islands,FRO,2010,80.0
Faroe Islands,FRO,2011,80.0
Faroe Islands,FRO,2012,80.0
Faroe Islands,FRO,2013,80.0
Faroe Islands,FRO,2014,80.0
Faroe Islands,FRO,2015,80.0
Faroe Islands,FRO,2016,80.0
Faroe Islands,FRO,2017,80.0
Faroe Islands,FRO,2018,80.0
Faroe Islands,FRO,2019,80.0
Faroe Islands,FRO,2020,80.0
Faroe Islands,FRO,2021,80.0
Faroe Islands,FRO,2022,80.0
Faroe Islands,FRO,2023,80.0
Faroe Islands,FRO,2024,80.0
Fiji,FJI,2001,1012534.0
Fiji,FJI,2002,1018598.0
Fiji,FJI,2003,1024662.0
Fiji,FJI,2004,1030726.0
Fiji,FJI,2005,1036790.0
Fiji,FJI,2006,1042854.0
Fiji,FJI,2007,1048918.0
Fiji,FJI,2008,1054982.0
Fiji,FJI,2009,1061046.0
Fiji,FJI,2010,1067110.0
Fiji,FJI,2011,1071744.0
Fiji,FJI,2012,1076378.0
Fiji,FJI,2013,1081012.0
Fiji,FJI,2014,1085646.0
Fiji,FJI,2015,1090280.0
Fiji,FJI,2016,1094912.0
Fiji,FJI,2017,1099544.0
Fiji,FJI,2018,1104176.0
Fiji,FJI,2019,1108808.0
Fiji,FJI,2020,1113440.0
Fiji,FJI,2021,1118072.0
Fiji,FJI,2022,1122704.0
Fiji,FJI,2023,1127336.0
Fiji,FJI,2024,1131968.0
Finland,FIN,2001,22425276.0
Finland,FIN,2002,22404912.0
Finland,FIN,2003,22384548.0
Finland,FIN,2004,22364184.0
Finland,FIN,2005,22343820.0
Finland,FIN,2006,22323456.0
Finland,FIN,2007,22303092.0
Finland,FIN,2008,22282728.0
Finland,FIN,2009,22262364.0
Finland,FIN,2010,22242000.0
Finland,FIN,2011,22275400.0
Finland,FIN,2012,22308800.0
Finland,FIN,2013,22342200.0
Finland,FIN,2014,22375600.0
Finland,FIN,2015,22409000.0
Finland,FIN,2016,22435800.0
Finland,FIN,2017,22462600.0
Finland,FIN,2018,22489400.0
Finland,FIN,2019,22516200.0
Finland,FIN,2020,22543000.0
Finland,FIN,2021,22543000.0
Finland,FIN,2022,22543000.0
Finland,FIN,2023,22543000.0
Finland,FIN,2024,22543000.0
France,FRA,2001,15401100.0
France,FRA,2002,15514200.0
France,FRA,2003,15627300.0
France,FRA,2004,15740400.0
France,FRA,2005,15853500.0
France,FRA,2006,15966600.0
France,FRA,2007,16079700.0
France,FRA,2008,16192800.0
France,FRA,2009,16305900.0
France,FRA,2010,16419000.0
France,FRA,2011,16502400.0
France,FRA,2012,16585800.0
France,FRA,2013,16669200.0
France,FRA,2014,16752600.0
France,FRA,2015,16836000.0
France,FRA,2016,16938400.0
France,FRA,2017,17040800.0
France,FRA,2018,17143200.0
France,FRA,2019,17245600.0
France,FRA,2020,17348000.0
France,FRA,2021,17437400.0
France,FRA,2022,17526800.0
France,FRA,2023,17616200.0
France,FRA,2024,17705600.0
French Guiana,GUF,2001,8075146.0
French Guiana,GUF,2002,8070852.0
French Guiana,GUF,2003,8066558.0
French Guiana,GUF,2004,8062264.0
French Guiana,GUF,2005,8057970.0
French Guiana,GUF,2006,8053676.0
French Guiana,GUF,2007,8049382.0
French Guiana,GUF,2008,8045088.0
French Guiana,GUF,2009,8040794.0
French Guiana,GUF,2010,8036500.0
French Guiana,GUF,2011,8033200.0
French Guiana,GUF,2012,8029900.0
French Guiana,GUF,2013,8026600.0
French Guiana,GUF,2014,8023300.0
French Guiana,GUF,2015,8020000.0
French Guiana,GUF,2016,8016570.0
French Guiana,GUF,2017,8013140.0
French Guiana,GUF,2018,8009710.0
French Guiana,GUF,2019,8006280.0
French Guiana,GUF,2020,8002850.0
French Guiana,GUF,2021,7998670.0
French Guiana,GUF,2022,7994490.0
French Guiana,GUF,2023,7990310.0
French Guiana,GUF,2024,7986130.0
French Polynesia,PYF,2001,148641.0
French Polynesia,PYF,2002,148732.0
French Polynesia,PYF,2003,148823.0
French Polynesia,PYF,2004,148914.0
French Polynesia,PYF,2005,149005.0
French Polynesia,PYF,2006,149096.0
French Polynesia,PYF,2007,149187.0
French Polynesia,PYF,2008,149278.0
French Polynesia,PYF,2009,149369.0
French Polynesia,PYF,2010,149460.0
French Polynesia,PYF,2011,149460.0
French Polynesia,PYF,2012,149460.0
French Polynesia,PYF,2013,149460.0
French Polynesia,PYF,2014,149460.0
French Polynesia,PYF,2015,149460.0
French Polynesia,PYF,2016,149460.0
French Polynesia,PYF,2017,149460.0
French Polynesia,PYF,2018,149460.0
French Polynesia,PYF,2019,149460.0
French Polynesia,PYF,2020,149460.0
French Polynesia,PYF,2021,149460.0
French Polynesia,PYF,2022,149460.0
French Polynesia,PYF,2023,149460.0
French Polynesia,PYF,2024,149460.0
Gabon,GAB,2001,23699784.0
Gabon,GAB,2002,23697948.0
Gabon,GAB,2003,23696112.0
Gabon,GAB,2004,23694276.0
Gabon,GAB,2005,23692440.0
Gabon,GAB,2006,23690604.0
Gabon,GAB,2007,23688768.0
Gabon,GAB,2008,23686932.0
Gabon,GAB,2009,23685096.0
Gabon,GAB,2010,23683260.0
Gabon,GAB,2011,23671134.0
Gabon,GAB,2012,23659008.0
Gabon,GAB,2013,23646882.0
Gabon,GAB,2014,23634756.0
Gabon,GAB,2015,23622630.0
Gabon,GAB,2016,23615898.0
Gabon,GAB,2017,23609166.0
Gabon,GAB,2018,23602434.0
Gabon,GAB,2019,23595702.0
Gabon,GAB,2020,23588970.0
Gabon,GAB,2021,23582238.0
Gabon,GAB,2022,23575506.0
Gabon,GAB,2023,23568774.0
Gabon,GAB,2024,23562042.0
Gambia,GMB,2001,352083.0
Gambia,GMB,2002,346296.0
Gambia,GMB,2003,340509.0
Gambia,GMB,2004,334722.0
Gambia,GMB,2005,328935.0
Gambia,GMB,2006,323148.0
Gambia,GMB,2007,317361.0
Gambia,GMB,2008,311574.0
Gambia,GMB,2009,305787.0
Gambia,GMB,2010,300000.0
Gambia,GMB,2011,294214.0
Gambia,GMB,2012,288428.0
Gambia,GMB,2013,282642.0
Gambia,GMB,2014,276856.0
Gambia,GMB,2015,271070.0
Gambia,GMB,2016,265284.0
Gambia,GMB,2017,259498.0
Gambia,GMB,2018,253712.0
Gambia,GMB,2019,247926.0
Gambia,GMB,2020,242140.0
Gambia,GMB,2021,235606.0
Gambia,GMB,2022,229072.0
Gambia,GMB,2023,222538.0
Gambia,GMB,2024,216004.0
Georgia,GEO,2001,3044880.0
Georgia,GEO,2002,3051060.0
Georgia,GEO,2003,3057240.0
Georgia,GEO,2004,3063420.0
Georgia,GEO,2005,3069600.0
Georgia,GEO,2006,3075780.0
Georgia,GEO,2007,3081960.0
Georgia,GEO,2008,3088140.0
Georgia,GEO,2009,3094320.0
Georgia,GEO,2010,3100500.0
Georgia,GEO,2011,3100500.0
Georgia,GEO,2012,3100500.0
Georgia,GEO,2013,3100500.0
Georgia,GEO,2014,3100500.0
Georgia,GEO,2015,3100500.0
Georgia,GEO,2016,3100500.0
Georgia,GEO,2017,3100500.0
Georgia,GEO,2018,3100500.0
Georgia,GEO,2019,3100500.0
Georgia,GEO,2020,3100500.0
Georgia,GEO,2021,3100500.0
Georgia,GEO,2022,3100500.0
Georgia,GEO,2023,3100500.0
Georgia,GEO,2024,3100500.0
Germany,DEU,2001,11359500.0
Germany,DEU,2002,11365000.0
Germany,DEU,2003,11370500.0
Germany,DEU,2004,11376000.0
Germany,DEU,2005,11381500.0
Germany,DEU,2006,11387000.0
Germany,DEU,2007,11392500.0
Germany,DEU,2008,11398000.0
Germany,DEU,2009,11403500.0
Germany,DEU,2010,11409000.0
Germany,DEU,2011,11413880.0
Germany,DEU,2012,11418760.0
Germany,DEU,2013,11423640.0
Germany,DEU,2014,11428520.0
Germany,DEU,2015,11433400.0
Germany,DEU,2016,11438200.0
Germany,DEU,2017,11443000.0
Germany,DEU,2018,11447800.0
Germany,DEU,2019,11452600.0
Germany,DEU,2020,11457400.0
Germany,DEU,2021,11462200.0
Germany,DEU,2022,11467000.0
Germany,DEU,2023,11471800.0
Germany,DEU,2024,11476600.0
Ghana,GHA,2001,6199080.0
Ghana,GHA,2002,6234800.0
Ghana,GHA,2003,6270520.0
Ghana,GHA,2004,6306240.0
Ghana,GHA,2005,6341960.0
Ghana,GHA,2006,6377680.0
Ghana,GHA,2007,6413400.0
Ghana,GHA,2008,6449120.0
Ghana,GHA,2009,6484840.0
Ghana,GHA,2010,6520560.0
Ghana,GHA,2011,6556280.0
Ghana,GHA,2012,6592000.0
Ghana,GHA,2013,6627720.0
Ghana,GHA,2014,6663440.0
Ghana,GHA,2015,6699160.0
Ghana,GHA,2016,6734880.0
Ghana,GHA,2017,6770600.0
Ghana,GHA,2018,6806320.0
Ghana,GHA,2019,6842040.0
Ghana,GHA,2020,6877760.0
Ghana,GHA,2021,6913480.0
Ghana,GHA,2022,6949200.0
Ghana,GHA,2023,6984920.0
Ghana,GHA,2024,7020640.0
Gibraltar,GIB,2001,0.0
Gibraltar,GIB,2002,0.0
Gibraltar,GIB,2003,0.0
Gibraltar,GIB,2004,0.0
Gibraltar,GIB,2005,0.0
Gibraltar,GIB,2006,0.0
Gibraltar,GIB,2007,0.0
Gibraltar,GIB,2008,0.0
Gibraltar,GIB,2009,0.0
Gibraltar,GIB,2010,0.0
Gibraltar,GIB,2011,0.0
Gibraltar,GIB,2012,0.0
Gibraltar,GIB,2013,0.0
Gibraltar,GIB,2014,0.0
Gibraltar,GIB,2015,0.0
Gibraltar,GIB,2016,0.0
Gibraltar,GIB,2017,0.0
Gibraltar,GIB,2018,0.0
Gibraltar,GIB,2019,0.0
Gibraltar,GIB,2020,0.0
Gibraltar,GIB,2021,0.0
Gibraltar,GIB,2022,0.0
Gibraltar,GIB,2023,0.0
Gibraltar,GIB,2024,0.0
Greece,GRC,2001,3710090.0
Greece,GRC,2002,3711280.0
Greece,GRC,2003,3712470.0
Greece,GRC,2004,3713660.0
Greece,GRC,2005,3714850.0
Greece,GRC,2006,3716040.0
Greece,GRC,2007,3717230.0
Greece,GRC,2008,3718420.0
Greece,GRC,2009,3719610.0
Greece,GRC,2010,3720800.0
Greece,GRC,2011,3796240.0
Greece,GRC,2012,3871680.0
Greece,GRC,2013,3947120.0
Greece,GRC,2014,4022560.0
Greece,GRC,2015,4098000.0
Greece,GRC,2016,4230960.0
Greece,GRC,2017,4363920.0
Greece,GRC,2018,4496880.0
Greece,GRC,2019,4629840.0
Greece,GRC,2020,4762800.0
Greece,GRC,2021,4762800.0
Greece,GRC,2022,4762800.0
Greece,GRC,2023,4762800.0
Greece,GRC,2024,4762800.0
Greenland,GRL,2001,220.0
Greenland,GRL,2002,220.0
Greenland,GRL,2003,220.0
Greenland,GRL,2004,220.0
Greenland,GRL,2005,220.0
Greenland,GRL,2006,220.0
Greenland,GRL,2007,220.0
Greenland,GRL,2008,220.0
Greenland,GRL,2009,220.0
Greenland,GRL,2010,220.0
Greenland,GRL,2011,220.0
Greenland,GRL,2012,220.0
Greenland,GRL,2013,220.0
Greenland,GRL,2014,220.0
Greenland,GRL,2015,220.0
Greenland,GRL,2016,220.0
Greenland,GRL,2017,220.0
Greenland,GRL,2018,220.0
Greenland,GRL,2019,220.0
Greenland,GRL,2020,220.0
Greenland,GRL,2021,220.0
Greenland,GRL,2022,220.0
Greenland,GRL,2023,220.0
Greenland,GRL,2024,220.0
Grenada,GRD,2001,17700.0
Grenada,GRD,2002,17700.0
Grenada,GRD,2003,17700.0
Grenada,GRD,2004,17700.0
Grenada,GRD,2005,17700.0
Grenada,GRD,2006,17700.0
Grenada,GRD,2007,17700.0
Grenada,GRD,2008,17700.0
Grenada,GRD,2009,17700.0
Grenada,GRD,2010,17700.0
Grenada,GRD,2011,17700.0
Grenada,GRD,2012,17700.0
Grenada,GRD,2013,17700.0
Grenada,GRD,2014,17700.0
Grenada,GRD,2015,17700.0
Grenada,GRD,2016,17700.0
Grenada,GRD,2017,17700.0
Grenada,GRD,2018,17700.0
Grenada,GRD,2019,17700.0
Grenada,GRD,2020,17700.0
Grenada,GRD,2021,17700.0
Grenada,GRD,2022,17700.0
Grenada,GRD,2023,17700.0
Grenada,GRD,2024,17700.0
Guadeloupe,GLP,2001,72198.0
Guadeloupe,GLP,2002,72126.0
Guadeloupe,GLP,2003,72054.0
Guadeloupe,GLP,2004,71982.0
Guadeloupe,GLP,2005,71910.0
Guadeloupe,GLP,2006,71838.0
Guadeloupe,GLP,2007,71766.0
Guadeloupe,GLP,2008,71694.0
Guadeloupe,GLP,2009,71622.0
Guadeloupe,GLP,2010,71550.0
Guadeloupe,GLP,2011,71820.0
Guadeloupe,GLP,2012,72090.0
Guadeloupe,GLP,2013,72360.0
Guadeloupe,GLP,2014,72630.0
Guadeloupe,GLP,2015,72900.0
Guadeloupe,GLP,2016,73170.0
Guadeloupe,GLP,2017,73440.0
Guadeloupe,GLP,2018,73710.0
Guadeloupe,GLP,2019,73980.0
Guadeloupe,GLP,2020,74250.0
Guadeloupe,GLP,2021,74520.0
Guadeloupe,GLP,2022,74790.0
Guadeloupe,GLP,2023,75060.0
Guadeloupe,GLP,2024,75330.0
Guam,GUM,2001,24000.0
Guam,GUM,2002,24000.0
Guam,GUM,2003,24000.0
Guam,GUM,2004,24000.0
Guam,GUM,2005,24000.0
Guam,GUM,2006,24000.0
Guam,GUM,2007,24000.0
Guam,GUM,2008,24000.0
Guam,GUM,2009,24000.0
Guam,GUM,2010,24000.0
Guam,GUM,2011,24854.0
Guam,GUM,2012,25708.0
Guam,GUM,2013,26562.0
Guam,GUM,2014,27416.0
Guam,GUM,2015,28270.0
Guam,GUM,2016,28270.0
Guam,GUM,2017,28270.0
Guam,GUM,2018,28270.0
Guam,GUM,2019,28270.0
Guam,GUM,2020,28270.0
Guam,GUM,2021,28270.0
Guam,GUM,2022,28270.0
Guam,GUM,2023,28270.0
Guam,GUM,2024,28270.0
Guatemala,GTM,2001,4179579.2
Guatemala,GTM,2002,4132498.2
Guatemala,GTM,2003,4085417.2
Guatemala,GTM,2004,4038336.2
Guatemala,GTM,2005,3991255.2
Guatemala,GTM,2006,3944174.0
Guatemala,GTM,2007,3897093.0
Guatemala,GTM,2008,3850012.0
Guatemala,GTM,2009,3802931.0
Guatemala,GTM,2010,3755850.0
Guatemala,GTM,2011,3738926.0
Guatemala,GTM,2012,3722002.0
Guatemala,GTM,2013,3705078.0
Guatemala,GTM,2014,3688154.0
Guatemala,GTM,2015,3671230.0
Guatemala,GTM,2016,3657304.0
Guatemala,GTM,2017,3643378.0
Guatemala,GTM,2018,3629452.0
Guatemala,GTM,2019,3615526.0
Guatemala,GTM,2020,3601600.0
Guatemala,GTM,2021,3588410.0
Guatemala,GTM,2022,3575220.0
Guatemala,GTM,2023,3562030.0
Guatemala,GTM,2024,3548840.0
Guernsey,GGY,2001,235.0
Guernsey,GGY,2002,250.0
Guernsey,GGY,2003,265.0
Guernsey,GGY,2004,280.0
Guernsey,GGY,2005,295.0
Guernsey,GGY,2006,310.0
Guernsey,GGY,2007,325.0
Guernsey,GGY,2008,340.0
Guernsey,GGY,2009,355.0
Guernsey,GGY,2010,370.0
Guernsey,GGY,2011,380.0
Guernsey,GGY,2012,390.0
Guernsey,GGY,2013,400.0
Guernsey,GGY,2014,410.0
Guernsey,GGY,2015,420.0
Guernsey,GGY,2016,430.0
Guernsey,GGY,2017,440.0
Guernsey,GGY,2018,450.0
Guernsey,GGY,2019,460.0
Guernsey,GGY,2020,470.0
Guernsey,GGY,2021,470.0
Guernsey,GGY,2022,470.0
Guernsey,GGY,2023,470.0
Guernsey,GGY,2024,470.0
Guinea,GIN,2001,6465243.0
Guinea,GIN,2002,6398246.0
Guinea,GIN,2003,6331249.0
Guinea,GIN,2004,6264252.0
Guinea,GIN,2005,6197255.0
Guinea,GIN,2006,6130258.0
Guinea,GIN,2007,6063261.0
Guinea,GIN,2008,5996264.0
Guinea,GIN,2009,5929267.0
Guinea,GIN,2010,5862270.0
Guinea,GIN,2011,5795272.0
Guinea,GIN,2012,5728274.0
Guinea,GIN,2013,5661276.0
Guinea,GIN,2014,5594278.0
Guinea,GIN,2015,5527280.0
Guinea,GIN,2016,5460284.0
Guinea,GIN,2017,5393288.0
Guinea,GIN,2018,5326292.0
Guinea,GIN,2019,5259296.0
Guinea,GIN,2020,5192300.0
Guinea,GIN,2021,5125302.0
Guinea,GIN,2022,5058304.0
Guinea,GIN,2023,4991306.0
Guinea,GIN,2024,4924308.0
Guinea-Bissau,GNB,2001,2202724.0
Guinea-Bissau,GNB,2002,2198328.0
Guinea-Bissau,GNB,2003,2193932.0
Guinea-Bissau,GNB,2004,2189536.0
Guinea-Bissau,GNB,2005,2185140.0
Guinea-Bissau,GNB,2006,2180744.0
Guinea-Bissau,GNB,2007,2176348.0
Guinea-Bissau,GNB,2008,2171952.0
Guinea-Bissau,GNB,2009,2167556.0
Guinea-Bissau,GNB,2010,2163160.0
Guinea-Bissau,GNB,2011,2158922.0
Guinea-Bissau,GNB,2012,2154684.0
Guinea-Bissau,GNB,2013,2150446.0
Guinea-Bissau,GNB,2014,2146208.0
Guinea-Bissau,GNB,2015,2141970.0
Guinea-Bissau,GNB,2016,2137732.0
Guinea-Bissau,GNB,2017,2133494.0
Guinea-Bissau,GNB,2018,2129256.0
Guinea-Bissau,GNB,2019,2125018.0
Guinea-Bissau,GNB,2020,2120780.0
Guinea-Bissau,GNB,2021,2116542.0
Guinea-Bissau,GNB,2022,2112304.0
Guinea-Bissau,GNB,2023,2108066.0
Guinea-Bissau,GNB,2024,2103828.0
Guyana,GUY,2001,18559780.0
Guyana,GUY,2002,18555338.0
Guyana,GUY,2003,18550898.0
Guyana,GUY,2004,18546456.0
Guyana,GUY,2005,18542016.0
Guyana,GUY,2006,18537574.0
Guyana,GUY,2007,18533134.0
Guyana,GUY,2008,18528692.0
Guyana,GUY,2009,18524252.0
Guyana,GUY,2010,18519810.0
Guyana,GUY,2011,18508120.0
Guyana,GUY,2012,18496430.0
Guyana,GUY,2013,18484740.0
Guyana,GUY,2014,18473050.0
Guyana,GUY,2015,18461360.0
Guyana,GUY,2016,18452156.0
Guyana,GUY,2017,18442952.0
Guyana,GUY,2018,18433748.0
Guyana,GUY,2019,18424544.0
Guyana,GUY,2020,18415340.0
Guyana,GUY,2021,18407710.0
Guyana,GUY,2022,18400080.0
Guyana,GUY,2023,18392450.0
Guyana,GUY,2024,18384820.0
Haiti,HTI,2001,383800.0
Haiti,HTI,2002,383400.0
Haiti,HTI,2003,383000.0
Haiti,HTI,2004,382600.0
Haiti,HTI,2005,382200.0
Haiti,HTI,2006,381800.0
Haiti,HTI,2007,381400.0
Haiti,HTI,2008,381000.0
Haiti,HTI,2009,380600.0
Haiti,HTI,2010,380200.0
Haiti,HTI,2011,377020.0
Haiti,HTI,2012,373840.0
Haiti,HTI,2013,370660.0
Haiti,HTI,2014,367480.0
Haiti,HTI,2015,364300.0
Haiti,HTI,2016,364460.0
Haiti,HTI,2017,364620.0
Haiti,HTI,2018,364780.0
Haiti,HTI,2019,364940.0
Haiti,HTI,2020,365100.0
Haiti,HTI,2021,366500.0
Haiti,HTI,2022,367900.0
Haiti,HTI,2023,369300.0
Haiti,HTI,2024,370700.0
High-income countries,OWID_HIC,2001,1880395100.0
High-income countries,OWID_HIC,2002,1882701200.0
High-income countries,OWID_HIC,2003,1885007400.0
High-income countries,OWID_HIC,2004,1887313400.0
High-income countries,OWID_HIC,2005,1889619600.0
High-income countries,OWID_HIC,2006,1891925800.0
High-income countries,OWID_HIC,2007,1894231800.0
High-income countries,OWID_HIC,2008,1896538000.0
High-income countries,OWID_HIC,2009,1898844000.0
High-income countries,OWID_HIC,2010,1901150200.0
High-income countries,OWID_HIC,2011,1902952100.0
High-income countries,OWID_HIC,2012,1904753900.0
High-income countries,OWID_HIC,2013,1906555800.0
High-income countries,OWID_HIC,2014,1908357600.0
High-income countries,OWID_HIC,2015,1910159500.0
High-income countries,OWID_HIC,2016,1911876700.0
High-income countries,OWID_HIC,2017,1913594000.0
High-income countries,OWID_HIC,2018,1915311100.0
High-income countries,OWID_HIC,2019,1917028400.0
High-income countries,OWID_HIC,2020,1918745600.0
High-income countries,OWID_HIC,2021,1919840900.0
High-income countries,OWID_HIC,2022,1920936200.0
High-income countries,OWID_HIC,2023,1922031600.0
High-income countries,OWID_HIC,2024,1923126900.0
Honduras,HND,2001,7090992.0
Honduras,HND,2002,7052514.0
Honduras,HND,2003,7014036.0
Honduras,HND,2004,6975558.0
Honduras,HND,2005,6937080.0
Honduras,HND,2006,6898602.0
Honduras,HND,2007,6860124.0
Honduras,HND,2008,6821646.0
Honduras,HND,2009,6783168.0
Honduras,HND,2010,6744690.0
Honduras,HND,2011,6701152.0
Honduras,HND,2012,6657614.0
Honduras,HND,2013,6614076.0
Honduras,HND,2014,6570538.0
Honduras,HND,2015,6527000.0
Honduras,HND,2016,6444086.0
Honduras,HND,2017,6361172.0
Honduras,HND,2018,6278258.0
Honduras,HND,2019,6195344.0
Honduras,HND,2020,6112430.0
Honduras,HND,2021,6062210.0
Honduras,HND,2022,6011990.0
Honduras,HND,2023,5961770.0
Honduras,HND,2024,5911550.0
Hungary,HUN,2001,1933692.0
Hungary,HUN,2002,1946214.0
Hungary,HUN,2003,1958736.0
Hungary,HUN,2004,1971258.0
Hungary,HUN,2005,1983780.0
Hungary,HUN,2006,1996302.0
Hungary,HUN,2007,2008824.0
Hungary,HUN,2008,2021346.0
Hungary,HUN,2009,2033868.0
Hungary,HUN,2010,2046390.0
Hungary,HUN,2011,2049276.0
Hungary,HUN,2012,2052162.0
Hungary,HUN,2013,2055048.0
Hungary,HUN,2014,2057934.0
Hungary,HUN,2015,2060820.1
Hungary,HUN,2016,2060056.0
Hungary,HUN,2017,2059292.0
Hungary,HUN,2018,2058528.0
Hungary,HUN,2019,2057764.0
Hungary,HUN,2020,2057000.0
Hungary,HUN,2021,2063074.0
Hungary,HUN,2022,2069148.0
Hungary,HUN,2023,2075222.1
Hungary,HUN,2024,2081296.1
Iceland,ISL,2001,33872.0
Iceland,ISL,2002,35524.0
Iceland,ISL,2003,37176.0
Iceland,ISL,2004,38828.0
Iceland,ISL,2005,40480.0
Iceland,ISL,2006,42132.0
Iceland,ISL,2007,43784.0
Iceland,ISL,2008,45436.0
Iceland,ISL,2009,47088.0
Iceland,ISL,2010,48740.0
Iceland,ISL,2011,49638.0
Iceland,ISL,2012,50536.0
Iceland,ISL,2013,51434.0
Iceland,ISL,2014,52332.0
Iceland,ISL,2015,53230.0
Iceland,ISL,2016,53916.0
Iceland,ISL,2017,54602.0
Iceland,ISL,2018,55288.0
Iceland,ISL,2019,55974.0
Iceland,ISL,2020,56660.0
Iceland,ISL,2021,57624.0
Iceland,ISL,2022,58588.0
Iceland,ISL,2023,59552.0
Iceland,ISL,2024,60516.0
India,IND,2001,67781500.0
India,IND,2002,67972000.0
India,IND,2003,68162500.0
India,IND,2004,68353000.0
India,IND,2005,68543500.0
India,IND,2006,68734000.0
India,IND,2007,68924500.0
India,IND,2008,69115000.0
India,IND,2009,69305500.0
India,IND,2010,69496000.0
India,IND,2011,69762400.0
India,IND,2012,70028800.0
India,IND,2013,70295200.0
India,IND,2014,70561600.0
India,IND,2015,70828000.0
India,IND,2016,71124200.0
India,IND,2017,71420400.0
India,IND,2018,71716600.0
India,IND,2019,72012800.0
India,IND,2020,72309000.0
India,IND,2021,72395000.0
India,IND,2022,72481000.0
India,IND,2023,72567000.0
India,IND,2024,72653000.0
Indonesia,IDN,2001,92393260.0
Indonesia,IDN,2002,92827920.0
Indonesia,IDN,2003,93262584.0
Indonesia,IDN,2004,93697240.0
Indonesia,IDN,2005,94131900.0
Indonesia,IDN,2006,94566560.0
Indonesia,IDN,2007,95001224.0
Indonesia,IDN,2008,95435880.0
Indonesia,IDN,2009,95870540.0
Indonesia,IDN,2010,96305200.0
Indonesia,IDN,2011,96049740.0
Indonesia,IDN,2012,95794280.0
Indonesia,IDN,2013,95538824.0
Indonesia,IDN,2014,95283360.0
Indonesia,IDN,2015,95027896.0
Indonesia,IDN,2016,95134696.0
Indonesia,IDN,2017,95241496.0
Indonesia,IDN,2018,95348296.0
Indonesia,IDN,2019,95455096.0
Indonesia,IDN,2020,95561896.0
Indonesia,IDN,2021,95643380.0
Indonesia,IDN,2022,95724856.0
Indonesia,IDN,2023,95806340.0
Indonesia,IDN,2024,95887816.0
Iran,IRN,2001,10751000.0
Iran,IRN,2002,10751000.0
Iran,IRN,2003,10751000.0
Iran,IRN,2004,10751000.0
Iran,IRN,2005,10751000.0
Iran,IRN,2006,10751000.0
Iran,IRN,2007,10751000.0
Iran,IRN,2008,10751000.0
Iran,IRN,2009,10751000.0
Iran,IRN,2010,10751000.0
Iran,IRN,2011,10751000.0
Iran,IRN,2012,10751000.0
Iran,IRN,2013,10751000.0
Iran,IRN,2014,10751000.0
Iran,IRN,2015,10751000.0
Iran,IRN,2016,10751000.0
Iran,IRN,2017,10751000.0
Iran,IRN,2018,10751000.0
Iran,IRN,2019,10751000.0
Iran,IRN,2020,10751000.0
Iran,IRN,2021,10751000.0
Iran,IRN,2022,10751000.0
Iran,IRN,2023,10751000.0
Iran,IRN,2024,10751000.0
Iraq,IRQ,2001,816288.0
Iraq,IRQ,2002,814956.0
Iraq,IRQ,2003,813624.0
Iraq,IRQ,2004,812292.0
Iraq,IRQ,2005,810960.0
Iraq,IRQ,2006,809628.0
Iraq,IRQ,2007,808296.0
Iraq,IRQ,2008,806964.0
Iraq,IRQ,2009,805632.0
Iraq,IRQ,2010,804300.0
Iraq,IRQ,2011,795162.0
Iraq,IRQ,2012,786024.0
Iraq,IRQ,2013,776886.0
Iraq,IRQ,2014,767748.0
Iraq,IRQ,2015,758610.0
Iraq,IRQ,2016,752002.0
Iraq,IRQ,2017,745394.0
Iraq,IRQ,2018,738786.0
Iraq,IRQ,2019,732178.0
Iraq,IRQ,2020,725570.0
Iraq,IRQ,2021,718966.0
Iraq,IRQ,2022,712362.0
Iraq,IRQ,2023,705758.0
Iraq,IRQ,2024,699154.0
Ireland,IRL,2001,639362.0
Ireland,IRL,2002,648364.0
Ireland,IRL,2003,657366.0
Ireland,IRL,2004,666368.0
Ireland,IRL,2005,675370.0
Ireland,IRL,2006,684372.0
Ireland,IRL,2007,693374.0
Ireland,IRL,2008,702376.0
Ireland,IRL,2009,711378.0
Ireland,IRL,2010,720380.0
Ireland,IRL,2011,727238.0
Ireland,IRL,2012,734096.0
Ireland,IRL,2013,740954.0
Ireland,IRL,2014,747812.0
Ireland,IRL,2015,754670.0
Ireland,IRL,2016,762400.0
Ireland,IRL,2017,770130.0
Ireland,IRL,2018,777860.0
Ireland,IRL,2019,785590.0
Ireland,IRL,2020,793320.0
Ireland,IRL,2021,801226.0
Ireland,IRL,2022,809132.0
Ireland,IRL,2023,817038.0
Ireland,IRL,2024,824944.0
Isle of Man,IMN,2001,3630.0
Isle of Man,IMN,2002,3630.0
Isle of Man,IMN,2003,3630.0
Isle of Man,IMN,2004,3630.0
Isle of Man,IMN,2005,3630.0
Isle of Man,IMN,2006,3630.0
Isle of Man,IMN,2007,3630.0
Isle of Man,IMN,2008,3630.0
Isle of Man,IMN,2009,3630.0
Isle of Man,IMN,2010,3630.0
Isle of Man,IMN,2011,3630.0
Isle of Man,IMN,2012,3630.0
Isle of Man,IMN,2013,3630.0
Isle of Man,IMN,2014,3630.0
Isle of Man,IMN,2015,3630.0
Isle of Man,IMN,2016,3638.0
Isle of Man,IMN,2017,3646.0
Isle of Man,IMN,2018,3654.0
Isle of Man,IMN,2019,3662.0
Isle of Man,IMN,2020,3670.0
Isle of Man,IMN,2021,3670.0
Isle of Man,IMN,2022,3670.0
Isle of Man,IMN,2023,3670.0
Isle of Man,IMN,2024,3670.0
Israel,ISR,2001,153100.0
Israel,ISR,2002,153200.0
Israel,ISR,2003,153300.0
Israel,ISR,2004,153400.0
Israel,ISR,2005,153500.0
Israel,ISR,2006,153600.0
Israel,ISR,2007,153700.0
Israel,ISR,2008,153800.0
Israel,ISR,2009,153900.0
Israel,ISR,2010,154000.0
Israel,ISR,2011,156200.0
Israel,ISR,2012,158400.0
Israel,ISR,2013,160600.0
Israel,ISR,2014,162800.0
Israel,ISR,2015,165000.0
Israel,ISR,2016,160000.0
Israel,ISR,2017,155000.0
Israel,ISR,2018,150000.0
Israel,ISR,2019,145000.0
Israel,ISR,2020,140000.0
Israel,ISR,2021,142000.0
Israel,ISR,2022,144000.0
Israel,ISR,2023,146000.0
Israel,ISR,2024,148000.0
Italy,ITA,2001,8435129.0
Italy,ITA,2002,8501008.0
Italy,ITA,2003,8566887.0
Italy,ITA,2004,8632766.0
Italy,ITA,2005,8698645.0
Italy,ITA,2006,8764524.0
Italy,ITA,2007,8830403.0
Italy,ITA,2008,8896282.0
Italy,ITA,2009,8962161.0
Italy,ITA,2010,9028040.0
Italy,ITA,2011,9003832.0
Italy,ITA,2012,8979624.0
Italy,ITA,2013,8955416.0
Italy,ITA,2014,8931208.0
Italy,ITA,2015,8907000.0
Italy,ITA,2016,8997502.0
Italy,ITA,2017,9088004.0
Italy,ITA,2018,9178506.0
Italy,ITA,2019,9269008.0
Italy,ITA,2020,9359510.0
Italy,ITA,2021,9372000.0
Italy,ITA,2022,9384490.0
Italy,ITA,2023,9396980.0
Italy,ITA,2024,9409470.0
Jamaica,JAM,2001,524754.0
Jamaica,JAM,2002,528498.0
Jamaica,JAM,2003,532242.0
Jamaica,JAM,2004,535986.0
Jamaica,JAM,2005,539730.0
Jamaica,JAM,2006,543474.0
Jamaica,JAM,2007,547218.0
Jamaica,JAM,2008,550962.0
Jamaica,JAM,2009,554706.0
Jamaica,JAM,2010,558450.0
Jamaica,JAM,2011,562250.0
Jamaica,JAM,2012,566050.0
Jamaica,JAM,2013,569850.0
Jamaica,JAM,2014,573650.0
Jamaica,JAM,2015,577450.0
Jamaica,JAM,2016,581336.0
Jamaica,JAM,2017,585222.0
Jamaica,JAM,2018,589108.0
Jamaica,JAM,2019,592994.0
Jamaica,JAM,2020,596880.0
Jamaica,JAM,2021,600766.0
Jamaica,JAM,2022,604652.0
Jamaica,JAM,2023,608538.0
Jamaica,JAM,2024,612424.0
Japan,JPN,2001,24885000.0
Japan,JPN,2002,24894000.0
Japan,JPN,2003,24903000.0
Japan,JPN,2004,24912000.0
Japan,JPN,2005,24921000.0
Japan,JPN,2006,24930000.0
Japan,JPN,2007,24939000.0
Japan,JPN,2008,24948000.0
Japan,JPN,2009,24957000.0
Japan,JPN,2010,24966000.0
Japan,JPN,2011,24961600.0
Japan,JPN,2012,24957200.0
Japan,JPN,2013,24952800.0
Japan,JPN,2014,24948400.0
Japan,JPN,2015,24944000.0
Japan,JPN,2016,24939000.0
Japan,JPN,2017,24934000.0
Japan,JPN,2018,24929000.0
Japan,JPN,2019,24924000.0
Japan,JPN,2020,24919000.0
Japan,JPN,2021,24916800.0
Japan,JPN,2022,24914600.0
Japan,JPN,2023,24912400.0
Japan,JPN,2024,24910200.0
Jersey,JEY,2001,600.0
Jersey,JEY,2002,600.0
Jersey,JEY,2003,600.0
Jersey,JEY,2004,600.0
Jersey,JEY,2005,600.0
Jersey,JEY,2006,600.0
Jersey,JEY,2007,600.0
Jersey,JEY,2008,600.0
Jersey,JEY,2009,600.0
Jersey,JEY,2010,600.0
Jersey,JEY,2011,600.0
Jersey,JEY,2012,600.0
Jersey,JEY,2013,600.0
Jersey,JEY,2014,600.0
Jersey,JEY,2015,600.0
Jersey,JEY,2016,614.0
Jersey,JEY,2017,628.0
Jersey,JEY,2018,642.0
Jersey,JEY,2019,656.0
Jersey,JEY,2020,670.0
Jersey,JEY,2021,672.0
Jersey,JEY,2022,674.0
Jersey,JEY,2023,676.0
Jersey,JEY,2024,678.0
Jordan,JOR,2001,70700.0
Jordan,JOR,2002,70700.0
Jordan,JOR,2003,70700.0
Jordan,JOR,2004,70700.0
Jordan,JOR,2005,70700.0
Jordan,JOR,2006,70700.0
Jordan,JOR,2007,70700.0
Jordan,JOR,2008,70700.0
Jordan,JOR,2009,70700.0
Jordan,JOR,2010,70700.0
Jordan,JOR,2011,70700.0
Jordan,JOR,2012,70700.0
Jordan,JOR,2013,70700.0
Jordan,JOR,2014,70700.0
Jordan,JOR,2015,70700.0
Jordan,JOR,2016,70700.0
Jordan,JOR,2017,70700.0
Jordan,JOR,2018,70700.0
Jordan,JOR,2019,70700.0
Jordan,JOR,2020,70700.0
Jordan,JOR,2021,70700.0
Jordan,JOR,2022,70700.0
Jordan,JOR,2023,70700.0
Jordan,JOR,2024,70700.0
Kazakhstan,KAZ,2001,3149455.0
Kazakhstan,KAZ,2002,3141980.0
Kazakhstan,KAZ,2003,3134505.0
Kazakhstan,KAZ,2004,3127030.0
Kazakhstan,KAZ,2005,3119555.0
Kazakhstan,KAZ,2006,3112080.0
Kazakhstan,KAZ,2007,3104605.0
Kazakhstan,KAZ,2008,3097130.0
Kazakhstan,KAZ,2009,3089655.0
Kazakhstan,KAZ,2010,3082180.0
Kazakhstan,KAZ,2011,3127436.0
Kazakhstan,KAZ,2012,3172692.0
Kazakhstan,KAZ,2013,3217948.0
Kazakhstan,KAZ,2014,3263204.0
Kazakhstan,KAZ,2015,3308460.0
Kazakhstan,KAZ,2016,3336970.0
Kazakhstan,KAZ,2017,3365480.0
Kazakhstan,KAZ,2018,3393990.0
Kazakhstan,KAZ,2019,3422500.0
Kazakhstan,KAZ,2020,3451010.0
Kazakhstan,KAZ,2021,3464910.0
Kazakhstan,KAZ,2022,3478810.0
Kazakhstan,KAZ,2023,3492710.0
Kazakhstan,KAZ,2024,3506610.0
Kenya,KEN,2001,3822436.0
Kenya,KEN,2002,3828662.0
Kenya,KEN,2003,3834888.0
Kenya,KEN,2004,3841114.0
Kenya,KEN,2005,3847340.0
Kenya,KEN,2006,3853566.0
Kenya,KEN,2007,3859792.0
Kenya,KEN,2008,3866018.0
Kenya,KEN,2009,3872244.0
Kenya,KEN,2010,3878470.0
Kenya,KEN,2011,3779552.0
Kenya,KEN,2012,3680634.0
Kenya,KEN,2013,3581716.0
Kenya,KEN,2014,3482798.0
Kenya,KEN,2015,3383880.0
Kenya,KEN,2016,3425396.0
Kenya,KEN,2017,3466912.0
Kenya,KEN,2018,3508428.0
Kenya,KEN,2019,3549944.0
Kenya,KEN,2020,3591460.0
Kenya,KEN,2021,3655930.0
Kenya,KEN,2022,3720400.0
Kenya,KEN,2023,3784870.0
Kenya,KEN,2024,3849340.0
Kiribati,KIR,2001,1070.0
Kiribati,KIR,2002,1070.0
Kiribati,KIR,2003,1070.0
Kiribati,KIR,2004,1070.0
Kiribati,KIR,2005,1070.0
Kiribati,KIR,2006,1070.0
Kiribati,KIR,2007,1070.0
Kiribati,KIR,2008,1070.0
Kiribati,KIR,2009,1070.0
Kiribati,KIR,2010,1070.0
Kiribati,KIR,2011,1070.0
Kiribati,KIR,2012,1070.0
Kiribati,KIR,2013,1070.0
Kiribati,KIR,2014,1070.0
Kiribati,KIR,2015,1070.0
Kiribati,KIR,2016,1070.0
Kiribati,KIR,2017,1070.0
Kiribati,KIR,2018,1070.0
Kiribati,KIR,2019,1070.0
Kiribati,KIR,2020,1070.0
Kiribati,KIR,2021,1070.0
Kiribati,KIR,2022,1070.0
Kiribati,KIR,2023,1070.0
Kiribati,KIR,2024,1070.0
Kuwait,KWT,2001,5030.0
Kuwait,KWT,2002,5070.0
Kuwait,KWT,2003,5110.0
Kuwait,KWT,2004,5150.0
Kuwait,KWT,2005,5190.0
Kuwait,KWT,2006,5230.0
Kuwait,KWT,2007,5270.0
Kuwait,KWT,2008,5310.0
Kuwait,KWT,2009,5350.0
Kuwait,KWT,2010,5390.0
Kuwait,KWT,2011,5530.0
Kuwait,KWT,2012,5670.0
Kuwait,KWT,2013,5810.0
Kuwait,KWT,2014,5950.0
Kuwait,KWT,2015,6090.0
Kuwait,KWT,2016,6132.0
Kuwait,KWT,2017,6174.0
Kuwait,KWT,2018,6216.0
Kuwait,KWT,2019,6258.0
Kuwait,KWT,2020,6300.0
Kuwait,KWT,2021,6300.0
Kuwait,KWT,2022,6300.0
Kuwait,KWT,2023,6300.0
Kuwait,KWT,2024,6300.0
Kyrgyzstan,KGZ,2001,1185494.0
Kyrgyzstan,KGZ,2002,1190088.0
Kyrgyzstan,KGZ,2003,1194682.0
Kyrgyzstan,KGZ,2004,1199276.0
Kyrgyzstan,KGZ,2005,1203870.0
Kyrgyzstan,KGZ,2006,1208464.0
Kyrgyzstan,KGZ,2007,1213058.0
Kyrgyzstan,KGZ,2008,1217652.0
Kyrgyzstan,KGZ,2009,1222246.0
Kyrgyzstan,KGZ,2010,1226840.0
Kyrgyzstan,KGZ,2011,1230860.0
Kyrgyzstan,KGZ,2012,1234880.0
Kyrgyzstan,KGZ,2013,1238900.0
Kyrgyzstan,KGZ,2014,1242920.0
Kyrgyzstan,KGZ,2015,1246940.0
Kyrgyzstan,KGZ,2016,1248584.0
Kyrgyzstan,KGZ,2017,1250228.0
Kyrgyzstan,KGZ,2018,1251872.0
Kyrgyzstan,KGZ,2019,1253516.0
Kyrgyzstan,KGZ,2020,1255160.0
Kyrgyzstan,KGZ,2021,1255224.0
Kyrgyzstan,KGZ,2022,1255288.0
Kyrgyzstan,KGZ,2023,1255352.0
Kyrgyzstan,KGZ,2024,1255416.0
Laos,LAO,2001,14011095.0
Laos,LAO,2002,13972150.0
Laos,LAO,2003,13933205.0
Laos,LAO,2004,13894260.0
Laos,LAO,2005,13855315.0
Laos,LAO,2006,13816370.0
Laos,LAO,2007,13777425.0
Laos,LAO,2008,13738480.0
Laos,LAO,2009,13699535.0
Laos,LAO,2010,13660590.0
Laos,LAO,2011,13602352.0
Laos,LAO,2012,13544114.0
Laos,LAO,2013,13485876.0
Laos,LAO,2014,13427638.0
Laos,LAO,2015,13369400.0
Laos,LAO,2016,13338062.0
Laos,LAO,2017,13306724.0
Laos,LAO,2018,13275386.0
Laos,LAO,2019,13244048.0
Laos,LAO,2020,13212710.0
Laos,LAO,2021,13177376.0
Laos,LAO,2022,13142042.0
Laos,LAO,2023,13106708.0
Laos,LAO,2024,13071374.0
Latvia,LVA,2001,3254112.0
Latvia,LVA,2002,3267224.0
Latvia,LVA,2003,3280336.0
Latvia,LVA,2004,3293448.0
Latvia,LVA,2005,3306560.0
Latvia,LVA,2006,3319672.0
Latvia,LVA,2007,3332784.0
Latvia,LVA,2008,3345896.0
Latvia,LVA,2009,3359008.0
Latvia,LVA,2010,3372120.0
Latvia,LVA,2011,3377420.0
Latvia,LVA,2012,3382720.0
Latvia,LVA,2013,3388020.0
Latvia,LVA,2014,3393320.0
Latvia,LVA,2015,3398620.0
Latvia,LVA,2016,3405722.0
Latvia,LVA,2017,3412824.0
Latvia,LVA,2018,3419926.0
Latvia,LVA,2019,3427028.0
Latvia,LVA,2020,3434130.0
Latvia,LVA,2021,3440696.0
Latvia,LVA,2022,3447262.0
Latvia,LVA,2023,3453828.0
Latvia,LVA,2024,3460394.0
Lebanon,LBN,2001,138988.0
Lebanon,LBN,2002,139086.0
Lebanon,LBN,2003,139184.0
Lebanon,LBN,2004,139282.0
Lebanon,LBN,2005,139380.0
Lebanon,LBN,2006,139478.0
Lebanon,LBN,2007,139576.0
Lebanon,LBN,2008,139674.0
Lebanon,LBN,2009,139772.0
Lebanon,LBN,2010,139870.0
Lebanon,LBN,2011,139968.0
Lebanon,LBN,2012,140066.0
Lebanon,LBN,2013,140164.0
Lebanon,LBN,2014,140262.0
Lebanon,LBN,2015,140360.0
Lebanon,LBN,2016,140456.0
Lebanon,LBN,2017,140552.0
Lebanon,LBN,2018,140648.0
Lebanon,LBN,2019,140744.0
Lebanon,LBN,2020,140840.0
Lebanon,LBN,2021,140936.0
Lebanon,LBN,2022,141032.0
Lebanon,LBN,2023,141128.0
Lebanon,LBN,2024,141224.0
Lesotho,LSO,2001,34520.0
Lesotho,LSO,2002,34520.0
Lesotho,LSO,2003,34520.0
Lesotho,LSO,2004,34520.0
Lesotho,LSO,2005,34520.0
Lesotho,LSO,2006,34520.0
Lesotho,LSO,2007,34520.0
Lesotho,LSO,2008,34520.0
Lesotho,LSO,2009,34520.0
Lesotho,LSO,2010,34520.0
Lesotho,LSO,2011,34520.0
Lesotho,LSO,2012,34520.0
Lesotho,LSO,2013,34520.0
Lesotho,LSO,2014,34520.0
Lesotho,LSO,2015,34520.0
Lesotho,LSO,2016,34520.0
Lesotho,LSO,2017,34520.0
Lesotho,LSO,2018,34520.0
Lesotho,LSO,2019,34520.0
Lesotho,LSO,2020,34520.0
Lesotho,LSO,2021,34520.0
Lesotho,LSO,2022,34520.0
Lesotho,LSO,2023,34520.0
Lesotho,LSO,2024,34520.0
Liberia,LBR,2001,7969862.0
Liberia,LBR,2002,7930964.0
Liberia,LBR,2003,7892066.0
Liberia,LBR,2004,7853168.0
Liberia,LBR,2005,7814270.0
Liberia,LBR,2006,7775372.0
Liberia,LBR,2007,7736474.0
Liberia,LBR,2008,7697576.0
Liberia,LBR,2009,7658678.0
Liberia,LBR,2010,7619780.0
Liberia,LBR,2011,7503138.0
Liberia,LBR,2012,7386496.0
Liberia,LBR,2013,7269854.0
Liberia,LBR,2014,7153212.0
Liberia,LBR,2015,7036570.0
Liberia,LBR,2016,6935140.0
Liberia,LBR,2017,6833710.0
Liberia,LBR,2018,6732280.0
Liberia,LBR,2019,6630850.0
Liberia,LBR,2020,6529420.0
Liberia,LBR,2021,6488840.0
Liberia,LBR,2022,6448260.0
Liberia,LBR,2023,6407680.0
Liberia,LBR,2024,6367100.0
Libya,LBY,2001,213337.0
Libya,LBY,2002,213004.0
Libya,LBY,2003,212671.0
Libya,LBY,2004,212338.0
Libya,LBY,2005,212005.0
Libya,LBY,2006,211672.0
Libya,LBY,2007,211339.0
Libya,LBY,2008,211006.0
Libya,LBY,2009,210673.0
Libya,LBY,2010,210340.0
Libya,LBY,2011,210006.0
Libya,LBY,2012,209672.0
Libya,LBY,2013,209338.0
Libya,LBY,2014,209004.0
Libya,LBY,2015,208670.0
Libya,LBY,2016,208336.0
Libya,LBY,2017,208002.0
Libya,LBY,2018,207668.0
Libya,LBY,2019,207334.0
Libya,LBY,2020,207000.0
Libya,LBY,2021,206666.0
Libya,LBY,2022,206332.0
Libya,LBY,2023,205998.0
Libya,LBY,2024,205664.0
Liechtenstein,LIE,2001,5397.0
Liechtenstein,LIE,2002,5414.0
Liechtenstein,LIE,2003,5431.0
Liechtenstein,LIE,2004,5448.0
Liechtenstein,LIE,2005,5465.0
Liechtenstein,LIE,2006,5482.0
Liechtenstein,LIE,2007,5499.0
Liechtenstein,LIE,2008,5516.0
Liechtenstein,LIE,2009,5533.0
Liechtenstein,LIE,2010,5550.0
Liechtenstein,LIE,2011,5550.0
Liechtenstein,LIE,2012,5550.0
Liechtenstein,LIE,2013,5550.0
Liechtenstein,LIE,2014,5550.0
Liechtenstein,LIE,2015,5550.0
Liechtenstein,LIE,2016,5550.0
Liechtenstein,LIE,2017,5550.0
Liechtenstein,LIE,2018,5550.0
Liechtenstein,LIE,2019,5550.0
Liechtenstein,LIE,2020,5550.0
Liechtenstein,LIE,2021,5636.0
Liechtenstein,LIE,2022,5722.0
Liechtenstein,LIE,2023,5808.0
Liechtenstein,LIE,2024,5894.0
Lithuania,LTU,2001,2035000.0
Lithuania,LTU,2002,2050000.0
Lithuania,LTU,2003,2065000.0
Lithuania,LTU,2004,2080000.0
Lithuania,LTU,2005,2095000.0
Lithuania,LTU,2006,2110000.0
Lithuania,LTU,2007,2125000.0
Lithuania,LTU,2008,2140000.0
Lithuania,LTU,2009,2155000.0
Lithuania,LTU,2010,2170000.0
Lithuania,LTU,2011,2173400.0
Lithuania,LTU,2012,2176800.0
Lithuania,LTU,2013,2180200.0
Lithuania,LTU,2014,2183600.0
Lithuania,LTU,2015,2187000.0
Lithuania,LTU,2016,2190038.0
Lithuania,LTU,2017,2193076.0
Lithuania,LTU,2018,2196114.0
Lithuania,LTU,2019,2199152.0
Lithuania,LTU,2020,2202190.0
Lithuania,LTU,2021,2205020.0
Lithuania,LTU,2022,2207850.0
Lithuania,LTU,2023,2210680.0
Lithuania,LTU,2024,2213510.0
Low-income countries,OWID_LIC,2001,377602780.0
Low-income countries,OWID_LIC,2002,375717020.0
Low-income countries,OWID_LIC,2003,373831300.0
Low-income countries,OWID_LIC,2004,371945540.0
Low-income countries,OWID_LIC,2005,370059780.0
Low-income countries,OWID_LIC,2006,368174050.0
Low-income countries,OWID_LIC,2007,366288300.0
Low-income countries,OWID_LIC,2008,364402530.0
Low-income countries,OWID_LIC,2009,362516800.0
Low-income countries,OWID_LIC,2010,360631040.0
Low-income countries,OWID_LIC,2011,358222340.0
Low-income countries,OWID_LIC,2012,355813600.0
Low-income countries,OWID_LIC,2013,353404900.0
Low-income countries,OWID_LIC,2014,350996160.0
Low-income countries,OWID_LIC,2015,348587460.0
Low-income countries,OWID_LIC,2016,346995740.0
Low-income countries,OWID_LIC,2017,345404030.0
Low-income countries,OWID_LIC,2018,343812320.0
Low-income countries,OWID_LIC,2019,342220600.0
Low-income countries,OWID_LIC,2020,340628900.0
Low-income countries,OWID_LIC,2021,339181220.0
Low-income countries,OWID_LIC,2022,337733540.0
Low-income countries,OWID_LIC,2023,336285820.0
Low-income countries,OWID_LIC,2024,334838140.0
Lower-middle-income countries,OWID_LMC,2001,616085500.0
Lower-middle-income countries,OWID_LMC,2002,613957760.0
Lower-middle-income countries,OWID_LMC,2003,611830100.0
Lower-middle-income countries,OWID_LMC,2004,609702340.0
Lower-middle-income countries,OWID_LMC,2005,607574660.0
Lower-middle-income countries,OWID_LMC,2006,605446900.0
Lower-middle-income countries,OWID_LMC,2007,603319230.0
Lower-middle-income countries,OWID_LMC,2008,601191500.0
Lower-middle-income countries,OWID_LMC,2009,599063800.0
Lower-middle-income countries,OWID_LMC,2010,596936060.0
Lower-middle-income countries,OWID_LMC,2011,594414700.0
Lower-middle-income countries,OWID_LMC,2012,591893300.0
Lower-middle-income countries,OWID_LMC,2013,589371970.0
Lower-middle-income countries,OWID_LMC,2014,586850560.0
Lower-middle-income countries,OWID_LMC,2015,584329200.0
Lower-middle-income countries,OWID_LMC,2016,582160300.0
Lower-middle-income countries,OWID_LMC,2017,579991500.0
Lower-middle-income countries,OWID_LMC,2018,577822600.0
Lower-middle-income countries,OWID_LMC,2019,575653700.0
Lower-middle-income countries,OWID_LMC,2020,573484800.0
Lower-middle-income countries,OWID_LMC,2021,571180800.0
Lower-middle-income countries,OWID_LMC,2022,568876800.0
Lower-middle-income countries,OWID_LMC,2023,566572800.0
Lower-middle-income countries,OWID_LMC,2024,564268800.0
Luxembourg,LUX,2001,86900.0
Luxembourg,LUX,2002,87100.0
Luxembourg,LUX,2003,87300.0
Luxembourg,LUX,2004,87500.0
Luxembourg,LUX,2005,87700.0
Luxembourg,LUX,2006,87900.0
Luxembourg,LUX,2007,88100.0
Luxembourg,LUX,2008,88300.0
Luxembourg,LUX,2009,88500.0
Luxembourg,LUX,2010,88700.0
Luxembourg,LUX,2011,88700.0
Luxembourg,LUX,2012,88700.0
Luxembourg,LUX,2013,88700.0
Luxembourg,LUX,2014,88700.0
Luxembourg,LUX,2015,88700.0
Luxembourg,LUX,2016,88700.0
Luxembourg,LUX,2017,88700.0
Luxembourg,LUX,2018,88700.0
Luxembourg,LUX,2019,88700.0
Luxembourg,LUX,2020,88700.0
Luxembourg,LUX,2021,88700.0
Luxembourg,LUX,2022,88700.0
Luxembourg,LUX,2023,88700.0
Luxembourg,LUX,2024,88700.0
Madagascar,MDG,2001,12907550.0
Madagascar,MDG,2002,12800740.0
Madagascar,MDG,2003,12693930.0
Madagascar,MDG,2004,12587120.0
Madagascar,MDG,2005,12480310.0
Madagascar,MDG,2006,12373500.0
Madagascar,MDG,2007,12266690.0
Madagascar,MDG,2008,12159880.0
Madagascar,MDG,2009,12053070.0
Madagascar,MDG,2010,11946260.0
Madagascar,MDG,2011,11786128.0
Madagascar,MDG,2012,11625996.0
Madagascar,MDG,2013,11465864.0
Madagascar,MDG,2014,11305732.0
Madagascar,MDG,2015,11145600.0
Madagascar,MDG,2016,11025174.0
Madagascar,MDG,2017,10904748.0
Madagascar,MDG,2018,10784322.0
Madagascar,MDG,2019,10663896.0
Madagascar,MDG,2020,10543470.0
Madagascar,MDG,2021,10419192.0
Madagascar,MDG,2022,10294914.0
Madagascar,MDG,2023,10170636.0
Madagascar,MDG,2024,10046358.0
Malawi,MWI,2001,3039700.0
Malawi,MWI,2002,2997700.0
Malawi,MWI,2003,2955700.0
Malawi,MWI,2004,2913700.0
Malawi,MWI,2005,2871700.0
Malawi,MWI,2006,2829700.0
Malawi,MWI,2007,2787700.0
Malawi,MWI,2008,2745700.0
Malawi,MWI,2009,2703700.0
Malawi,MWI,2010,2661700.0
Malawi,MWI,2011,2619700.0
Malawi,MWI,2012,2577700.0
Malawi,MWI,2013,2535700.0
Malawi,MWI,2014,2493700.0
Malawi,MWI,2015,2451700.0
Malawi,MWI,2016,2409700.0
Malawi,MWI,2017,2367700.0
Malawi,MWI,2018,2325700.0
Malawi,MWI,2019,2283700.0
Malawi,MWI,2020,2241700.0
Malawi,MWI,2021,2199700.0
Malawi,MWI,2022,2157700.0
Malawi,MWI,2023,2115700.0
Malawi,MWI,2024,2073700.0
Malaysia,MYS,2001,19616980.0
Malaysia,MYS,2002,19542610.0
Malaysia,MYS,2003,19468240.0
Malaysia,MYS,2004,19393870.0
Malaysia,MYS,2005,19319500.0
Malaysia,MYS,2006,19245130.0
Malaysia,MYS,2007,19170760.0
Malaysia,MYS,2008,19096390.0
Malaysia,MYS,2009,19022020.0
Malaysia,MYS,2010,18947650.0
Malaysia,MYS,2011,19050964.0
Malaysia,MYS,2012,19154278.0
Malaysia,MYS,2013,19257592.0
Malaysia,MYS,2014,19360906.0
Malaysia,MYS,2015,19464220.0
Malaysia,MYS,2016,19408324.0
Malaysia,MYS,2017,19352428.0
Malaysia,MYS,2018,19296532.0
Malaysia,MYS,2019,19240636.0
Malaysia,MYS,2020,19184740.0
Malaysia,MYS,2021,19124740.0
Malaysia,MYS,2022,19064740.0
Malaysia,MYS,2023,19004740.0
Malaysia,MYS,2024,18944740.0
Maldives,MDV,2001,3720.0
Maldives,MDV,2002,3720.0
Maldives,MDV,2003,3720.0
Maldives,MDV,2004,3720.0
Maldives,MDV,2005,3720.0
Maldives,MDV,2006,3720.0
Maldives,MDV,2007,3720.0
Maldives,MDV,2008,3720.0
Maldives,MDV,2009,3720.0
Maldives,MDV,2010,3720.0
Maldives,MDV,2011,3720.0
Maldives,MDV,2012,3720.0
Maldives,MDV,2013,3720.0
Maldives,MDV,2014,3720.0
Maldives,MDV,2015,3720.0
Maldives,MDV,2016,3720.0
Maldives,MDV,2017,3720.0
Maldives,MDV,2018,3720.0
Maldives,MDV,2019,3720.0
Maldives,MDV,2020,3720.0
Maldives,MDV,2021,3720.0
Maldives,MDV,2022,3720.0
Maldives,MDV,2023,3720.0
Maldives,MDV,2024,3720.0
Mali,MLI,2001,12892354.0
Mali,MLI,2002,12791808.0
Mali,MLI,2003,12691262.0
Mali,MLI,2004,12590716.0
Mali,MLI,2005,12490170.0
Mali,MLI,2006,12389624.0
Mali,MLI,2007,12289078.0
Mali,MLI,2008,12188532.0
Mali,MLI,2009,12087986.0
Mali,MLI,2010,11987440.0
Mali,MLI,2011,11886894.0
Mali,MLI,2012,11786348.0
Mali,MLI,2013,11685802.0
Mali,MLI,2014,11585256.0
Mali,MLI,2015,11484710.0
Mali,MLI,2016,11384164.0
Mali,MLI,2017,11283618.0
Mali,MLI,2018,11183072.0
Mali,MLI,2019,11082526.0
Mali,MLI,2020,10981980.0
Mali,MLI,2021,10881434.0
Mali,MLI,2022,10780888.0
Mali,MLI,2023,10680342.0
Mali,MLI,2024,10579796.0
Malta,MLT,2001,350.0
Malta,MLT,2002,350.0
Malta,MLT,2003,350.0
Malta,MLT,2004,350.0
Malta,MLT,2005,350.0
Malta,MLT,2006,350.0
Malta,MLT,2007,350.0
Malta,MLT,2008,350.0
Malta,MLT,2009,350.0
Malta,MLT,2010,350.0
Malta,MLT,2011,350.0
Malta,MLT,2012,350.0
Malta,MLT,2013,350.0
Malta,MLT,2014,350.0
Malta,MLT,2015,350.0
Malta,MLT,2016,372.0
Malta,MLT,2017,394.0
Malta,MLT,2018,416.0
Malta,MLT,2019,438.0
Malta,MLT,2020,460.0
Malta,MLT,2021,462.0
Malta,MLT,2022,464.0
Malta,MLT,2023,466.0
Malta,MLT,2024,468.0
Marshall Islands,MHL,2001,9400.0
Marshall Islands,MHL,2002,9400.0
Marshall Islands,MHL,2003,9400.0
Marshall Islands,MHL,2004,9400.0
Marshall Islands,MHL,2005,9400.0
Marshall Islands,MHL,2006,9400.0
Marshall Islands,MHL,2007,9400.0
Marshall Islands,MHL,2008,9400.0
Marshall Islands,MHL,2009,9400.0
Marshall Islands,MHL,2010,9400.0
Marshall Islands,MHL,2011,9400.0
Marshall Islands,MHL,2012,9400.0
Marshall Islands,MHL,2013,9400.0
Marshall Islands,MHL,2014,9400.0
Marshall Islands,MHL,2015,9400.0
Marshall Islands,MHL,2016,9462.0
Marshall Islands,MHL,2017,9524.0
Marshall Islands,MHL,2018,9586.0
Marshall Islands,MHL,2019,9648.0
Marshall Islands,MHL,2020,9710.0
Marshall Islands,MHL,2021,9710.0
Marshall Islands,MHL,2022,9710.0
Marshall Islands,MHL,2023,9710.0
Marshall Islands,MHL,2024,9710.0
Martinique,MTQ,2001,48895.0
Martinique,MTQ,2002,49050.0
Martinique,MTQ,2003,49205.0
Martinique,MTQ,2004,49360.0
Martinique,MTQ,2005,49515.0
Martinique,MTQ,2006,49670.0
Martinique,MTQ,2007,49825.0
Martinique,MTQ,2008,49980.0
Martinique,MTQ,2009,50135.0
Martinique,MTQ,2010,50290.0
Martinique,MTQ,2011,50490.0
Martinique,MTQ,2012,50690.0
Martinique,MTQ,2013,50890.0
Martinique,MTQ,2014,51090.0
Martinique,MTQ,2015,51290.0
Martinique,MTQ,2016,51490.0
Martinique,MTQ,2017,51690.0
Martinique,MTQ,2018,51890.0
Martinique,MTQ,2019,52090.0
Martinique,MTQ,2020,52290.0
Martinique,MTQ,2021,52366.0
Martinique,MTQ,2022,52442.0
Martinique,MTQ,2023,52518.0
Martinique,MTQ,2024,52594.0
Mauritania,MRT,2001,956057.0
Mauritania,MRT,2002,958684.0
Mauritania,MRT,2003,961311.0
Mauritania,MRT,2004,963938.0
Mauritania,MRT,2005,966565.0
Mauritania,MRT,2006,969192.0
Mauritania,MRT,2007,971819.0
Mauritania,MRT,2008,974446.0
Mauritania,MRT,2009,977073.0
Mauritania,MRT,2010,979700.0
Mauritania,MRT,2011,982328.0
Mauritania,MRT,2012,984956.0
Mauritania,MRT,2013,987584.0
Mauritania,MRT,2014,990212.0
Mauritania,MRT,2015,992840.0
Mauritania,MRT,2016,995468.0
Mauritania,MRT,2017,998096.0
Mauritania,MRT,2018,1000724.0
Mauritania,MRT,2019,1003352.0
Mauritania,MRT,2020,1005980.0
Mauritania,MRT,2021,1008610.0
Mauritania,MRT,2022,1011240.0
Mauritania,MRT,2023,1013870.0
Mauritania,MRT,2024,1016500.0
Mauritius,MUS,2001,41573.0
Mauritius,MUS,2002,41216.0
Mauritius,MUS,2003,40859.0
Mauritius,MUS,2004,40502.0
Mauritius,MUS,2005,40145.0
Mauritius,MUS,2006,39788.0
Mauritius,MUS,2007,39431.0
Mauritius,MUS,2008,39074.0
Mauritius,MUS,2009,38717.0
Mauritius,MUS,2010,38360.0
Mauritius,MUS,2011,38348.0
Mauritius,MUS,2012,38336.0
Mauritius,MUS,2013,38324.0
Mauritius,MUS,2014,38312.0
Mauritius,MUS,2015,38300.0
Mauritius,MUS,2016,38298.0
Mauritius,MUS,2017,38296.0
Mauritius,MUS,2018,38294.0
Mauritius,MUS,2019,38292.0
Mauritius,MUS,2020,38290.0
Mauritius,MUS,2021,38290.0
Mauritius,MUS,2022,38290.0
Mauritius,MUS,2023,38290.0
Mauritius,MUS,2024,38290.0
Mayotte,MYT,2001,14352.0
Mayotte,MYT,2002,13914.0
Mayotte,MYT,2003,13476.0
Mayotte,MYT,2004,13038.0
Mayotte,MYT,2005,12600.0
Mayotte,MYT,2006,12162.0
Mayotte,MYT,2007,11724.0
Mayotte,MYT,2008,11286.0
Mayotte,MYT,2009,10848.0
Mayotte,MYT,2010,10410.0
Mayotte,MYT,2011,10338.0
Mayotte,MYT,2012,10266.0
Mayotte,MYT,2013,10194.0
Mayotte,MYT,2014,10122.0
Mayotte,MYT,2015,10050.0
Mayotte,MYT,2016,9994.0
Mayotte,MYT,2017,9938.0
Mayotte,MYT,2018,9882.0
Mayotte,MYT,2019,9826.0
Mayotte,MYT,2020,9770.0
Mayotte,MYT,2021,9736.0
Mayotte,MYT,2022,9702.0
Mayotte,MYT,2023,9668.0
Mayotte,MYT,2024,9634.0
Mexico,MEX,2001,69449860.0
Mexico,MEX,2002,69306056.0
Mexico,MEX,2003,69162260.0
Mexico,MEX,2004,69018456.0
Mexico,MEX,2005,68874660.0
Mexico,MEX,2006,68730850.0
Mexico,MEX,2007,68587050.0
Mexico,MEX,2008,68443250.0
Mexico,MEX,2009,68299450.0
Mexico,MEX,2010,68155650.0
Mexico,MEX,2011,68033170.0
Mexico,MEX,2012,67910696.0
Mexico,MEX,2013,67788216.0
Mexico,MEX,2014,67665736.0
Mexico,MEX,2015,67543256.0
Mexico,MEX,2016,67415490.0
Mexico,MEX,2017,67287720.0
Mexico,MEX,2018,67159960.0
Mexico,MEX,2019,67032188.0
Mexico,MEX,2020,66904420.0
Mexico,MEX,2021,66776656.0
Mexico,MEX,2022,66648892.0
Mexico,MEX,2023,66521124.0
Mexico,MEX,2024,66393360.0
Micronesia (country),FSM,2001,63887.0
Micronesia (country),FSM,2002,63914.0
Micronesia (country),FSM,2003,63941.0
Micronesia (country),FSM,2004,63968.0
Micronesia (country),FSM,2005,63995.0
Micronesia (country),FSM,2006,64022.0
Micronesia (country),FSM,2007,64049.0
Micronesia (country),FSM,2008,64075.996
Micronesia (country),FSM,2009,64102.996
Micronesia (country),FSM,2010,64129.996
Micronesia (country),FSM,2011,64157.996
Micronesia (country),FSM,2012,64185.996
Micronesia (country),FSM,2013,64213.996
Micronesia (country),FSM,2014,64241.996
Micronesia (country),FSM,2015,64269.996
Micronesia (country),FSM,2016,64299.996
Micronesia (country),FSM,2017,64329.996
Micronesia (country),FSM,2018,64359.996
Micronesia (country),FSM,2019,64389.996
Micronesia (country),FSM,2020,64420.0
Micronesia (country),FSM,2021,64450.0
Micronesia (country),FSM,2022,64480.0
Micronesia (country),FSM,2023,64510.0
Micronesia (country),FSM,2024,64540.0
Moldova,MDA,2001,347410.0
Moldova,MDA,2002,350420.0
Moldova,MDA,2003,353430.0
Moldova,MDA,2004,356440.0
Moldova,MDA,2005,359450.0
Moldova,MDA,2006,362460.0
Moldova,MDA,2007,365470.0
Moldova,MDA,2008,368480.0
Moldova,MDA,2009,371490.0
Moldova,MDA,2010,374500.0
Moldova,MDA,2011,376880.0
Moldova,MDA,2012,379260.0
Moldova,MDA,2013,381640.0
Moldova,MDA,2014,384020.0
Moldova,MDA,2015,386400.0
Moldova,MDA,2016,383760.0
Moldova,MDA,2017,381120.0
Moldova,MDA,2018,378480.0
Moldova,MDA,2019,375840.0
Moldova,MDA,2020,373200.0
Moldova,MDA,2021,372620.0
Moldova,MDA,2022,372040.0
Moldova,MDA,2023,371460.0
Moldova,MDA,2024,370880.0
Monaco,MCO,2001,0.0
Monaco,MCO,2002,0.0
Monaco,MCO,2003,0.0
Monaco,MCO,2004,0.0
Monaco,MCO,2005,0.0
Monaco,MCO,2006,0.0
Monaco,MCO,2007,0.0
Monaco,MCO,2008,0.0
Monaco,MCO,2009,0.0
Monaco,MCO,2010,0.0
Monaco,MCO,2011,0.0
Monaco,MCO,2012,0.0
Monaco,MCO,2013,0.0
Monaco,MCO,2014,0.0
Monaco,MCO,2015,0.0
Monaco,MCO,2016,0.0
Monaco,MCO,2017,0.0
Monaco,MCO,2018,0.0
Monaco,MCO,2019,0.0
Monaco,MCO,2020,0.0
Monaco,MCO,2021,0.0
Monaco,MCO,2022,0.0
Monaco,MCO,2023,0.0
Monaco,MCO,2024,0.0
Mongolia,MNG,2001,14255900.0
Mongolia,MNG,2002,14247900.0
Mongolia,MNG,2003,14239900.0
Mongolia,MNG,2004,14231900.0
Mongolia,MNG,2005,14223900.0
Mongolia,MNG,2006,14215900.0
Mongolia,MNG,2007,14207900.0
Mongolia,MNG,2008,14199900.0
Mongolia,MNG,2009,14191900.0
Mongolia,MNG,2010,14183900.0
Mongolia,MNG,2011,14182786.0
Mongolia,MNG,2012,14181672.0
Mongolia,MNG,2013,14180558.0
Mongolia,MNG,2014,14179444.0
Mongolia,MNG,2015,14178330.0
Mongolia,MNG,2016,14178330.0
Mongolia,MNG,2017,14178330.0
Mongolia,MNG,2018,14178330.0
Mongolia,MNG,2019,14178330.0
Mongolia,MNG,2020,14178330.0
Mongolia,MNG,2021,14178330.0
Mongolia,MNG,2022,14178330.0
Mongolia,MNG,2023,14178330.0
Mongolia,MNG,2024,14178330.0
Montenegro,MNE,2001,646100.0
Montenegro,MNE,2002,666200.0
Montenegro,MNE,2003,686300.0
Montenegro,MNE,2004,706400.0
Montenegro,MNE,2005,726500.0
Montenegro,MNE,2006,746600.0
Montenegro,MNE,2007,766700.0
Montenegro,MNE,2008,786800.0
Montenegro,MNE,2009,806900.0
Montenegro,MNE,2010,827000.0
Montenegro,MNE,2011,827000.0
Montenegro,MNE,2012,827000.0
Montenegro,MNE,2013,827000.0
Montenegro,MNE,2014,827000.0
Montenegro,MNE,2015,827000.0
Montenegro,MNE,2016,827000.0
Montenegro,MNE,2017,827000.0
Montenegro,MNE,2018,827000.0
Montenegro,MNE,2019,827000.0
Montenegro,MNE,2020,827000.0
Montenegro,MNE,2021,827000.0
Montenegro,MNE,2022,827000.0
Montenegro,MNE,2023,827000.0
Montenegro,MNE,2024,827000.0
Montserrat,MSR,2001,2420.0
Montserrat,MSR,2002,2420.0
Montserrat,MSR,2003,2420.0
Montserrat,MSR,2004,2420.0
Montserrat,MSR,2005,2420.0
Montserrat,MSR,2006,2420.0
Montserrat,MSR,2007,2420.0
Montserrat,MSR,2008,2420.0
Montserrat,MSR,2009,2420.0
Montserrat,MSR,2010,2420.0
Montserrat,MSR,2011,2420.0
Montserrat,MSR,2012,2420.0
Montserrat,MSR,2013,2420.0
Montserrat,MSR,2014,2420.0
Montserrat,MSR,2015,2420.0
Montserrat,MSR,2016,2420.0
Montserrat,MSR,2017,2420.0
Montserrat,MSR,2018,2420.0
Montserrat,MSR,2019,2420.0
Montserrat,MSR,2020,2420.0
Montserrat,MSR,2021,2420.0
Montserrat,MSR,2022,2420.0
Montserrat,MSR,2023,2420.0
Montserrat,MSR,2024,2420.0
Morocco,MAR,2001,5698373.0
Morocco,MAR,2002,5698076.0
Morocco,MAR,2003,5697779.0
Morocco,MAR,2004,5697482.0
Morocco,MAR,2005,5697185.0
Morocco,MAR,2006,5696888.0
Morocco,MAR,2007,5696591.0
Morocco,MAR,2008,5696294.0
Morocco,MAR,2009,5695997.0
Morocco,MAR,2010,5695700.0
Morocco,MAR,2011,5694540.0
Morocco,MAR,2012,5693380.0
Morocco,MAR,2013,5692220.0
Morocco,MAR,2014,5691060.0
Morocco,MAR,2015,5689900.0
Morocco,MAR,2016,5690674.0
Morocco,MAR,2017,5691448.0
Morocco,MAR,2018,5692222.0
Morocco,MAR,2019,5692996.0
Morocco,MAR,2020,5693770.0
Morocco,MAR,2021,5694084.0
Morocco,MAR,2022,5694398.0
Morocco,MAR,2023,5694712.0
Morocco,MAR,2024,5695026.0
Mozambique,MOZ,2001,38651590.0
Mozambique,MOZ,2002,38384564.0
Mozambique,MOZ,2003,38117532.0
Mozambique,MOZ,2004,37850504.0
Mozambique,MOZ,2005,37583476.0
Mozambique,MOZ,2006,37316444.0
Mozambique,MOZ,2007,37049416.0
Mozambique,MOZ,2008,36782388.0
Mozambique,MOZ,2009,36515356.0
Mozambique,MOZ,2010,36248330.0
Mozambique,MOZ,2011,35981300.0
Mozambique,MOZ,2012,35714270.0
Mozambique,MOZ,2013,35447250.0
Mozambique,MOZ,2014,35180220.0
Mozambique,MOZ,2015,34913190.0
Mozambique,MOZ,2016,34646160.0
Mozambique,MOZ,2017,34379132.0
Mozambique,MOZ,2018,34112100.0
Mozambique,MOZ,2019,33845068.0
Mozambique,MOZ,2020,33578040.0
Mozambique,MOZ,2021,33311012.0
Mozambique,MOZ,2022,33043984.0
Mozambique,MOZ,2023,32776956.0
Mozambique,MOZ,2024,32509928.0
Myanmar,MMR,2001,34525400.0
Myanmar,MMR,2002,34182690.0
Myanmar,MMR,2003,33839976.0
Myanmar,MMR,2004,33497266.0
Myanmar,MMR,2005,33154554.0
Myanmar,MMR,2006,32811844.0
Myanmar,MMR,2007,32469132.0
Myanmar,MMR,2008,32126422.0
Myanmar,MMR,2009,31783710.0
Myanmar,MMR,2010,31441000.0
Myanmar,MMR,2011,31151288.0
Myanmar,MMR,2012,30861576.0
Myanmar,MMR,2013,30571864.0
Myanmar,MMR,2014,30282152.0
Myanmar,MMR,2015,29992440.0
Myanmar,MMR,2016,29702728.0
Myanmar,MMR,2017,29413016.0
Myanmar,MMR,2018,29123304.0
Myanmar,MMR,2019,28833592.0
Myanmar,MMR,2020,28543880.0
Myanmar,MMR,2021,28254168.0
Myanmar,MMR,2022,27964456.0
Myanmar,MMR,2023,27674744.0
Myanmar,MMR,2024,27385032.0
Namibia,NAM,2001,8058435.0
Namibia,NAM,2002,8057790.0
Namibia,NAM,2003,8057145.0
Namibia,NAM,2004,8056500.0
Namibia,NAM,2005,8055855.0
Namibia,NAM,2006,8055210.0
Namibia,NAM,2007,8054565.0
Namibia,NAM,2008,8053920.0
Namibia,NAM,2009,8053275.0
Namibia,NAM,2010,8052630.0
Namibia,NAM,2011,8051986.0
Namibia,NAM,2012,8051342.0
Namibia,NAM,2013,8050698.0
Namibia,NAM,2014,8050054.0
Namibia,NAM,2015,8049410.0
Namibia,NAM,2016,8048764.0
Namibia,NAM,2017,8048118.0
Namibia,NAM,2018,8047472.0
Namibia,NAM,2019,8046826.0
Namibia,NAM,2020,8046180.0
Namibia,NAM,2021,8045536.0
Namibia,NAM,2022,8044892.0
Namibia,NAM,2023,8044248.0
Namibia,NAM,2024,8043604.0
Nauru,NRU,2001,0.0
Nauru,NRU,2002,0.0
Nauru,NRU,2003,0.0
Nauru,NRU,2004,0.0
Nauru,NRU,2005,0.0
Nauru,NRU,2006,0.0
Nauru,NRU,2007,0.0
Nauru,NRU,2008,0.0
Nauru,NRU,2009,0.0
Nauru,NRU,2010,0.0
Nauru,NRU,2011,0.0
Nauru,NRU,2012,0.0
Nauru,NRU,2013,0.0
Nauru,NRU,2014,0.0
Nauru,NRU,2015,0.0
Nauru,NRU,2016,0.0
Nauru,NRU,2017,0.0
Nauru,NRU,2018,0.0
Nauru,NRU,2019,0.0
Nauru,NRU,2020,0.0
Nauru,NRU,2021,0.0
Nauru,NRU,2022,0.0
Nauru,NRU,2023,0.0
Nauru,NRU,2024,0.0
Nepal,NPL,2001,5932261.0
Nepal,NPL,2002,5949002.0
Nepal,NPL,2003,5965743.0
Nepal,NPL,2004,5982484.0
Nepal,NPL,2005,5999225.0
Nepal,NPL,2006,6015966.0
Nepal,NPL,2007,6032707.0
Nepal,NPL,2008,6049448.0
Nepal,NPL,2009,6066189.0
Nepal,NPL,2010,6082930.0
Nepal,NPL,2011,6086434.0
Nepal,NPL,2012,6089938.0
Nepal,NPL,2013,6093442.0
Nepal,NPL,2014,6096946.0
Nepal,NPL,2015,6100450.0
Nepal,NPL,2016,6117030.0
Nepal,NPL,2017,6133610.0
Nepal,NPL,2018,6150190.0
Nepal,NPL,2019,6166770.0
Nepal,NPL,2020,6183350.0
Nepal,NPL,2021,6199930.0
Nepal,NPL,2022,6216510.0
Nepal,NPL,2023,6233090.0
Nepal,NPL,2024,6249670.0
Netherlands,NLD,2001,360898.0
Netherlands,NLD,2002,362296.0
Netherlands,NLD,2003,363694.0
Netherlands,NLD,2004,365092.0
Netherlands,NLD,2005,366490.0
Netherlands,NLD,2006,367888.0
Netherlands,NLD,2007,369286.0
Netherlands,NLD,2008,370684.0
Netherlands,NLD,2009,372082.0
Netherlands,NLD,2010,373480.0
Netherlands,NLD,2011,371750.0
Netherlands,NLD,2012,370020.0
Netherlands,NLD,2013,368290.0
Netherlands,NLD,2014,366560.0
Netherlands,NLD,2015,364830.0
Netherlands,NLD,2016,365280.0
Netherlands,NLD,2017,365730.0
Netherlands,NLD,2018,366180.0
Netherlands,NLD,2019,366630.0
Netherlands,NLD,2020,367080.0
Netherlands,NLD,2021,367530.0
Netherlands,NLD,2022,367980.0
Netherlands,NLD,2023,368430.0
Netherlands,NLD,2024,368880.0
New Caledonia,NCL,2001,837967.0
New Caledonia,NCL,2002,838084.0
New Caledonia,NCL,2003,838201.0
New Caledonia,NCL,2004,838318.0
New Caledonia,NCL,2005,838435.0
New Caledonia,NCL,2006,838552.0
New Caledonia,NCL,2007,838669.0
New Caledonia,NCL,2008,838786.0
New Caledonia,NCL,2009,838903.0
New Caledonia,NCL,2010,839020.0
New Caledonia,NCL,2011,849738.0
New Caledonia,NCL,2012,860456.0
New Caledonia,NCL,2013,871174.0
New Caledonia,NCL,2014,881892.0
New Caledonia,NCL,2015,892610.0
New Caledonia,NCL,2016,892610.0
New Caledonia,NCL,2017,892610.0
New Caledonia,NCL,2018,892610.0
New Caledonia,NCL,2019,892610.0
New Caledonia,NCL,2020,892610.0
New Caledonia,NCL,2021,892610.0
New Caledonia,NCL,2022,892610.0
New Caledonia,NCL,2023,892610.0
New Caledonia,NCL,2024,892610.0
New Zealand,NZL,2001,9850208.0
New Zealand,NZL,2002,9849976.0
New Zealand,NZL,2003,9849744.0
New Zealand,NZL,2004,9849512.0
New Zealand,NZL,2005,9849280.0
New Zealand,NZL,2006,9849048.0
New Zealand,NZL,2007,9848816.0
New Zealand,NZL,2008,9848584.0
New Zealand,NZL,2009,9848352.0
New Zealand,NZL,2010,9848120.0
New Zealand,NZL,2011,9847818.0
New Zealand,NZL,2012,9847516.0
New Zealand,NZL,2013,9847214.0
New Zealand,NZL,2014,9846912.0
New Zealand,NZL,2015,9846610.0
New Zealand,NZL,2016,9870346.0
New Zealand,NZL,2017,9894082.0
New Zealand,NZL,2018,9917818.0
New Zealand,NZL,2019,9941554.0
New Zealand,NZL,2020,9965290.0
New Zealand,NZL,2021,10032838.0
New Zealand,NZL,2022,10100386.0
New Zealand,NZL,2023,10167934.0
New Zealand,NZL,2024,10235482.0
Nicaragua,NIC,2001,6006380.0
Nicaragua,NIC,2002,5907060.0
Nicaragua,NIC,2003,5807740.0
Nicaragua,NIC,2004,5708420.0
Nicaragua,NIC,2005,5609100.0
Nicaragua,NIC,2006,5509780.0
Nicaragua,NIC,2007,5410460.0
Nicaragua,NIC,2008,5311140.0
Nicaragua,NIC,2009,5211820.0
Nicaragua,NIC,2010,5112500.0
Nicaragua,NIC,2011,5090380.0
Nicaragua,NIC,2012,5068260.0
Nicaragua,NIC,2013,5046140.0
Nicaragua,NIC,2014,5024020.0
Nicaragua,NIC,2015,5001900.0
Nicaragua,NIC,2016,4979786.0
Nicaragua,NIC,2017,4957672.0
Nicaragua,NIC,2018,4935558.0
Nicaragua,NIC,2019,4913444.0
Nicaragua,NIC,2020,4891330.0
Nicaragua,NIC,2021,4869204.0
Nicaragua,NIC,2022,4847078.0
Nicaragua,NIC,2023,4824952.0
Nicaragua,NIC,2024,4802826.0
Niger,NER,2001,1315680.0
Niger,NER,2002,1303260.0
Niger,NER,2003,1290840.0
Niger,NER,2004,1278420.0
Niger,NER,2005,1266000.0
Niger,NER,2006,1253580.0
Niger,NER,2007,1241160.0
Niger,NER,2008,1228740.0
Niger,NER,2009,1216320.0
Niger,NER,2010,1203900.0
Niger,NER,2011,1191480.0
Niger,NER,2012,1179060.0
Niger,NER,2013,1166640.0
Niger,NER,2014,1154220.0
Niger,NER,2015,1141800.0
Niger,NER,2016,1129380.0
Niger,NER,2017,1116960.0
Niger,NER,2018,1104540.0
Niger,NER,2019,1092120.0
Niger,NER,2020,1079700.0
Niger,NER,2021,1074780.0
Niger,NER,2022,1069860.0
Niger,NER,2023,1064940.0
Niger,NER,2024,1060020.0
Nigeria,NGA,2001,20175146.0
Nigeria,NGA,2002,20048264.0
Nigeria,NGA,2003,19921380.0
Nigeria,NGA,2004,19794498.0
Nigeria,NGA,2005,19667614.0
Nigeria,NGA,2006,19540732.0
Nigeria,NGA,2007,19413848.0
Nigeria,NGA,2008,19286966.0
Nigeria,NGA,2009,19160082.0
Nigeria,NGA,2010,19033200.0
Nigeria,NGA,2011,18906316.0
Nigeria,NGA,2012,18779432.0
Nigeria,NGA,2013,18652548.0
Nigeria,NGA,2014,18525664.0
Nigeria,NGA,2015,18398780.0
Nigeria,NGA,2016,18271898.0
Nigeria,NGA,2017,18145016.0
Nigeria,NGA,2018,18018134.0
Nigeria,NGA,2019,17891252.0
Nigeria,NGA,2020,17764370.0
Nigeria,NGA,2021,17637488.0
Nigeria,NGA,2022,17510606.0
Nigeria,NGA,2023,17383724.0
Nigeria,NGA,2024,17256842.0
Niue,NIU,2001,18824.0
Niue,NIU,2002,18818.0
Niue,NIU,2003,18812.0
Niue,NIU,2004,18806.0
Niue,NIU,2005,18800.0
Niue,NIU,2006,18794.0
Niue,NIU,2007,18788.0
Niue,NIU,2008,18782.0
Niue,NIU,2009,18776.0
Niue,NIU,2010,18770.0
Niue,NIU,2011,18780.0
Niue,NIU,2012,18790.0
Niue,NIU,2013,18800.0
Niue,NIU,2014,18810.0
Niue,NIU,2015,18820.0
Niue,NIU,2016,18830.0
Niue,NIU,2017,18840.0
Niue,NIU,2018,18850.0
Niue,NIU,2019,18860.0
Niue,NIU,2020,18870.0
Niue,NIU,2021,18870.0
Niue,NIU,2022,18870.0
Niue,NIU,2023,18870.0
Niue,NIU,2024,18870.0
Norfolk Island,NFK,2001,490.0
Norfolk Island,NFK,2002,490.0
Norfolk Island,NFK,2003,490.0
Norfolk Island,NFK,2004,490.0
Norfolk Island,NFK,2005,490.0
Norfolk Island,NFK,2006,490.0
Norfolk Island,NFK,2007,490.0
Norfolk Island,NFK,2008,490.0
Norfolk Island,NFK,2009,490.0
Norfolk Island,NFK,2010,490.0
Norfolk Island,NFK,2011,490.0
Norfolk Island,NFK,2012,490.0
Norfolk Island,NFK,2013,490.0
Norfolk Island,NFK,2014,490.0
Norfolk Island,NFK,2015,490.0
Norfolk Island,NFK,2016,490.0
Norfolk Island,NFK,2017,490.0
Norfolk Island,NFK,2018,490.0
Norfolk Island,NFK,2019,490.0
Norfolk Island,NFK,2020,490.0
Norfolk Island,NFK,2021,490.0
Norfolk Island,NFK,2022,490.0
Norfolk Island,NFK,2023,490.0
Norfolk Island,NFK,2024,490.0
North America,OWID_NAM,2001,768789000.0
North America,OWID_NAM,2002,769534800.0
North America,OWID_NAM,2003,770280640.0
North America,OWID_NAM,2004,771026400.0
North America,OWID_NAM,2005,771772300.0
North America,OWID_NAM,2006,772518100.0
North America,OWID_NAM,2007,773263940.0
North America,OWID_NAM,2008,774009700.0
North America,OWID_NAM,2009,774755600.0
North America,OWID_NAM,2010,775501400.0
North America,OWID_NAM,2011,776152640.0
North America,OWID_NAM,2012,776803900.0
North America,OWID_NAM,2013,777455170.0
North America,OWID_NAM,2014,778106400.0
North America,OWID_NAM,2015,778757600.0
North America,OWID_NAM,2016,778530900.0
North America,OWID_NAM,2017,778304100.0
North America,OWID_NAM,2018,778077400.0
North America,OWID_NAM,2019,777850600.0
North America,OWID_NAM,2020,777623800.0
North America,OWID_NAM,2021,777331400.0
North America,OWID_NAM,2022,777039000.0
North America,OWID_NAM,2023,776746500.0
North America,OWID_NAM,2024,776454100.0
North Korea,PRK,2001,7465648.0
North Korea,PRK,2002,7475866.0
North Korea,PRK,2003,7486084.0
North Korea,PRK,2004,7496302.0
North Korea,PRK,2005,7506520.0
North Korea,PRK,2006,7516738.0
North Korea,PRK,2007,7526956.0
North Korea,PRK,2008,7537174.0
North Korea,PRK,2009,7547392.0
North Korea,PRK,2010,7557610.0
North Korea,PRK,2011,7568964.0
North Korea,PRK,2012,7580318.0
North Korea,PRK,2013,7591672.0
North Korea,PRK,2014,7603026.0
North Korea,PRK,2015,7614380.0
North Korea,PRK,2016,7625734.0
North Korea,PRK,2017,7637088.0
North Korea,PRK,2018,7648442.0
North Korea,PRK,2019,7659796.0
North Korea,PRK,2020,7671150.0
North Korea,PRK,2021,7682506.0
North Korea,PRK,2022,7693862.0
North Korea,PRK,2023,7705218.0
North Korea,PRK,2024,7716574.0
North Macedonia,MKD,2001,957838.0
North Macedonia,MKD,2002,958126.0
North Macedonia,MKD,2003,958414.0
North Macedonia,MKD,2004,958702.0
North Macedonia,MKD,2005,958990.0
North Macedonia,MKD,2006,959278.0
North Macedonia,MKD,2007,959566.0
North Macedonia,MKD,2008,959854.0
North Macedonia,MKD,2009,960142.0
North Macedonia,MKD,2010,960430.0
North Macedonia,MKD,2011,967224.0
North Macedonia,MKD,2012,974018.0
North Macedonia,MKD,2013,980812.0
North Macedonia,MKD,2014,987606.0
North Macedonia,MKD,2015,994400.0
North Macedonia,MKD,2016,1003984.0
North Macedonia,MKD,2017,1013568.0
North Macedonia,MKD,2018,1023152.0
North Macedonia,MKD,2019,1032735.94
North Macedonia,MKD,2020,1042319.94
North Macedonia,MKD,2021,1039075.94
North Macedonia,MKD,2022,1035831.94
North Macedonia,MKD,2023,1032587.94
North Macedonia,MKD,2024,1029344.0
Northern Mariana Islands,MNP,2001,20320.0
Northern Mariana Islands,MNP,2002,20320.0
Northern Mariana Islands,MNP,2003,20320.0
Northern Mariana Islands,MNP,2004,20320.0
Northern Mariana Islands,MNP,2005,20320.0
Northern Mariana Islands,MNP,2006,20320.0
Northern Mariana Islands,MNP,2007,20320.0
Northern Mariana Islands,MNP,2008,20320.0
Northern Mariana Islands,MNP,2009,20320.0
Northern Mariana Islands,MNP,2010,20320.0
Northern Mariana Islands,MNP,2011,21128.0
Northern Mariana Islands,MNP,2012,21936.0
Northern Mariana Islands,MNP,2013,22744.0
Northern Mariana Islands,MNP,2014,23552.0
Northern Mariana Islands,MNP,2015,24360.0
Northern Mariana Islands,MNP,2016,24360.0
Northern Mariana Islands,MNP,2017,24360.0
Northern Mariana Islands,MNP,2018,24360.0
Northern Mariana Islands,MNP,2019,24360.0
Northern Mariana Islands,MNP,2020,24360.0
Northern Mariana Islands,MNP,2021,24360.0
Northern Mariana Islands,MNP,2022,24360.0
Northern Mariana Islands,MNP,2023,24360.0
Northern Mariana Islands,MNP,2024,24360.0
Norway,NOR,2001,12193561.0
Norway,NOR,2002,12188642.0
Norway,NOR,2003,12183723.0
Norway,NOR,2004,12178804.0
Norway,NOR,2005,12173885.0
Norway,NOR,2006,12168966.0
Norway,NOR,2007,12164047.0
Norway,NOR,2008,12159128.0
Norway,NOR,2009,12154209.0
Norway,NOR,2010,12149290.0
Norway,NOR,2011,12146028.0
Norway,NOR,2012,12142766.0
Norway,NOR,2013,12139504.0
Norway,NOR,2014,12136242.0
Norway,NOR,2015,12132980.0
Norway,NOR,2016,12130546.0
Norway,NOR,2017,12128112.0
Norway,NOR,2018,12125678.0
Norway,NOR,2019,12123244.0
Norway,NOR,2020,12120810.0
Norway,NOR,2021,12118376.0
Norway,NOR,2022,12115942.0
Norway,NOR,2023,12113508.0
Norway,NOR,2024,12111074.0
Oceania,OWID_OCE,2001,182857330.0
Oceania,OWID_OCE,2002,182664240.0
Oceania,OWID_OCE,2003,182471140.0
Oceania,OWID_OCE,2004,182278030.0
Oceania,OWID_OCE,2005,182084940.0
Oceania,OWID_OCE,2006,181891840.0
Oceania,OWID_OCE,2007,181698750.0
Oceania,OWID_OCE,2008,181505650.0
Oceania,OWID_OCE,2009,181312560.0
Oceania,OWID_OCE,2010,181119460.0
Oceania,OWID_OCE,2011,181395380.0
Oceania,OWID_OCE,2012,181671310.0
Oceania,OWID_OCE,2013,181947230.0
Oceania,OWID_OCE,2014,182223150.0
Oceania,OWID_OCE,2015,182499070.0
Oceania,OWID_OCE,2016,182659790.0
Oceania,OWID_OCE,2017,182820500.0
Oceania,OWID_OCE,2018,182981200.0
Oceania,OWID_OCE,2019,183141920.0
Oceania,OWID_OCE,2020,183302620.0
Oceania,OWID_OCE,2021,183421760.0
Oceania,OWID_OCE,2022,183540900.0
Oceania,OWID_OCE,2023,183660030.0
Oceania,OWID_OCE,2024,183779170.0
Oman,OMN,2001,1600.0
Oman,OMN,2002,1600.0
Oman,OMN,2003,1600.0
Oman,OMN,2004,1600.0
Oman,OMN,2005,1600.0
Oman,OMN,2006,1600.0
Oman,OMN,2007,1600.0
Oman,OMN,2008,1600.0
Oman,OMN,2009,1600.0
Oman,OMN,2010,1600.0
Oman,OMN,2011,1600.0
Oman,OMN,2012,1600.0
Oman,OMN,2013,1600.0
Oman,OMN,2014,1600.0
Oman,OMN,2015,1600.0
Oman,OMN,2016,1600.0
Oman,OMN,2017,1600.0
Oman,OMN,2018,1600.0
Oman,OMN,2019,1600.0
Oman,OMN,2020,1600.0
Oman,OMN,2021,1600.0
Oman,OMN,2022,1600.0
Oman,OMN,2023,1600.0
Oman,OMN,2024,1600.0
Pakistan,PAK,2001,3301702.0
Pakistan,PAK,2002,3286494.0
Pakistan,PAK,2003,3271286.0
Pakistan,PAK,2004,3256078.0
Pakistan,PAK,2005,3240870.0
Pakistan,PAK,2006,3225662.0
Pakistan,PAK,2007,3210454.0
Pakistan,PAK,2008,3195246.0
Pakistan,PAK,2009,3180038.0
Pakistan,PAK,2010,3164830.0
Pakistan,PAK,2011,3139074.0
Pakistan,PAK,2012,3113318.0
Pakistan,PAK,2013,3087562.0
Pakistan,PAK,2014,3061806.0
Pakistan,PAK,2015,3036050.0
Pakistan,PAK,2016,3046546.0
Pakistan,PAK,2017,3057042.0
Pakistan,PAK,2018,3067538.0
Pakistan,PAK,2019,3078034.0
Pakistan,PAK,2020,3088530.0
Pakistan,PAK,2021,3109316.0
Pakistan,PAK,2022,3130102.0
Pakistan,PAK,2023,3150888.0
Pakistan,PAK,2024,3171674.0
Palau,PLW,2001,39678.0
Palau,PLW,2002,39776.0
Palau,PLW,2003,39874.0
Palau,PLW,2004,39972.0
Palau,PLW,2005,40070.0
Palau,PLW,2006,40168.0
Palau,PLW,2007,40266.0
Palau,PLW,2008,40364.0
Palau,PLW,2009,40462.0
Palau,PLW,2010,40560.0
Palau,PLW,2011,40646.0
Palau,PLW,2012,40732.0
Palau,PLW,2013,40818.0
Palau,PLW,2014,40904.0
Palau,PLW,2015,40990.0
Palau,PLW,2016,41076.0
Palau,PLW,2017,41162.0
Palau,PLW,2018,41248.0
Palau,PLW,2019,41334.0
Palau,PLW,2020,41420.0
Palau,PLW,2021,41510.0
Palau,PLW,2022,41600.0
Palau,PLW,2023,41690.0
Palau,PLW,2024,41780.0
Palestine,PSE,2001,9170.0
Palestine,PSE,2002,9260.0
Palestine,PSE,2003,9350.0
Palestine,PSE,2004,9440.0
Palestine,PSE,2005,9530.0
Palestine,PSE,2006,9620.0
Palestine,PSE,2007,9710.0
Palestine,PSE,2008,9800.0
Palestine,PSE,2009,9890.0
Palestine,PSE,2010,9980.0
Palestine,PSE,2011,10098.0
Palestine,PSE,2012,10216.0
Palestine,PSE,2013,10334.0
Palestine,PSE,2014,10452.0
Palestine,PSE,2015,10570.0
Palestine,PSE,2016,10676.0
Palestine,PSE,2017,10782.0
Palestine,PSE,2018,10888.0
Palestine,PSE,2019,10994.0
Palestine,PSE,2020,11100.0
Palestine,PSE,2021,11100.0
Palestine,PSE,2022,11100.0
Palestine,PSE,2023,11100.0
Palestine,PSE,2024,11100.0
Panama,PAN,2001,4779365.0
Panama,PAN,2002,4767950.0
Panama,PAN,2003,4756535.0
Panama,PAN,2004,4745120.0
Panama,PAN,2005,4733705.0
Panama,PAN,2006,4722290.0
Panama,PAN,2007,4710875.0
Panama,PAN,2008,4699460.0
Panama,PAN,2009,4688045.0
Panama,PAN,2010,4676630.0
Panama,PAN,2011,4670254.0
Panama,PAN,2012,4663878.0
Panama,PAN,2013,4657502.0
Panama,PAN,2014,4651126.0
Panama,PAN,2015,4644750.0
Panama,PAN,2016,4641736.0
Panama,PAN,2017,4638722.0
Panama,PAN,2018,4635708.0
Panama,PAN,2019,4632694.0
Panama,PAN,2020,4629680.0
Panama,PAN,2021,4626666.0
Panama,PAN,2022,4623652.0
Panama,PAN,2023,4620638.0
Panama,PAN,2024,4617624.0
Papua New Guinea,PNG,2001,34373300.0
Papua New Guinea,PNG,2002,34351384.0
Papua New Guinea,PNG,2003,34329464.0
Papua New Guinea,PNG,2004,34307548.0
Papua New Guinea,PNG,2005,34285628.0
Papua New Guinea,PNG,2006,34263710.0
Papua New Guinea,PNG,2007,34241790.0
Papua New Guinea,PNG,2008,34219876.0
Papua New Guinea,PNG,2009,34197956.0
Papua New Guinea,PNG,2010,34176040.0
Papua New Guinea,PNG,2011,34171430.0
Papua New Guinea,PNG,2012,34166828.0
Papua New Guinea,PNG,2013,34162224.0
Papua New Guinea,PNG,2014,34157616.0
Papua New Guinea,PNG,2015,34153012.0
Papua New Guinea,PNG,2016,34131950.0
Papua New Guinea,PNG,2017,34110892.0
Papua New Guinea,PNG,2018,34089830.0
Papua New Guinea,PNG,2019,34068772.0
Papua New Guinea,PNG,2020,34047710.0
Papua New Guinea,PNG,2021,34043960.0
Papua New Guinea,PNG,2022,34040212.0
Papua New Guinea,PNG,2023,34036460.0
Papua New Guinea,PNG,2024,34032710.0
Paraguay,PRY,2001,21532714.0
Paraguay,PRY,2002,21155718.0
Paraguay,PRY,2003,20778722.0
Paraguay,PRY,2004,20401726.0
Paraguay,PRY,2005,20024730.0
Paraguay,PRY,2006,19647734.0
Paraguay,PRY,2007,19270738.0
Paraguay,PRY,2008,18893742.0
Paraguay,PRY,2009,18516746.0
Paraguay,PRY,2010,18139750.0
Paraguay,PRY,2011,17785734.0
Paraguay,PRY,2012,17431718.0
Paraguay,PRY,2013,17077702.0
Paraguay,PRY,2014,16723686.0
Paraguay,PRY,2015,16369670.0
Paraguay,PRY,2016,16118924.0
Paraguay,PRY,2017,15868178.0
Paraguay,PRY,2018,15617432.0
Paraguay,PRY,2019,15366686.0
Paraguay,PRY,2020,15115940.0
Paraguay,PRY,2021,14952230.0
Paraguay,PRY,2022,14788520.0
Paraguay,PRY,2023,14624810.0
Paraguay,PRY,2024,14461100.0
Peru,PER,2001,73745180.0
Peru,PER,2002,73445850.0
Peru,PER,2003,73146510.0
Peru,PER,2004,72847176.0
Peru,PER,2005,72547830.0
Peru,PER,2006,72248500.0
Peru,PER,2007,71949160.0
Peru,PER,2008,71649820.0
Peru,PER,2009,71350490.0
Peru,PER,2010,71051150.0
Peru,PER,2011,70751810.0
Peru,PER,2012,70452470.0
Peru,PER,2013,70153140.0
Peru,PER,2014,69853800.0
Peru,PER,2015,69554460.0
Peru,PER,2016,69374856.0
Peru,PER,2017,69195256.0
Peru,PER,2018,69015656.0
Peru,PER,2019,68836056.0
Peru,PER,2020,68656456.0
Peru,PER,2021,68357110.0
Peru,PER,2022,68057780.0
Peru,PER,2023,67758430.0
Peru,PER,2024,67459096.0
Philippines,PHL,2001,7262306.0
Philippines,PHL,2002,7215352.0
Philippines,PHL,2003,7168398.0
Philippines,PHL,2004,7121444.0
Philippines,PHL,2005,7074490.0
Philippines,PHL,2006,7027536.0
Philippines,PHL,2007,6980582.0
Philippines,PHL,2008,6933628.0
Philippines,PHL,2009,6886674.0
Philippines,PHL,2010,6839720.0
Philippines,PHL,2011,6874606.0
Philippines,PHL,2012,6909492.0
Philippines,PHL,2013,6944378.0
Philippines,PHL,2014,6979264.0
Philippines,PHL,2015,7014150.0
Philippines,PHL,2016,7056598.0
Philippines,PHL,2017,7099046.0
Philippines,PHL,2018,7141494.0
Philippines,PHL,2019,7183942.0
Philippines,PHL,2020,7226390.0
Philippines,PHL,2021,7268840.0
Philippines,PHL,2022,7311290.0
Philippines,PHL,2023,7353740.0
Philippines,PHL,2024,7396190.0
Pitcairn,PCN,2001,3690.0
Pitcairn,PCN,2002,3690.0
Pitcairn,PCN,2003,3690.0
Pitcairn,PCN,2004,3690.0
Pitcairn,PCN,2005,3690.0
Pitcairn,PCN,2006,3690.0
Pitcairn,PCN,2007,3690.0
Pitcairn,PCN,2008,3690.0
Pitcairn,PCN,2009,3690.0
Pitcairn,PCN,2010,3690.0
Pitcairn,PCN,2011,3690.0
Pitcairn,PCN,2012,3690.0
Pitcairn,PCN,2013,3690.0
Pitcairn,PCN,2014,3690.0
Pitcairn,PCN,2015,3690.0
Pitcairn,PCN,2016,3690.0
Pitcairn,PCN,2017,3690.0
Pitcairn,PCN,2018,3690.0
Pitcairn,PCN,2019,3690.0
Pitcairn,PCN,2020,3690.0
Pitcairn,PCN,2021,3690.0
Pitcairn,PCN,2022,3690.0
Pitcairn,PCN,2023,3690.0
Pitcairn,PCN,2024,3690.0
Poland,POL,2001,9086000.0
Poland,POL,2002,9113000.0
Poland,POL,2003,9140000.0
Poland,POL,2004,9167000.0
Poland,POL,2005,9194000.0
Poland,POL,2006,9221000.0
Poland,POL,2007,9248000.0
Poland,POL,2008,9275000.0
Poland,POL,2009,9302000.0
Poland,POL,2010,9329000.0
Poland,POL,2011,9347200.0
Poland,POL,2012,9365400.0
Poland,POL,2013,9383600.0
Poland,POL,2014,9401800.0
Poland,POL,2015,9420000.0
Poland,POL,2016,9428840.0
Poland,POL,2017,9437680.0
Poland,POL,2018,9446520.0
Poland,POL,2019,9455360.0
Poland,POL,2020,9464200.0
Poland,POL,2021,9470360.0
Poland,POL,2022,9476520.0
Poland,POL,2023,9482680.0
Poland,POL,2024,9488840.0
Portugal,PRT,2001,3338901.0
Portugal,PRT,2002,3329232.0
Portugal,PRT,2003,3319563.0
Portugal,PRT,2004,3309894.0
Portugal,PRT,2005,3300225.0
Portugal,PRT,2006,3290556.0
Portugal,PRT,2007,3280887.0
Portugal,PRT,2008,3271218.0
Portugal,PRT,2009,3261549.0
Portugal,PRT,2010,3251880.0
Portugal,PRT,2011,3263870.0
Portugal,PRT,2012,3275860.0
Portugal,PRT,2013,3287850.0
Portugal,PRT,2014,3299840.0
Portugal,PRT,2015,3311830.0
Portugal,PRT,2016,3316342.0
Portugal,PRT,2017,3320854.0
Portugal,PRT,2018,3325366.0
Portugal,PRT,2019,3329878.0
Portugal,PRT,2020,3334390.0
Portugal,PRT,2021,3340038.0
Portugal,PRT,2022,3345686.0
Portugal,PRT,2023,3351334.0
Portugal,PRT,2024,3356982.0
Puerto Rico,PRI,2001,435380.0
Puerto Rico,PRI,2002,441610.0
Puerto Rico,PRI,2003,447840.0
Puerto Rico,PRI,2004,454070.0
Puerto Rico,PRI,2005,460300.0
Puerto Rico,PRI,2006,466530.0
Puerto Rico,PRI,2007,472760.0
Puerto Rico,PRI,2008,478990.0
Puerto Rico,PRI,2009,485220.0
Puerto Rico,PRI,2010,491450.0
Puerto Rico,PRI,2011,490796.0
Puerto Rico,PRI,2012,490142.0
Puerto Rico,PRI,2013,489488.0
Puerto Rico,PRI,2014,488834.0
Puerto Rico,PRI,2015,488180.0
Puerto Rico,PRI,2016,482966.0
Puerto Rico,PRI,2017,477752.0
Puerto Rico,PRI,2018,472538.0
Puerto Rico,PRI,2019,467324.0
Puerto Rico,PRI,2020,462110.0
Puerto Rico,PRI,2021,456900.0
Puerto Rico,PRI,2022,451690.0
Puerto Rico,PRI,2023,446480.0
Puerto Rico,PRI,2024,441270.0
Qatar,QAT,2001,1400.0
Qatar,QAT,2002,1400.0
Qatar,QAT,2003,1400.0
Qatar,QAT,2004,1400.0
Qatar,QAT,2005,1400.0
Qatar,QAT,2006,1400.0
Qatar,QAT,2007,1400.0
Qatar,QAT,2008,1400.0
Qatar,QAT,2009,1400.0
Qatar,QAT,2010,1400.0
Qatar,QAT,2011,1400.0
Qatar,QAT,2012,1400.0
Qatar,QAT,2013,1400.0
Qatar,QAT,2014,1400.0
Qatar,QAT,2015,1400.0
Qatar,QAT,2016,1400.0
Qatar,QAT,2017,1400.0
Qatar,QAT,2018,1400.0
Qatar,QAT,2019,1400.0
Qatar,QAT,2020,1400.0
Qatar,QAT,2021,1400.0
Qatar,QAT,2022,1400.0
Qatar,QAT,2023,1400.0
Qatar,QAT,2024,1400.0
Reunion,REU,2001,71272.0
Reunion,REU,2002,71574.0
Reunion,REU,2003,71876.0
Reunion,REU,2004,72178.0
Reunion,REU,2005,72480.0
Reunion,REU,2006,72782.0
Reunion,REU,2007,73084.0
Reunion,REU,2008,73386.0
Reunion,REU,2009,73688.0
Reunion,REU,2010,73990.0
Reunion,REU,2011,74402.0
Reunion,REU,2012,74814.0
Reunion,REU,2013,75226.0
Reunion,REU,2014,75638.0
Reunion,REU,2015,76050.0
Reunion,REU,2016,76254.0
Reunion,REU,2017,76458.0
Reunion,REU,2018,76662.0
Reunion,REU,2019,76866.0
Reunion,REU,2020,77070.0
Reunion,REU,2021,77086.0
Reunion,REU,2022,77102.0
Reunion,REU,2023,77118.0
Reunion,REU,2024,77134.0
Romania,ROU,2001,6380900.0
Romania,ROU,2002,6395800.0
Romania,ROU,2003,6410700.0
Romania,ROU,2004,6425600.0
Romania,ROU,2005,6440500.0
Romania,ROU,2006,6455400.0
Romania,ROU,2007,6470300.0
Romania,ROU,2008,6485200.0
Romania,ROU,2009,6500100.0
Romania,ROU,2010,6515000.0
Romania,ROU,2011,6592192.0
Romania,ROU,2012,6669384.0
Romania,ROU,2013,6746576.0
Romania,ROU,2014,6823768.0
Romania,ROU,2015,6900960.0
Romania,ROU,2016,6906578.0
Romania,ROU,2017,6912196.0
Romania,ROU,2018,6917814.0
Romania,ROU,2019,6923432.0
Romania,ROU,2020,6929050.0
Romania,ROU,2021,6934666.0
Romania,ROU,2022,6940282.0
Romania,ROU,2023,6945898.0
Romania,ROU,2024,6951514.0
Russia,RUS,2001,813351040.0
Russia,RUS,2002,814256700.0
Russia,RUS,2003,815162400.0
Russia,RUS,2004,816068000.0
Russia,RUS,2005,816973630.0
Russia,RUS,2006,817879300.0
Russia,RUS,2007,818784960.0
Russia,RUS,2008,819690600.0
Russia,RUS,2009,820596300.0
Russia,RUS,2010,821501950.0
Russia,RUS,2011,821842800.0
Russia,RUS,2012,822183600.0
Russia,RUS,2013,822524500.0
Russia,RUS,2014,822865340.0
Russia,RUS,2015,823206200.0
Russia,RUS,2016,824251400.0
Russia,RUS,2017,825296600.0
Russia,RUS,2018,826341760.0
Russia,RUS,2019,827387000.0
Russia,RUS,2020,828432200.0
Russia,RUS,2021,829271740.0
Russia,RUS,2022,830111300.0
Russia,RUS,2023,830950850.0
Russia,RUS,2024,831790400.0
Rwanda,RWA,2001,409931.0
Rwanda,RWA,2002,410632.0
Rwanda,RWA,2003,411333.0
Rwanda,RWA,2004,412034.0
Rwanda,RWA,2005,412735.0
Rwanda,RWA,2006,413436.0
Rwanda,RWA,2007,414137.0
Rwanda,RWA,2008,414838.0
Rwanda,RWA,2009,415539.0
Rwanda,RWA,2010,416240.0
Rwanda,RWA,2011,430798.0
Rwanda,RWA,2012,445356.0
Rwanda,RWA,2013,459914.0
Rwanda,RWA,2014,474472.0
Rwanda,RWA,2015,489030.0
Rwanda,RWA,2016,503590.0
Rwanda,RWA,2017,518150.0
Rwanda,RWA,2018,532710.0
Rwanda,RWA,2019,547270.0
Rwanda,RWA,2020,561830.0
Rwanda,RWA,2021,576390.0
Rwanda,RWA,2022,590950.0
Rwanda,RWA,2023,605510.0
Rwanda,RWA,2024,620070.0
Saint Barthelemy,BLM,2001,170.0
Saint Barthelemy,BLM,2002,170.0
Saint Barthelemy,BLM,2003,170.0
Saint Barthelemy,BLM,2004,170.0
Saint Barthelemy,BLM,2005,170.0
Saint Barthelemy,BLM,2006,170.0
Saint Barthelemy,BLM,2007,170.0
Saint Barthelemy,BLM,2008,170.0
Saint Barthelemy,BLM,2009,170.0
Saint Barthelemy,BLM,2010,170.0
Saint Barthelemy,BLM,2011,170.0
Saint Barthelemy,BLM,2012,170.0
Saint Barthelemy,BLM,2013,170.0
Saint Barthelemy,BLM,2014,170.0
Saint Barthelemy,BLM,2015,170.0
Saint Barthelemy,BLM,2016,170.0
Saint Barthelemy,BLM,2017,170.0
Saint Barthelemy,BLM,2018,170.0
Saint Barthelemy,BLM,2019,170.0
Saint Barthelemy,BLM,2020,170.0
Saint Barthelemy,BLM,2021,170.0
Saint Barthelemy,BLM,2022,170.0
Saint Barthelemy,BLM,2023,170.0
Saint Barthelemy,BLM,2024,170.0
Saint Kitts and Nevis,KNA,2001,11000.0
Saint Kitts and Nevis,KNA,2002,11000.0
Saint Kitts and Nevis,KNA,2003,11000.0
Saint Kitts and Nevis,KNA,2004,11000.0
Saint Kitts and Nevis,KNA,2005,11000.0
Saint Kitts and Nevis,KNA,2006,11000.0
Saint Kitts and Nevis,KNA,2007,11000.0
Saint Kitts and Nevis,KNA,2008,11000.0
Saint Kitts and Nevis,KNA,2009,11000.0
Saint Kitts and Nevis,KNA,2010,11000.0
Saint Kitts and Nevis,KNA,2011,11000.0
Saint Kitts and Nevis,KNA,2012,11000.0
Saint Kitts and Nevis,KNA,2013,11000.0
Saint Kitts and Nevis,KNA,2014,11000.0
Saint Kitts and Nevis,KNA,2015,11000.0
Saint Kitts and Nevis,KNA,2016,11000.0
Saint Kitts and Nevis,KNA,2017,11000.0
Saint Kitts and Nevis,KNA,2018,11000.0
Saint Kitts and Nevis,KNA,2019,11000.0
Saint Kitts and Nevis,KNA,2020,11000.0
Saint Kitts and Nevis,KNA,2021,11000.0
Saint Kitts and Nevis,KNA,2022,11000.0
Saint Kitts and Nevis,KNA,2023,11000.0
Saint Kitts and Nevis,KNA,2024,11000.0
Saint Lucia,LCA,2001,29260.0
Saint Lucia,LCA,2002,29460.0
Saint Lucia,LCA,2003,29660.0
Saint Lucia,LCA,2004,29860.0
Saint Lucia,LCA,2005,30060.0
Saint Lucia,LCA,2006,30260.0
Saint Lucia,LCA,2007,30460.0
Saint Lucia,LCA,2008,30660.0
Saint Lucia,LCA,2009,30860.0
Saint Lucia,LCA,2010,31060.0
Saint Lucia,LCA,2011,31260.0
Saint Lucia,LCA,2012,31460.0
Saint Lucia,LCA,2013,31660.0
Saint Lucia,LCA,2014,31860.002
Saint Lucia,LCA,2015,32060.002
Saint Lucia,LCA,2016,32166.002
Saint Lucia,LCA,2017,32272.0
Saint Lucia,LCA,2018,32378.0
Saint Lucia,LCA,2019,32484.0
Saint Lucia,LCA,2020,32590.0
Saint Lucia,LCA,2021,32640.0
Saint Lucia,LCA,2022,32690.0
Saint Lucia,LCA,2023,32740.0
Saint Lucia,LCA,2024,32790.0
Saint Martin (French part),MAF,2001,1240.0
Saint Martin (French part),MAF,2002,1240.0
Saint Martin (French part),MAF,2003,1240.0
Saint Martin (French part),MAF,2004,1240.0
Saint Martin (French part),MAF,2005,1240.0
Saint Martin (French part),MAF,2006,1240.0
Saint Martin (French part),MAF,2007,1240.0
Saint Martin (French part),MAF,2008,1240.0
Saint Martin (French part),MAF,2009,1240.0
Saint Martin (French part),MAF,2010,1240.0
Saint Martin (French part),MAF,2011,1240.0
Saint Martin (French part),MAF,2012,1240.0
Saint Martin (French part),MAF,2013,1240.0
Saint Martin (French part),MAF,2014,1240.0
Saint Martin (French part),MAF,2015,1240.0
Saint Martin (French part),MAF,2016,1240.0
Saint Martin (French part),MAF,2017,1240.0
Saint Martin (French part),MAF,2018,1240.0
Saint Martin (French part),MAF,2019,1240.0
Saint Martin (French part),MAF,2020,1240.0
Saint Martin (French part),MAF,2021,1240.0
Saint Martin (French part),MAF,2022,1240.0
Saint Martin (French part),MAF,2023,1240.0
Saint Martin (French part),MAF,2024,1240.0
Saint Pierre and Miquelon,SPM,2001,1648.0
Saint Pierre and Miquelon,SPM,2002,1626.0
Saint Pierre and Miquelon,SPM,2003,1604.0
Saint Pierre and Miquelon,SPM,2004,1582.0
Saint Pierre and Miquelon,SPM,2005,1560.0
Saint Pierre and Miquelon,SPM,2006,1538.0
Saint Pierre and Miquelon,SPM,2007,1516.0
Saint Pierre and Miquelon,SPM,2008,1494.0
Saint Pierre and Miquelon,SPM,2009,1472.0
Saint Pierre and Miquelon,SPM,2010,1450.0
Saint Pierre and Miquelon,SPM,2011,1426.0
Saint Pierre and Miquelon,SPM,2012,1402.0
Saint Pierre and Miquelon,SPM,2013,1378.0
Saint Pierre and Miquelon,SPM,2014,1354.0
Saint Pierre and Miquelon,SPM,2015,1330.0
Saint Pierre and Miquelon,SPM,2016,1306.0
Saint Pierre and Miquelon,SPM,2017,1282.0
Saint Pierre and Miquelon,SPM,2018,1258.0
Saint Pierre and Miquelon,SPM,2019,1234.0
Saint Pierre and Miquelon,SPM,2020,1210.0
Saint Pierre and Miquelon,SPM,2021,1188.0
Saint Pierre and Miquelon,SPM,2022,1166.0
Saint Pierre and Miquelon,SPM,2023,1144.0
Saint Pierre and Miquelon,SPM,2024,1122.0
Saint Vincent and the Grenadines,VCT,2001,28541.0
Saint Vincent and the Grenadines,VCT,2002,28542.0
Saint Vincent and the Grenadines,VCT,2003,28543.0
Saint Vincent and the Grenadines,VCT,2004,28544.0
Saint Vincent and the Grenadines,VCT,2005,28545.0
Saint Vincent and the Grenadines,VCT,2006,28546.0
Saint Vincent and the Grenadines,VCT,2007,28547.0
Saint Vincent and the Grenadines,VCT,2008,28548.0
Saint Vincent and the Grenadines,VCT,2009,28549.0
Saint Vincent and the Grenadines,VCT,2010,28550.0
Saint Vincent and the Grenadines,VCT,2011,28550.0
Saint Vincent and the Grenadines,VCT,2012,28550.0
Saint Vincent and the Grenadines,VCT,2013,28550.0
Saint Vincent and the Grenadines,VCT,2014,28550.0
Saint Vincent and the Grenadines,VCT,2015,28550.0
Saint Vincent and the Grenadines,VCT,2016,28552.0
Saint Vincent and the Grenadines,VCT,2017,28554.0
Saint Vincent and the Grenadines,VCT,2018,28556.0
Saint Vincent and the Grenadines,VCT,2019,28558.0
Saint Vincent and the Grenadines,VCT,2020,28560.0
Saint Vincent and the Grenadines,VCT,2021,28560.0
Saint Vincent and the Grenadines,VCT,2022,28560.0
Saint Vincent and the Grenadines,VCT,2023,28560.0
Saint Vincent and the Grenadines,VCT,2024,28560.0
Samoa,WSM,2001,171289.0
Samoa,WSM,2002,170808.0
Samoa,WSM,2003,170327.0
Samoa,WSM,2004,169846.0
Samoa,WSM,2005,169365.0
Samoa,WSM,2006,168884.0
Samoa,WSM,2007,168403.0
Samoa,WSM,2008,167922.0
Samoa,WSM,2009,167441.0
Samoa,WSM,2010,166960.0
Samoa,WSM,2011,166480.0
Samoa,WSM,2012,166000.0
Samoa,WSM,2013,165520.0
Samoa,WSM,2014,165040.0
Samoa,WSM,2015,164560.0
Samoa,WSM,2016,164080.0
Samoa,WSM,2017,163600.0
Samoa,WSM,2018,163120.0
Samoa,WSM,2019,162640.0
Samoa,WSM,2020,162160.0
Samoa,WSM,2021,161680.0
Samoa,WSM,2022,161200.0
Samoa,WSM,2023,160720.0
Samoa,WSM,2024,160240.0
San Marino,SMR,2001,1000.0
San Marino,SMR,2002,1000.0
San Marino,SMR,2003,1000.0
San Marino,SMR,2004,1000.0
San Marino,SMR,2005,1000.0
San Marino,SMR,2006,1000.0
San Marino,SMR,2007,1000.0
San Marino,SMR,2008,1000.0
San Marino,SMR,2009,1000.0
San Marino,SMR,2010,1000.0
San Marino,SMR,2011,1000.0
San Marino,SMR,2012,1000.0
San Marino,SMR,2013,1000.0
San Marino,SMR,2014,1000.0
San Marino,SMR,2015,1000.0
San Marino,SMR,2016,1000.0
San Marino,SMR,2017,1000.0
San Marino,SMR,2018,1000.0
San Marino,SMR,2019,1000.0
San Marino,SMR,2020,1000.0
San Marino,SMR,2021,1000.0
San Marino,SMR,2022,1000.0
San Marino,SMR,2023,1000.0
San Marino,SMR,2024,1000.0
Sao Tome and Principe,STP,2001,58486.0
Sao Tome and Principe,STP,2002,58432.0
Sao Tome and Principe,STP,2003,58378.0
Sao Tome and Principe,STP,2004,58324.0
Sao Tome and Principe,STP,2005,58270.0
Sao Tome and Principe,STP,2006,58216.0
Sao Tome and Principe,STP,2007,58162.0
Sao Tome and Principe,STP,2008,58108.0
Sao Tome and Principe,STP,2009,58054.0
Sao Tome and Principe,STP,2010,58000.0
Sao Tome and Principe,STP,2011,57406.0
Sao Tome and Principe,STP,2012,56812.0
Sao Tome and Principe,STP,2013,56218.0
Sao Tome and Principe,STP,2014,55624.0
Sao Tome and Principe,STP,2015,55030.0
Sao Tome and Principe,STP,2016,55054.0
Sao Tome and Principe,STP,2017,55078.0
Sao Tome and Principe,STP,2018,55102.0
Sao Tome and Principe,STP,2019,55126.0
Sao Tome and Principe,STP,2020,55150.0
Sao Tome and Principe,STP,2021,55176.0
Sao Tome and Principe,STP,2022,55202.0
Sao Tome and Principe,STP,2023,55228.0
Sao Tome and Principe,STP,2024,55254.0
Saudi Arabia,SAU,2001,2768050.0
Saudi Arabia,SAU,2002,2768050.0
Saudi Arabia,SAU,2003,2768050.0
Saudi Arabia,SAU,2004,2768050.0
Saudi Arabia,SAU,2005,2768050.0
Saudi Arabia,SAU,2006,2768050.0
Saudi Arabia,SAU,2007,2768050.0
Saudi Arabia,SAU,2008,2768050.0
Saudi Arabia,SAU,2009,2768050.0
Saudi Arabia,SAU,2010,2768050.0
Saudi Arabia,SAU,2011,2768050.0
Saudi Arabia,SAU,2012,2768050.0
Saudi Arabia,SAU,2013,2768050.0
Saudi Arabia,SAU,2014,2768050.0
Saudi Arabia,SAU,2015,2768050.0
Saudi Arabia,SAU,2016,2768050.0
Saudi Arabia,SAU,2017,2768050.0
Saudi Arabia,SAU,2018,2768050.0
Saudi Arabia,SAU,2019,2768050.0
Saudi Arabia,SAU,2020,2768050.0
Saudi Arabia,SAU,2021,2769550.0
Saudi Arabia,SAU,2022,2771050.0
Saudi Arabia,SAU,2023,2772550.0
Saudi Arabia,SAU,2024,2774050.0
Senegal,SEN,2001,9022365.0
Senegal,SEN,2002,9006820.0
Senegal,SEN,2003,8991275.0
Senegal,SEN,2004,8975730.0
Senegal,SEN,2005,8960185.0
Senegal,SEN,2006,8944640.0
Senegal,SEN,2007,8929095.0
Senegal,SEN,2008,8913550.0
Senegal,SEN,2009,8898005.0
Senegal,SEN,2010,8882460.0
Senegal,SEN,2011,8866916.0
Senegal,SEN,2012,8851372.0
Senegal,SEN,2013,8835828.0
Senegal,SEN,2014,8820284.0
Senegal,SEN,2015,8804740.0
Senegal,SEN,2016,8789196.0
Senegal,SEN,2017,8773652.0
Senegal,SEN,2018,8758108.0
Senegal,SEN,2019,8742564.0
Senegal,SEN,2020,8727020.0
Senegal,SEN,2021,8711480.0
Senegal,SEN,2022,8695940.0
Senegal,SEN,2023,8680400.0
Senegal,SEN,2024,8664860.0
Serbia,SRB,2001,2522879.0
Serbia,SRB,2002,2562558.0
Serbia,SRB,2003,2602237.0
Serbia,SRB,2004,2641916.0
Serbia,SRB,2005,2681595.0
Serbia,SRB,2006,2721274.0
Serbia,SRB,2007,2760953.0
Serbia,SRB,2008,2800632.0
Serbia,SRB,2009,2840311.0
Serbia,SRB,2010,2879990.0
Serbia,SRB,2011,2919672.0
Serbia,SRB,2012,2959354.0
Serbia,SRB,2013,2999036.0
Serbia,SRB,2014,3038718.0
Serbia,SRB,2015,3078400.0
Serbia,SRB,2016,3118080.0
Serbia,SRB,2017,3157760.0
Serbia,SRB,2018,3197440.0
Serbia,SRB,2019,3237120.0
Serbia,SRB,2020,3276800.0
Serbia,SRB,2021,3316480.0
Serbia,SRB,2022,3356160.0
Serbia,SRB,2023,3395840.0
Serbia,SRB,2024,3435520.0
Seychelles,SYC,2001,31743.0
Seychelles,SYC,2002,31526.0
Seychelles,SYC,2003,31309.0
Seychelles,SYC,2004,31092.0
Seychelles,SYC,2005,30875.0
Seychelles,SYC,2006,30658.0
Seychelles,SYC,2007,30441.0
Seychelles,SYC,2008,30224.0
Seychelles,SYC,2009,30007.0
Seychelles,SYC,2010,29790.0
Seychelles,SYC,2011,29572.0
Seychelles,SYC,2012,29354.0
Seychelles,SYC,2013,29136.0
Seychelles,SYC,2014,28918.0
Seychelles,SYC,2015,28700.0
Seychelles,SYC,2016,28482.0
Seychelles,SYC,2017,28264.0
Seychelles,SYC,2018,28046.0
Seychelles,SYC,2019,27828.0
Seychelles,SYC,2020,27610.0
Seychelles,SYC,2021,27392.0
Seychelles,SYC,2022,27174.0
Seychelles,SYC,2023,26956.0
Seychelles,SYC,2024,26738.0
Sierra Leone,SLE,2001,2909703.0
Sierra Leone,SLE,2002,2889976.0
Sierra Leone,SLE,2003,2870249.0
Sierra Leone,SLE,2004,2850522.0
Sierra Leone,SLE,2005,2830795.0
Sierra Leone,SLE,2006,2811068.0
Sierra Leone,SLE,2007,2791341.0
Sierra Leone,SLE,2008,2771614.0
Sierra Leone,SLE,2009,2751887.0
Sierra Leone,SLE,2010,2732160.0
Sierra Leone,SLE,2011,2712434.0
Sierra Leone,SLE,2012,2692708.0
Sierra Leone,SLE,2013,2672982.0
Sierra Leone,SLE,2014,2653256.0
Sierra Leone,SLE,2015,2633530.0
Sierra Leone,SLE,2016,2613804.0
Sierra Leone,SLE,2017,2594078.0
Sierra Leone,SLE,2018,2574352.0
Sierra Leone,SLE,2019,2554626.0
Sierra Leone,SLE,2020,2534900.0
Sierra Leone,SLE,2021,2515174.0
Sierra Leone,SLE,2022,2495448.0
Sierra Leone,SLE,2023,2475722.0
Sierra Leone,SLE,2024,2455996.0
Singapore,SGP,2001,17083.0
Singapore,SGP,2002,17156.0
Singapore,SGP,2003,17229.0
Singapore,SGP,2004,17302.0
Singapore,SGP,2005,17375.0
Singapore,SGP,2006,17448.0
Singapore,SGP,2007,17521.0
Singapore,SGP,2008,17594.0
Singapore,SGP,2009,17667.0
Singapore,SGP,2010,17740.0
Singapore,SGP,2011,17486.0
Singapore,SGP,2012,17232.0
Singapore,SGP,2013,16978.0
Singapore,SGP,2014,16724.0
Singapore,SGP,2015,16470.0
Singapore,SGP,2016,16335.999
Singapore,SGP,2017,16202.0
Singapore,SGP,2018,16068.0
Singapore,SGP,2019,15934.0
Singapore,SGP,2020,15800.0
Singapore,SGP,2021,15800.0
Singapore,SGP,2022,15800.0
Singapore,SGP,2023,15800.0
Singapore,SGP,2024,15800.0
Sint Maarten (Dutch part),SXM,2001,300.0
Sint Maarten (Dutch part),SXM,2002,300.0
Sint Maarten (Dutch part),SXM,2003,300.0
Sint Maarten (Dutch part),SXM,2004,300.0
Sint Maarten (Dutch part),SXM,2005,300.0
Sint Maarten (Dutch part),SXM,2006,300.0
Sint Maarten (Dutch part),SXM,2007,300.0
Sint Maarten (Dutch part),SXM,2008,300.0
Sint Maarten (Dutch part),SXM,2009,300.0
Sint Maarten (Dutch part),SXM,2010,300.0
Sint Maarten (Dutch part),SXM,2011,300.0
Sint Maarten (Dutch part),SXM,2012,300.0
Sint Maarten (Dutch part),SXM,2013,300.0
Sint Maarten (Dutch part),SXM,2014,300.0
Sint Maarten (Dutch part),SXM,2015,300.0
Sint Maarten (Dutch part),SXM,2016,300.0
Sint Maarten (Dutch part),SXM,2017,300.0
Sint Maarten (Dutch part),SXM,2018,300.0
Sint Maarten (Dutch part),SXM,2019,300.0
Sint Maarten (Dutch part),SXM,2020,300.0
Sint Maarten (Dutch part),SXM,2021,300.0
Sint Maarten (Dutch part),SXM,2022,300.0
Sint Maarten (Dutch part),SXM,2023,300.0
Sint Maarten (Dutch part),SXM,2024,300.0
Slovakia,SVK,2001,1903060.0
Slovakia,SVK,2002,1904710.0
Slovakia,SVK,2003,1906360.0
Slovakia,SVK,2004,1908010.0
Slovakia,SVK,2005,1909660.0
Slovakia,SVK,2006,1911310.0
Slovakia,SVK,2007,1912960.0
Slovakia,SVK,2008,1914610.0
Slovakia,SVK,2009,1916260.0
Slovakia,SVK,2010,1917910.0
Slovakia,SVK,2011,1918678.0
Slovakia,SVK,2012,1919446.0
Slovakia,SVK,2013,1920214.0
Slovakia,SVK,2014,1920982.0
Slovakia,SVK,2015,1921750.0
Slovakia,SVK,2016,1923644.0
Slovakia,SVK,2017,1925538.0
Slovakia,SVK,2018,1927432.0
Slovakia,SVK,2019,1929326.0
Slovakia,SVK,2020,1931220.0
Slovakia,SVK,2021,1933074.0
Slovakia,SVK,2022,1934928.0
Slovakia,SVK,2023,1936782.0
Slovakia,SVK,2024,1938636.0
Slovenia,SVN,2001,1234400.0
Slovenia,SVN,2002,1235800.0
Slovenia,SVN,2003,1237200.0
Slovenia,SVN,2004,1238600.0
Slovenia,SVN,2005,1240000.0
Slovenia,SVN,2006,1241400.0
Slovenia,SVN,2007,1242800.0
Slovenia,SVN,2008,1244200.0
Slovenia,SVN,2009,1245600.0
Slovenia,SVN,2010,1247000.0
Slovenia,SVN,2011,1247200.0
Slovenia,SVN,2012,1247400.0
Slovenia,SVN,2013,1247600.0
Slovenia,SVN,2014,1247800.0
Slovenia,SVN,2015,1248000.0
Slovenia,SVN,2016,1247166.0
Slovenia,SVN,2017,1246332.0
Slovenia,SVN,2018,1245498.0
Slovenia,SVN,2019,1244664.0
Slovenia,SVN,2020,1243830.0
Slovenia,SVN,2021,1243774.0
Slovenia,SVN,2022,1243718.0
Slovenia,SVN,2023,1243662.0
Slovenia,SVN,2024,1243606.0
Solomon Islands,SLB,2001,2531602.0
Solomon Islands,SLB,2002,2530864.0
Solomon Islands,SLB,2003,2530126.0
Solomon Islands,SLB,2004,2529388.0
Solomon Islands,SLB,2005,2528650.0
Solomon Islands,SLB,2006,2527912.0
Solomon Islands,SLB,2007,2527174.0
Solomon Islands,SLB,2008,2526436.0
Solomon Islands,SLB,2009,2525698.0
Solomon Islands,SLB,2010,2524960.0
Solomon Islands,SLB,2011,2524222.0
Solomon Islands,SLB,2012,2523484.0
Solomon Islands,SLB,2013,2522746.0
Solomon Islands,SLB,2014,2522008.0
Solomon Islands,SLB,2015,2521270.0
Solomon Islands,SLB,2016,2520536.0
Solomon Islands,SLB,2017,2519802.0
Solomon Islands,SLB,2018,2519068.0
Solomon Islands,SLB,2019,2518334.0
Solomon Islands,SLB,2020,2517600.0
Solomon Islands,SLB,2021,2516866.0
Solomon Islands,SLB,2022,2516132.0
Solomon Islands,SLB,2023,2515398.0
Solomon Islands,SLB,2024,2514664.0
Somalia,SOM,2001,7439250.0
Somalia,SOM,2002,7362500.0
Somalia,SOM,2003,7285750.0
Somalia,SOM,2004,7209000.0
Somalia,SOM,2005,7132250.0
Somalia,SOM,2006,7055500.0
Somalia,SOM,2007,6978750.0
Somalia,SOM,2008,6902000.0
Somalia,SOM,2009,6825250.0
Somalia,SOM,2010,6748500.0
Somalia,SOM,2011,6594600.0
Somalia,SOM,2012,6440700.0
Somalia,SOM,2013,6286800.0
Somalia,SOM,2014,6132900.0
Somalia,SOM,2015,5979000.0
Somalia,SOM,2016,5825100.0
Somalia,SOM,2017,5671200.0
Somalia,SOM,2018,5517300.0
Somalia,SOM,2019,5363400.0
Somalia,SOM,2020,5209500.0
Somalia,SOM,2021,5133550.0
Somalia,SOM,2022,5057600.0
Somalia,SOM,2023,4981650.0
Somalia,SOM,2024,4905700.0
South Africa,ZAF,2001,20779808.0
South Africa,ZAF,2002,20867376.0
South Africa,ZAF,2003,20954944.0
South Africa,ZAF,2004,21042512.0
South Africa,ZAF,2005,21130080.0
South Africa,ZAF,2006,21217648.0
South Africa,ZAF,2007,21305216.0
South Africa,ZAF,2008,21392784.0
South Africa,ZAF,2009,21480352.0
South Africa,ZAF,2010,21567920.0
South Africa,ZAF,2011,21655488.0
South Africa,ZAF,2012,21743056.0
South Africa,ZAF,2013,21830624.0
South Africa,ZAF,2014,21918192.0
South Africa,ZAF,2015,22005760.0
South Africa,ZAF,2016,22093326.0
South Africa,ZAF,2017,22180892.0
South Africa,ZAF,2018,22268458.0
South Africa,ZAF,2019,22356024.0
South Africa,ZAF,2020,22443590.0
South Africa,ZAF,2021,22531156.0
South Africa,ZAF,2022,22618722.0
South Africa,ZAF,2023,22706288.0
South Africa,ZAF,2024,22793854.0
South America,OWID_SAM,2001,950087550.0
South America,OWID_SAM,2002,945133440.0
South America,OWID_SAM,2003,940179260.0
South America,OWID_SAM,2004,935225100.0
South America,OWID_SAM,2005,930271000.0
South America,OWID_SAM,2006,925316800.0
South America,OWID_SAM,2007,920362600.0
South America,OWID_SAM,2008,915408500.0
South America,OWID_SAM,2009,910454340.0
South America,OWID_SAM,2010,905500160.0
South America,OWID_SAM,2011,902319740.0
South America,OWID_SAM,2012,899139260.0
South America,OWID_SAM,2013,895958800.0
South America,OWID_SAM,2014,892778400.0
South America,OWID_SAM,2015,889597900.0
South America,OWID_SAM,2016,885763300.0
South America,OWID_SAM,2017,881928770.0
South America,OWID_SAM,2018,878094140.0
South America,OWID_SAM,2019,874259600.0
South America,OWID_SAM,2020,870425000.0
South America,OWID_SAM,2021,866057340.0
South America,OWID_SAM,2022,861689660.0
South America,OWID_SAM,2023,857322050.0
South America,OWID_SAM,2024,852954400.0
South Korea,KOR,2001,6467100.0
South Korea,KOR,2002,6458200.0
South Korea,KOR,2003,6449300.0
South Korea,KOR,2004,6440400.0
South Korea,KOR,2005,6431500.0
South Korea,KOR,2006,6422600.0
South Korea,KOR,2007,6413700.0
South Korea,KOR,2008,6404800.0
South Korea,KOR,2009,6395900.0
South Korea,KOR,2010,6387000.0
South Korea,KOR,2011,6377000.0
South Korea,KOR,2012,6367000.0
South Korea,KOR,2013,6357000.0
South Korea,KOR,2014,6347000.0
South Korea,KOR,2015,6337000.0
South Korea,KOR,2016,6329200.0
South Korea,KOR,2017,6321400.0
South Korea,KOR,2018,6313600.0
South Korea,KOR,2019,6305800.0
South Korea,KOR,2020,6298000.0
South Korea,KOR,2021,6294226.0
South Korea,KOR,2022,6290452.0
South Korea,KOR,2023,6286678.0
South Korea,KOR,2024,6282904.0
South Sudan,SSD,2001,7116400.0
South Sudan,SSD,2002,7118600.0
South Sudan,SSD,2003,7120800.0
South Sudan,SSD,2004,7123000.0
South Sudan,SSD,2005,7125200.0
South Sudan,SSD,2006,7127400.0
South Sudan,SSD,2007,7129600.0
South Sudan,SSD,2008,7131800.0
South Sudan,SSD,2009,7134000.0
South Sudan,SSD,2010,7136200.0
South Sudan,SSD,2011,7140360.0
South Sudan,SSD,2012,7144520.0
South Sudan,SSD,2013,7148680.0
South Sudan,SSD,2014,7152840.0
South Sudan,SSD,2015,7157000.0
South Sudan,SSD,2016,7156100.0
South Sudan,SSD,2017,7155200.0
South Sudan,SSD,2018,7154300.0
South Sudan,SSD,2019,7153400.0
South Sudan,SSD,2020,7152500.0
South Sudan,SSD,2021,7154000.0
South Sudan,SSD,2022,7155500.0
South Sudan,SSD,2023,7157000.0
South Sudan,SSD,2024,7158500.0
Spain,ESP,2001,17241156.0
Spain,ESP,2002,17388382.0
Spain,ESP,2003,17535608.0
Spain,ESP,2004,17682834.0
Spain,ESP,2005,17830060.0
Spain,ESP,2006,17977286.0
Spain,ESP,2007,18124512.0
Spain,ESP,2008,18271738.0
Spain,ESP,2009,18418964.0
Spain,ESP,2010,18566190.0
Spain,ESP,2011,18568022.0
Spain,ESP,2012,18569854.0
Spain,ESP,2013,18571686.0
Spain,ESP,2014,18573518.0
Spain,ESP,2015,18575350.0
Spain,ESP,2016,18656692.0
Spain,ESP,2017,18738034.0
Spain,ESP,2018,18819376.0
Spain,ESP,2019,18900718.0
Spain,ESP,2020,18982060.0
Spain,ESP,2021,19012204.0
Spain,ESP,2022,19042348.0
Spain,ESP,2023,19072492.0
Spain,ESP,2024,19102636.0
Sri Lanka,LKA,2001,2223622.0
Sri Lanka,LKA,2002,2216104.0
Sri Lanka,LKA,2003,2208586.0
Sri Lanka,LKA,2004,2201068.0
Sri Lanka,LKA,2005,2193550.0
Sri Lanka,LKA,2006,2186032.0
Sri Lanka,LKA,2007,2178514.0
Sri Lanka,LKA,2008,2170996.0
Sri Lanka,LKA,2009,2163478.0
Sri Lanka,LKA,2010,2155960.0
Sri Lanka,LKA,2011,2144418.0
Sri Lanka,LKA,2012,2132876.0
Sri Lanka,LKA,2013,2121334.0
Sri Lanka,LKA,2014,2109792.0
Sri Lanka,LKA,2015,2098250.0
Sri Lanka,LKA,2016,2107682.0
Sri Lanka,LKA,2017,2117114.0
Sri Lanka,LKA,2018,2126546.0
Sri Lanka,LKA,2019,2135978.0
Sri Lanka,LKA,2020,2145410.0
Sri Lanka,LKA,2021,2140466.0
Sri Lanka,LKA,2022,2135522.0
Sri Lanka,LKA,2023,2130578.0
Sri Lanka,LKA,2024,2125634.0
Sudan,SDN,2001,26159760.0
Sudan,SDN,2002,25985620.0
Sudan,SDN,2003,25811480.0
Sudan,SDN,2004,25637340.0
Sudan,SDN,2005,25463200.0
Sudan,SDN,2006,25289060.0
Sudan,SDN,2007,25114920.0
Sudan,SDN,2008,24940780.0
Sudan,SDN,2009,24766640.0
Sudan,SDN,2010,24592500.0
Sudan,SDN,2011,24418360.0
Sudan,SDN,2012,24244220.0
Sudan,SDN,2013,24070080.0
Sudan,SDN,2014,23895940.0
Sudan,SDN,2015,23721800.0
Sudan,SDN,2016,23547660.0
Sudan,SDN,2017,23373520.0
Sudan,SDN,2018,23199380.0
Sudan,SDN,2019,23025240.0
Sudan,SDN,2020,22851100.0
Sudan,SDN,2021,22676960.0
Sudan,SDN,2022,22502820.0
Sudan,SDN,2023,22328680.0
Sudan,SDN,2024,22154540.0
Suriname,SUR,2001,14897984.0
Suriname,SUR,2002,14893988.0
Suriname,SUR,2003,14889992.0
Suriname,SUR,2004,14885996.0
Suriname,SUR,2005,14882000.0
Suriname,SUR,2006,14878004.0
Suriname,SUR,2007,14874008.0
Suriname,SUR,2008,14870012.0
Suriname,SUR,2009,14866016.0
Suriname,SUR,2010,14862020.0
Suriname,SUR,2011,14857338.0
Suriname,SUR,2012,14852656.0
Suriname,SUR,2013,14847974.0
Suriname,SUR,2014,14843292.0
Suriname,SUR,2015,14838610.0
Suriname,SUR,2016,14823980.0
Suriname,SUR,2017,14809350.0
Suriname,SUR,2018,14794720.0
Suriname,SUR,2019,14780090.0
Suriname,SUR,2020,14765460.0
Suriname,SUR,2021,14747208.0
Suriname,SUR,2022,14728956.0
Suriname,SUR,2023,14710704.0
Suriname,SUR,2024,14692452.0
Svalbard and Jan Mayen,SJM,2001,0.0
Svalbard and Jan Mayen,SJM,2002,0.0
Svalbard and Jan Mayen,SJM,2003,0.0
Svalbard and Jan Mayen,SJM,2004,0.0
Svalbard and Jan Mayen,SJM,2005,0.0
Svalbard and Jan Mayen,SJM,2006,0.0
Svalbard and Jan Mayen,SJM,2007,0.0
Svalbard and Jan Mayen,SJM,2008,0.0
Svalbard and Jan Mayen,SJM,2009,0.0
Svalbard and Jan Mayen,SJM,2010,0.0
Svalbard and Jan Mayen,SJM,2011,0.0
Svalbard and Jan Mayen,SJM,2012,0.0
Svalbard and Jan Mayen,SJM,2013,0.0
Svalbard and Jan Mayen,SJM,2014,0.0
Svalbard and Jan Mayen,SJM,2015,0.0
Svalbard and Jan Mayen,SJM,2016,0.0
Svalbard and Jan Mayen,SJM,2017,0.0
Svalbard and Jan Mayen,SJM,2018,0.0
Svalbard and Jan Mayen,SJM,2019,0.0
Svalbard and Jan Mayen,SJM,2020,0.0
Svalbard and Jan Mayen,SJM,2021,0.0
Svalbard and Jan Mayen,SJM,2022,0.0
Svalbard and Jan Mayen,SJM,2023,0.0
Svalbard and Jan Mayen,SJM,2024,0.0
Sweden,SWE,2001,28154000.0
Sweden,SWE,2002,28145000.0
Sweden,SWE,2003,28136000.0
Sweden,SWE,2004,28127000.0
Sweden,SWE,2005,28118000.0
Sweden,SWE,2006,28109000.0
Sweden,SWE,2007,28100000.0
Sweden,SWE,2008,28091000.0
Sweden,SWE,2009,28082000.0
Sweden,SWE,2010,28073000.0
Sweden,SWE,2011,28054400.0
Sweden,SWE,2012,28035800.0
Sweden,SWE,2013,28017200.0
Sweden,SWE,2014,27998600.0
Sweden,SWE,2015,27980000.0
Sweden,SWE,2016,27970800.0
Sweden,SWE,2017,27961600.0
Sweden,SWE,2018,27952400.0
Sweden,SWE,2019,27943200.0
Sweden,SWE,2020,27934000.0
Sweden,SWE,2021,27934000.0
Sweden,SWE,2022,27934000.0
Sweden,SWE,2023,27934000.0
Sweden,SWE,2024,27934000.0
Switzerland,CHE,2001,1200034.0
Switzerland,CHE,2002,1203888.0
Switzerland,CHE,2003,1207742.0
Switzerland,CHE,2004,1211596.0
Switzerland,CHE,2005,1215450.0
Switzerland,CHE,2006,1219304.0
Switzerland,CHE,2007,1223158.0
Switzerland,CHE,2008,1227012.0
Switzerland,CHE,2009,1230866.0
Switzerland,CHE,2010,1234720.0
Switzerland,CHE,2011,1237516.0
Switzerland,CHE,2012,1240312.0
Switzerland,CHE,2013,1243108.0
Switzerland,CHE,2014,1245904.0
Switzerland,CHE,2015,1248700.0
Switzerland,CHE,2016,1250532.0
Switzerland,CHE,2017,1252364.0
Switzerland,CHE,2018,1254196.0
Switzerland,CHE,2019,1256028.0
Switzerland,CHE,2020,1257860.0
Switzerland,CHE,2021,1259692.0
Switzerland,CHE,2022,1261524.0
Switzerland,CHE,2023,1263356.0
Switzerland,CHE,2024,1265188.0
Syria,SYR,2001,465891.0
Syria,SYR,2002,471012.0
Syria,SYR,2003,476133.0
Syria,SYR,2004,481254.0
Syria,SYR,2005,486375.0
Syria,SYR,2006,491496.0
Syria,SYR,2007,496617.0
Syria,SYR,2008,501738.0
Syria,SYR,2009,506859.0
Syria,SYR,2010,511980.0
Syria,SYR,2011,515038.0
Syria,SYR,2012,518096.0
Syria,SYR,2013,521154.03
Syria,SYR,2014,524212.03
Syria,SYR,2015,527270.0
Syria,SYR,2016,527346.0
Syria,SYR,2017,527422.0
Syria,SYR,2018,527498.0
Syria,SYR,2019,527574.0
Syria,SYR,2020,527650.0
Syria,SYR,2021,527682.0
Syria,SYR,2022,527714.0
Syria,SYR,2023,527746.0
Syria,SYR,2024,527778.0
Tajikistan,TJK,2001,410000.0
Tajikistan,TJK,2002,410000.0
Tajikistan,TJK,2003,410000.0
Tajikistan,TJK,2004,410000.0
Tajikistan,TJK,2005,410000.0
Tajikistan,TJK,2006,410000.0
Tajikistan,TJK,2007,410000.0
Tajikistan,TJK,2008,410000.0
Tajikistan,TJK,2009,410000.0
Tajikistan,TJK,2010,410000.0
Tajikistan,TJK,2011,412360.0
Tajikistan,TJK,2012,414720.0
Tajikistan,TJK,2013,417080.0
Tajikistan,TJK,2014,419440.0
Tajikistan,TJK,2015,421800.0
Tajikistan,TJK,2016,422040.0
Tajikistan,TJK,2017,422280.0
Tajikistan,TJK,2018,422520.0
Tajikistan,TJK,2019,422760.0
Tajikistan,TJK,2020,423000.0
Tajikistan,TJK,2021,423300.0
Tajikistan,TJK,2022,423600.0
Tajikistan,TJK,2023,423900.0
Tajikistan,TJK,2024,424200.0
Tanzania,TZA,2001,53732000.0
Tanzania,TZA,2002,53329000.0
Tanzania,TZA,2003,52926000.0
Tanzania,TZA,2004,52523000.0
Tanzania,TZA,2005,52120000.0
Tanzania,TZA,2006,51717000.0
Tanzania,TZA,2007,51314000.0
Tanzania,TZA,2008,50911000.0
Tanzania,TZA,2009,50508000.0
Tanzania,TZA,2010,50105000.0
Tanzania,TZA,2011,49702000.0
Tanzania,TZA,2012,49299000.0
Tanzania,TZA,2013,48896000.0
Tanzania,TZA,2014,48493000.0
Tanzania,TZA,2015,48090000.0
Tanzania,TZA,2016,47621000.0
Tanzania,TZA,2017,47152000.0
Tanzania,TZA,2018,46683000.0
Tanzania,TZA,2019,46214000.0
Tanzania,TZA,2020,45745000.0
Tanzania,TZA,2021,45276000.0
Tanzania,TZA,2022,44807000.0
Tanzania,TZA,2023,44338000.0
Tanzania,TZA,2024,43869000.0
Thailand,THA,2001,20158000.0
Thailand,THA,2002,20151000.0
Thailand,THA,2003,20144000.0
Thailand,THA,2004,20137000.0
Thailand,THA,2005,20130000.0
Thailand,THA,2006,20123000.0
Thailand,THA,2007,20116000.0
Thailand,THA,2008,20109000.0
Thailand,THA,2009,20102000.0
Thailand,THA,2010,20095000.0
Thailand,THA,2011,20088000.0
Thailand,THA,2012,20081000.0
Thailand,THA,2013,20074000.0
Thailand,THA,2014,20067000.0
Thailand,THA,2015,20060000.0
Thailand,THA,2016,20115512.0
Thailand,THA,2017,20171024.0
Thailand,THA,2018,20226536.0
Thailand,THA,2019,20282048.0
Thailand,THA,2020,20337560.0
Thailand,THA,2021,20199544.0
Thailand,THA,2022,20061528.0
Thailand,THA,2023,19923512.0
Thailand,THA,2024,19785496.0
Togo,TGO,2001,1265501.0
Togo,TGO,2002,1262542.0
Togo,TGO,2003,1259583.0
Togo,TGO,2004,1256624.0
Togo,TGO,2005,1253665.0
Togo,TGO,2006,1250706.0
Togo,TGO,2007,1247747.0
Togo,TGO,2008,1244788.0
Togo,TGO,2009,1241829.0
Togo,TGO,2010,1238870.0
Togo,TGO,2011,1235910.0
Togo,TGO,2012,1232950.0
Togo,TGO,2013,1229990.0
Togo,TGO,2014,1227030.0
Togo,TGO,2015,1224070.0
Togo,TGO,2016,1221108.0
Togo,TGO,2017,1218146.0
Togo,TGO,2018,1215184.0
Togo,TGO,2019,1212222.0
Togo,TGO,2020,1209260.0
Togo,TGO,2021,1212300.0
Togo,TGO,2022,1215340.0
Togo,TGO,2023,1218380.0
Togo,TGO,2024,1221420.0
Tokelau,TKL,2001,0.0
Tokelau,TKL,2002,0.0
Tokelau,TKL,2003,0.0
Tokelau,TKL,2004,0.0
Tokelau,TKL,2005,0.0
Tokelau,TKL,2006,0.0
Tokelau,TKL,2007,0.0
Tokelau,TKL,2008,0.0
Tokelau,TKL,2009,0.0
Tokelau,TKL,2010,0.0
Tokelau,TKL,2011,0.0
Tokelau,TKL,2012,0.0
Tokelau,TKL,2013,0.0
Tokelau,TKL,2014,0.0
Tokelau,TKL,2015,0.0
Tokelau,TKL,2016,0.0
Tokelau,TKL,2017,0.0
Tokelau,TKL,2018,0.0
Tokelau,TKL,2019,0.0
Tokelau,TKL,2020,0.0
Tokelau,TKL,2021,0.0
Tokelau,TKL,2022,0.0
Tokelau,TKL,2023,0.0
Tokelau,TKL,2024,0.0
Tonga,TON,2001,8730.0
Tonga,TON,2002,8730.0
Tonga,TON,2003,8730.0
Tonga,TON,2004,8730.0
Tonga,TON,2005,8730.0
Tonga,TON,2006,8730.0
Tonga,TON,2007,8730.0
Tonga,TON,2008,8730.0
Tonga,TON,2009,8730.0
Tonga,TON,2010,8730.0
Tonga,TON,2011,8730.0
Tonga,TON,2012,8730.0
Tonga,TON,2013,8730.0
Tonga,TON,2014,8730.0
Tonga,TON,2015,8730.0
Tonga,TON,2016,8730.0
Tonga,TON,2017,8730.0
Tonga,TON,2018,8730.0
Tonga,TON,2019,8730.0
Tonga,TON,2020,8730.0
Tonga,TON,2021,8730.0
Tonga,TON,2022,8730.0
Tonga,TON,2023,8730.0
Tonga,TON,2024,8730.0
Trinidad and Tobago,TTO,2001,236226.0
Trinidad and Tobago,TTO,2002,235802.0
Trinidad and Tobago,TTO,2003,235378.0
Trinidad and Tobago,TTO,2004,234954.0
Trinidad and Tobago,TTO,2005,234530.0
Trinidad and Tobago,TTO,2006,234106.0
Trinidad and Tobago,TTO,2007,233682.0
Trinidad and Tobago,TTO,2008,233258.0
Trinidad and Tobago,TTO,2009,232834.0
Trinidad and Tobago,TTO,2010,232410.0
Trinidad and Tobago,TTO,2011,231986.0
Trinidad and Tobago,TTO,2012,231562.0
Trinidad and Tobago,TTO,2013,231138.0
Trinidad and Tobago,TTO,2014,230714.0
Trinidad and Tobago,TTO,2015,230290.0
Trinidad and Tobago,TTO,2016,229866.0
Trinidad and Tobago,TTO,2017,229442.0
Trinidad and Tobago,TTO,2018,229018.0
Trinidad and Tobago,TTO,2019,228594.0
Trinidad and Tobago,TTO,2020,228170.0
Trinidad and Tobago,TTO,2021,227746.0
Trinidad and Tobago,TTO,2022,227322.0
Trinidad and Tobago,TTO,2023,226898.0
Trinidad and Tobago,TTO,2024,226474.0
Tunisia,TUN,2001,671399.0
Tunisia,TUN,2002,674958.0
Tunisia,TUN,2003,678517.0
Tunisia,TUN,2004,682076.0
Tunisia,TUN,2005,685635.0
Tunisia,TUN,2006,689194.0
Tunisia,TUN,2007,692753.0
Tunisia,TUN,2008,696312.0
Tunisia,TUN,2009,699871.0
Tunisia,TUN,2010,703430.0
Tunisia,TUN,2011,703730.0
Tunisia,TUN,2012,704030.0
Tunisia,TUN,2013,704330.0
Tunisia,TUN,2014,704630.0
Tunisia,TUN,2015,704930.0
Tunisia,TUN,2016,703744.0
Tunisia,TUN,2017,702558.0
Tunisia,TUN,2018,701372.0
Tunisia,TUN,2019,700186.0
Tunisia,TUN,2020,699000.0
Tunisia,TUN,2021,696698.0
Tunisia,TUN,2022,694396.0
Tunisia,TUN,2023,692094.0
Tunisia,TUN,2024,689792.0
Turkey,TUR,2001,20241822.0
Turkey,TUR,2002,20335296.0
Turkey,TUR,2003,20428768.0
Turkey,TUR,2004,20522242.0
Turkey,TUR,2005,20615714.0
Turkey,TUR,2006,20709188.0
Turkey,TUR,2007,20802660.0
Turkey,TUR,2008,20896134.0
Turkey,TUR,2009,20989608.0
Turkey,TUR,2010,21083080.0
Turkey,TUR,2011,21192524.0
Turkey,TUR,2012,21301968.0
Turkey,TUR,2013,21411412.0
Turkey,TUR,2014,21520856.0
Turkey,TUR,2015,21630300.0
Turkey,TUR,2016,21748312.0
Turkey,TUR,2017,21866324.0
Turkey,TUR,2018,21984336.0
Turkey,TUR,2019,22102348.0
Turkey,TUR,2020,22220360.0
Turkey,TUR,2021,22337440.0
Turkey,TUR,2022,22454520.0
Turkey,TUR,2023,22571600.0
Turkey,TUR,2024,22688680.0
Turkmenistan,TKM,2001,2330000.0
Turkmenistan,TKM,2002,2330000.0
Turkmenistan,TKM,2003,2330000.0
Turkmenistan,TKM,2004,2330000.0
Turkmenistan,TKM,2005,2330000.0
Turkmenistan,TKM,2006,2330000.0
Turkmenistan,TKM,2007,2330000.0
Turkmenistan,TKM,2008,2330000.0
Turkmenistan,TKM,2009,2330000.0
Turkmenistan,TKM,2010,2330000.0
Turkmenistan,TKM,2011,2330000.0
Turkmenistan,TKM,2012,2330000.0
Turkmenistan,TKM,2013,2330000.0
Turkmenistan,TKM,2014,2330000.0
Turkmenistan,TKM,2015,2330000.0
Turkmenistan,TKM,2016,2330000.0
Turkmenistan,TKM,2017,2330000.0
Turkmenistan,TKM,2018,2330000.0
Turkmenistan,TKM,2019,2330000.0
Turkmenistan,TKM,2020,2330000.0
Turkmenistan,TKM,2021,2330000.0
Turkmenistan,TKM,2022,2330000.0
Turkmenistan,TKM,2023,2330000.0
Turkmenistan,TKM,2024,2330000.0
Turks and Caicos Islands,TCA,2001,10520.0
Turks and Caicos Islands,TCA,2002,10520.0
Turks and Caicos Islands,TCA,2003,10520.0
Turks and Caicos Islands,TCA,2004,10520.0
Turks and Caicos Islands,TCA,2005,10520.0
Turks and Caicos Islands,TCA,2006,10520.0
Turks and Caicos Islands,TCA,2007,10520.0
Turks and Caicos Islands,TCA,2008,10520.0
Turks and Caicos Islands,TCA,2009,10520.0
Turks and Caicos Islands,TCA,2010,10520.0
Turks and Caicos Islands,TCA,2011,10520.0
Turks and Caicos Islands,TCA,2012,10520.0
Turks and Caicos Islands,TCA,2013,10520.0
Turks and Caicos Islands,TCA,2014,10520.0
Turks and Caicos Islands,TCA,2015,10520.0
Turks and Caicos Islands,TCA,2016,10520.0
Turks and Caicos Islands,TCA,2017,10520.0
Turks and Caicos Islands,TCA,2018,10520.0
Turks and Caicos Islands,TCA,2019,10520.0
Turks and Caicos Islands,TCA,2020,10520.0
Turks and Caicos Islands,TCA,2021,10520.0
Turks and Caicos Islands,TCA,2022,10520.0
Turks and Caicos Islands,TCA,2023,10520.0
Turks and Caicos Islands,TCA,2024,10520.0
Tuvalu,TUV,2001,1030.0
Tuvalu,TUV,2002,1030.0
Tuvalu,TUV,2003,1030.0
Tuvalu,TUV,2004,1030.0
Tuvalu,TUV,2005,1030.0
Tuvalu,TUV,2006,1030.0
Tuvalu,TUV,2007,1030.0
Tuvalu,TUV,2008,1030.0
Tuvalu,TUV,2009,1030.0
Tuvalu,TUV,2010,1030.0
Tuvalu,TUV,2011,1030.0
Tuvalu,TUV,2012,1030.0
Tuvalu,TUV,2013,1030.0
Tuvalu,TUV,2014,1030.0
Tuvalu,TUV,2015,1030.0
Tuvalu,TUV,2016,1030.0
Tuvalu,TUV,2017,1030.0
Tuvalu,TUV,2018,1030.0
Tuvalu,TUV,2019,1030.0
Tuvalu,TUV,2020,1030.0
Tuvalu,TUV,2021,1030.0
Tuvalu,TUV,2022,1030.0
Tuvalu,TUV,2023,1030.0
Tuvalu,TUV,2024,1030.0
Uganda,UGA,2001,3350693.0
Uganda,UGA,2002,3300546.0
Uganda,UGA,2003,3250399.0
Uganda,UGA,2004,3200252.0
Uganda,UGA,2005,3150105.0
Uganda,UGA,2006,3099958.0
Uganda,UGA,2007,3049811.0
Uganda,UGA,2008,2999664.0
Uganda,UGA,2009,2949517.0
Uganda,UGA,2010,2899370.0
Uganda,UGA,2011,2849224.0
Uganda,UGA,2012,2799078.0
Uganda,UGA,2013,2748932.0
Uganda,UGA,2014,2698786.0
Uganda,UGA,2015,2648640.0
Uganda,UGA,2016,2620544.0
Uganda,UGA,2017,2592448.0
Uganda,UGA,2018,2564352.0
Uganda,UGA,2019,2536256.0
Uganda,UGA,2020,2508160.0
Uganda,UGA,2021,2480062.0
Uganda,UGA,2022,2451964.0
Uganda,UGA,2023,2423866.0
Uganda,UGA,2024,2395768.0
Ukraine,UKR,2001,9513800.0
Ukraine,UKR,2002,9517600.0
Ukraine,UKR,2003,9521400.0
Ukraine,UKR,2004,9525200.0
Ukraine,UKR,2005,9529000.0
Ukraine,UKR,2006,9532800.0
Ukraine,UKR,2007,9536600.0
Ukraine,UKR,2008,9540400.0
Ukraine,UKR,2009,9544200.0
Ukraine,UKR,2010,9548000.0
Ukraine,UKR,2011,9578400.0
Ukraine,UKR,2012,9608800.0
Ukraine,UKR,2013,9639200.0
Ukraine,UKR,2014,9669600.0
Ukraine,UKR,2015,9700000.0
Ukraine,UKR,2016,9740000.0
Ukraine,UKR,2017,9780000.0
Ukraine,UKR,2018,9820000.0
Ukraine,UKR,2019,9860000.0
Ukraine,UKR,2020,9900000.0
Ukraine,UKR,2021,9938000.0
Ukraine,UKR,2022,9976000.0
Ukraine,UKR,2023,10014000.0
Ukraine,UKR,2024,10052000.0
United Arab Emirates,ARE,2001,315428.0
United Arab Emirates,ARE,2002,315886.0
United Arab Emirates,ARE,2003,316344.0
United Arab Emirates,ARE,2004,316802.0
United Arab Emirates,ARE,2005,317260.0
United Arab Emirates,ARE,2006,317718.0
United Arab Emirates,ARE,2007,318176.0
United Arab Emirates,ARE,2008,318634.0
United Arab Emirates,ARE,2009,319092.0
United Arab Emirates,ARE,2010,319550.0
United Arab Emirates,ARE,2011,319884.0
United Arab Emirates,ARE,2012,320218.0
United Arab Emirates,ARE,2013,320552.0
United Arab Emirates,ARE,2014,320886.0
United Arab Emirates,ARE,2015,321220.0
United Arab Emirates,ARE,2016,321556.0
United Arab Emirates,ARE,2017,321892.0
United Arab Emirates,ARE,2018,322228.0
United Arab Emirates,ARE,2019,322564.0
United Arab Emirates,ARE,2020,322900.0
United Arab Emirates,ARE,2021,323236.0
United Arab Emirates,ARE,2022,323572.0
United Arab Emirates,ARE,2023,323908.0
United Arab Emirates,ARE,2024,324244.0
United Kingdom,GBR,2001,2964500.0
United Kingdom,GBR,2002,2975000.0
United Kingdom,GBR,2003,2985500.0
United Kingdom,GBR,2004,2996000.0
United Kingdom,GBR,2005,3006500.0
United Kingdom,GBR,2006,3017000.0
United Kingdom,GBR,2007,3027500.0
United Kingdom,GBR,2008,3038000.0
United Kingdom,GBR,2009,3048500.0
United Kingdom,GBR,2010,3059000.0
United Kingdom,GBR,2011,3078200.0
United Kingdom,GBR,2012,3097400.0
United Kingdom,GBR,2013,3116600.0
United Kingdom,GBR,2014,3135800.0
United Kingdom,GBR,2015,3155000.0
United Kingdom,GBR,2016,3167000.0
United Kingdom,GBR,2017,3179000.0
United Kingdom,GBR,2018,3191000.0
United Kingdom,GBR,2019,3203000.0
United Kingdom,GBR,2020,3215000.0
United Kingdom,GBR,2021,3227600.0
United Kingdom,GBR,2022,3240200.0
United Kingdom,GBR,2023,3252800.0
United Kingdom,GBR,2024,3265400.0
United States,USA,2001,304054400.0
United States,USA,2002,304572800.0
United States,USA,2003,305091200.0
United States,USA,2004,305609600.0
United States,USA,2005,306128000.0
United States,USA,2006,306646400.0
United States,USA,2007,307164800.0
United States,USA,2008,307683200.0
United States,USA,2009,308201600.0
United States,USA,2010,308720000.0
United States,USA,2011,308995000.0
United States,USA,2012,309270000.0
United States,USA,2013,309545000.0
United States,USA,2014,309820000.0
United States,USA,2015,310095000.0
United States,USA,2016,309927000.0
United States,USA,2017,309759000.0
United States,USA,2018,309591000.0
United States,USA,2019,309423000.0
United States,USA,2020,309255000.0
United States,USA,2021,309183000.0
United States,USA,2022,309111000.0
United States,USA,2023,309039000.0
United States,USA,2024,308967000.0
United States Virgin Islands,VIR,2001,19204.0
United States Virgin Islands,VIR,2002,19118.0
United States Virgin Islands,VIR,2003,19032.0
United States Virgin Islands,VIR,2004,18946.0
United States Virgin Islands,VIR,2005,18860.0
United States Virgin Islands,VIR,2006,18774.0
United States Virgin Islands,VIR,2007,18688.0
United States Virgin Islands,VIR,2008,18602.0
United States Virgin Islands,VIR,2009,18516.0
United States Virgin Islands,VIR,2010,18430.0
United States Virgin Islands,VIR,2011,18576.0
United States Virgin Islands,VIR,2012,18722.0
United States Virgin Islands,VIR,2013,18868.0
United States Virgin Islands,VIR,2014,19014.0
United States Virgin Islands,VIR,2015,19160.0
United States Virgin Islands,VIR,2016,19310.0
United States Virgin Islands,VIR,2017,19460.0
United States Virgin Islands,VIR,2018,19610.0
United States Virgin Islands,VIR,2019,19760.0
United States Virgin Islands,VIR,2020,19910.0
United States Virgin Islands,VIR,2021,20060.0
United States Virgin Islands,VIR,2022,20210.0
United States Virgin Islands,VIR,2023,20360.0
United States Virgin Islands,VIR,2024,20510.0
Upper-middle-income countries,OWID_UMC,2001,1358148900.0
Upper-middle-income countries,OWID_UMC,2002,1356297500.0
Upper-middle-income countries,OWID_UMC,2003,1354446100.0
Upper-middle-income countries,OWID_UMC,2004,1352594600.0
Upper-middle-income countries,OWID_UMC,2005,1350743200.0
Upper-middle-income countries,OWID_UMC,2006,1348891800.0
Upper-middle-income countries,OWID_UMC,2007,1347040300.0
Upper-middle-income countries,OWID_UMC,2008,1345188900.0
Upper-middle-income countries,OWID_UMC,2009,1343337500.0
Upper-middle-income countries,OWID_UMC,2010,1341486000.0
Upper-middle-income countries,OWID_UMC,2011,1340699500.0
Upper-middle-income countries,OWID_UMC,2012,1339913100.0
Upper-middle-income countries,OWID_UMC,2013,1339126700.0
Upper-middle-income countries,OWID_UMC,2014,1338340400.0
Upper-middle-income countries,OWID_UMC,2015,1337553900.0
Upper-middle-income countries,OWID_UMC,2016,1336359000.0
Upper-middle-income countries,OWID_UMC,2017,1335164200.0
Upper-middle-income countries,OWID_UMC,2018,1333969300.0
Upper-middle-income countries,OWID_UMC,2019,1332774300.0
Upper-middle-income countries,OWID_UMC,2020,1331579400.0
Upper-middle-income countries,OWID_UMC,2021,1329231200.0
Upper-middle-income countries,OWID_UMC,2022,1326883000.0
Upper-middle-income countries,OWID_UMC,2023,1324534800.0
Upper-middle-income countries,OWID_UMC,2024,1322186500.0
Uruguay,URY,2001,1372254.0
Uruguay,URY,2002,1408218.0
Uruguay,URY,2003,1444182.0
Uruguay,URY,2004,1480146.0
Uruguay,URY,2005,1516110.0
Uruguay,URY,2006,1552074.0
Uruguay,URY,2007,1588038.0
Uruguay,URY,2008,1624002.0
Uruguay,URY,2009,1659966.0
Uruguay,URY,2010,1695930.0
Uruguay,URY,2011,1723622.0
Uruguay,URY,2012,1751314.0
Uruguay,URY,2013,1779006.0
Uruguay,URY,2014,1806698.0
Uruguay,URY,2015,1834390.0
Uruguay,URY,2016,1853918.0
Uruguay,URY,2017,1873446.0
Uruguay,URY,2018,1892974.0
Uruguay,URY,2019,1912502.0
Uruguay,URY,2020,1932030.0
Uruguay,URY,2021,1950424.0
Uruguay,URY,2022,1968818.0
Uruguay,URY,2023,1987212.0
Uruguay,URY,2024,2005606.0
Uzbekistan,UZB,2001,3000274.0
Uzbekistan,UZB,2002,3039088.0
Uzbekistan,UZB,2003,3077902.0
Uzbekistan,UZB,2004,3116716.0
Uzbekistan,UZB,2005,3155530.0
Uzbekistan,UZB,2006,3194344.0
Uzbekistan,UZB,2007,3233158.0
Uzbekistan,UZB,2008,3271972.0
Uzbekistan,UZB,2009,3310786.0
Uzbekistan,UZB,2010,3349600.0
Uzbekistan,UZB,2011,3389560.0
Uzbekistan,UZB,2012,3429520.0
Uzbekistan,UZB,2013,3469480.0
Uzbekistan,UZB,2014,3509440.0
Uzbekistan,UZB,2015,3549400.0
Uzbekistan,UZB,2016,3577320.0
Uzbekistan,UZB,2017,3605240.0
Uzbekistan,UZB,2018,3633160.0
Uzbekistan,UZB,2019,3661080.0
Uzbekistan,UZB,2020,3689000.0
Uzbekistan,UZB,2021,3730038.0
Uzbekistan,UZB,2022,3771076.0
Uzbekistan,UZB,2023,3812114.0
Uzbekistan,UZB,2024,3853152.0
Vanuatu,VUT,2001,964665.0
Vanuatu,VUT,2002,962280.0
Vanuatu,VUT,2003,959895.0
Vanuatu,VUT,2004,957510.0
Vanuatu,VUT,2005,955125.0
Vanuatu,VUT,2006,952740.0
Vanuatu,VUT,2007,950355.0
Vanuatu,VUT,2008,947970.0
Vanuatu,VUT,2009,945585.0
Vanuatu,VUT,2010,943200.0
Vanuatu,VUT,2011,940816.0
Vanuatu,VUT,2012,938432.0
Vanuatu,VUT,2013,936048.0
Vanuatu,VUT,2014,933664.0
Vanuatu,VUT,2015,931280.0
Vanuatu,VUT,2016,928896.0
Vanuatu,VUT,2017,926512.0
Vanuatu,VUT,2018,924128.0
Vanuatu,VUT,2019,921744.0
Vanuatu,VUT,2020,919360.0
Vanuatu,VUT,2021,916976.0
Vanuatu,VUT,2022,914592.0
Vanuatu,VUT,2023,912208.0
Vanuatu,VUT,2024,909824.0
Vatican,VAT,2001,0.0
Vatican,VAT,2002,0.0
Vatican,VAT,2003,0.0
Vatican,VAT,2004,0.0
Vatican,VAT,2005,0.0
Vatican,VAT,2006,0.0
Vatican,VAT,2007,0.0
Vatican,VAT,2008,0.0
Vatican,VAT,2009,0.0
Vatican,VAT,2010,0.0
Vatican,VAT,2011,0.0
Vatican,VAT,2012,0.0
Vatican,VAT,2013,0.0
Vatican,VAT,2014,0.0
Vatican,VAT,2015,0.0
Vatican,VAT,2016,0.0
Vatican,VAT,2017,0.0
Vatican,VAT,2018,0.0
Vatican,VAT,2019,0.0
Vatican,VAT,2020,0.0
Vatican,VAT,2021,0.0
Vatican,VAT,2022,0.0
Vatican,VAT,2023,0.0
Vatican,VAT,2024,0.0
Venezuela,VEN,2001,49146624.0
Venezuela,VEN,2002,49061670.0
Venezuela,VEN,2003,48976720.0
Venezuela,VEN,2004,48891770.0
Venezuela,VEN,2005,48806816.0
Venezuela,VEN,2006,48721860.0
Venezuela,VEN,2007,48636908.0
Venezuela,VEN,2008,48551956.0
Venezuela,VEN,2009,48467004.0
Venezuela,VEN,2010,48382052.0
Venezuela,VEN,2011,48281490.0
Venezuela,VEN,2012,48180924.0
Venezuela,VEN,2013,48080360.0
Venezuela,VEN,2014,47979796.0
Venezuela,VEN,2015,47879230.0
Venezuela,VEN,2016,47770324.0
Venezuela,VEN,2017,47661416.0
Venezuela,VEN,2018,47552510.0
Venezuela,VEN,2019,47443604.0
Venezuela,VEN,2020,47334700.0
Venezuela,VEN,2021,47285410.0
Venezuela,VEN,2022,47236116.0
Venezuela,VEN,2023,47186824.0
Venezuela,VEN,2024,47137532.0
Vietnam,VNM,2001,11944496.0
Vietnam,VNM,2002,12104892.0
Vietnam,VNM,2003,12265288.0
Vietnam,VNM,2004,12425684.0
Vietnam,VNM,2005,12586080.0
Vietnam,VNM,2006,12746476.0
Vietnam,VNM,2007,12906872.0
Vietnam,VNM,2008,13067268.0
Vietnam,VNM,2009,13227664.0
Vietnam,VNM,2010,13388060.0
Vietnam,VNM,2011,13522820.0
Vietnam,VNM,2012,13657580.0
Vietnam,VNM,2013,13792340.0
Vietnam,VNM,2014,13927100.0
Vietnam,VNM,2015,14061860.0
Vietnam,VNM,2016,14184932.0
Vietnam,VNM,2017,14308004.0
Vietnam,VNM,2018,14431076.0
Vietnam,VNM,2019,14554148.0
Vietnam,VNM,2020,14677220.0
Vietnam,VNM,2021,14699792.0
Vietnam,VNM,2022,14722364.0
Vietnam,VNM,2023,14744936.0
Vietnam,VNM,2024,14767508.0
Wallis and Futuna,WLF,2001,9174.0
Wallis and Futuna,WLF,2002,9208.0
Wallis and Futuna,WLF,2003,9242.0
Wallis and Futuna,WLF,2004,9276.0
Wallis and Futuna,WLF,2005,9310.0
Wallis and Futuna,WLF,2006,9344.0
Wallis and Futuna,WLF,2007,9378.0
Wallis and Futuna,WLF,2008,9412.0
Wallis and Futuna,WLF,2009,9446.0
Wallis and Futuna,WLF,2010,9480.0
Wallis and Futuna,WLF,2011,9568.0
Wallis and Futuna,WLF,2012,9656.0
Wallis and Futuna,WLF,2013,9744.0
Wallis and Futuna,WLF,2014,9832.0
Wallis and Futuna,WLF,2015,9920.0
Wallis and Futuna,WLF,2016,10010.0
Wallis and Futuna,WLF,2017,10100.0
Wallis and Futuna,WLF,2018,10190.0
Wallis and Futuna,WLF,2019,10280.0
Wallis and Futuna,WLF,2020,10370.0
Wallis and Futuna,WLF,2021,10460.0
Wallis and Futuna,WLF,2022,10550.0
Wallis and Futuna,WLF,2023,10640.0
Wallis and Futuna,WLF,2024,10730.0
Western Sahara,ESH,2001,539309.0
Western Sahara,ESH,2002,539078.0
Western Sahara,ESH,2003,538847.0
Western Sahara,ESH,2004,538616.0
Western Sahara,ESH,2005,538385.0
Western Sahara,ESH,2006,538154.0
Western Sahara,ESH,2007,537923.0
Western Sahara,ESH,2008,537692.0
Western Sahara,ESH,2009,537461.0
Western Sahara,ESH,2010,537230.0
Western Sahara,ESH,2011,537684.0
Western Sahara,ESH,2012,538138.0
Western Sahara,ESH,2013,538592.0
Western Sahara,ESH,2014,539046.0
Western Sahara,ESH,2015,539500.0
Western Sahara,ESH,2016,538242.0
Western Sahara,ESH,2017,536984.0
Western Sahara,ESH,2018,535726.0
Western Sahara,ESH,2019,534468.0
Western Sahara,ESH,2020,533210.0
Western Sahara,ESH,2021,532412.0
Western Sahara,ESH,2022,531614.0
Western Sahara,ESH,2023,530816.0
Western Sahara,ESH,2024,530018.0
World,OWID_WRL,2001,4233026600.0
World,OWID_WRL,2002,4229468000.0
World,OWID_WRL,2003,4225909200.0
World,OWID_WRL,2004,4222350600.0
World,OWID_WRL,2005,4218792200.0
World,OWID_WRL,2006,4215233500.0
World,OWID_WRL,2007,4211675000.0
World,OWID_WRL,2008,4208116200.0
World,OWID_WRL,2009,4204557600.0
World,OWID_WRL,2010,4200999200.0
World,OWID_WRL,2011,4197086000.0
World,OWID_WRL,2012,4193172700.0
World,OWID_WRL,2013,4189259500.0
World,OWID_WRL,2014,4185346300.0
World,OWID_WRL,2015,4181433000.0
World,OWID_WRL,2016,4178194200.0
World,OWID_WRL,2017,4174955500.0
World,OWID_WRL,2018,4171716600.0
World,OWID_WRL,2019,4168478000.0
World,OWID_WRL,2020,4165239300.0
World,OWID_WRL,2021,4160234200.0
World,OWID_WRL,2022,4155229200.0
World,OWID_WRL,2023,4150224400.0
World,OWID_WRL,2024,4145219300.0
Yemen,YEM,2001,549000.0
Yemen,YEM,2002,549000.0
Yemen,YEM,2003,549000.0
Yemen,YEM,2004,549000.0
Yemen,YEM,2005,549000.0
Yemen,YEM,2006,549000.0
Yemen,YEM,2007,549000.0
Yemen,YEM,2008,549000.0
Yemen,YEM,2009,549000.0
Yemen,YEM,2010,549000.0
Yemen,YEM,2011,549000.0
Yemen,YEM,2012,549000.0
Yemen,YEM,2013,549000.0
Yemen,YEM,2014,549000.0
Yemen,YEM,2015,549000.0
Yemen,YEM,2016,549000.0
Yemen,YEM,2017,549000.0
Yemen,YEM,2018,549000.0
Yemen,YEM,2019,549000.0
Yemen,YEM,2020,549000.0
Yemen,YEM,2021,549000.0
Yemen,YEM,2022,549000.0
Yemen,YEM,2023,549000.0
Yemen,YEM,2024,549000.0
Zambia,ZMB,2001,47018200.0
Zambia,ZMB,2002,46982400.0
Zambia,ZMB,2003,46946600.0
Zambia,ZMB,2004,46910800.0
Zambia,ZMB,2005,46875000.0
Zambia,ZMB,2006,46839200.0
Zambia,ZMB,2007,46803400.0
Zambia,ZMB,2008,46767600.0
Zambia,ZMB,2009,46731800.0
Zambia,ZMB,2010,46696000.0
Zambia,ZMB,2011,46507820.0
Zambia,ZMB,2012,46319640.0
Zambia,ZMB,2013,46131460.0
Zambia,ZMB,2014,45943280.0
Zambia,ZMB,2015,45755100.0
Zambia,ZMB,2016,45676096.0
Zambia,ZMB,2017,45597090.0
Zambia,ZMB,2018,45518084.0
Zambia,ZMB,2019,45439076.0
Zambia,ZMB,2020,45360070.0
Zambia,ZMB,2021,45262916.0
Zambia,ZMB,2022,45165756.0
Zambia,ZMB,2023,45068600.0
Zambia,ZMB,2024,44971444.0
Zimbabwe,ZWE,2001,15552471.0
Zimbabwe,ZWE,2002,15446752.0
Zimbabwe,ZWE,2003,15341033.0
Zimbabwe,ZWE,2004,15235314.0
Zimbabwe,ZWE,2005,15129595.0
Zimbabwe,ZWE,2006,15023876.0
Zimbabwe,ZWE,2007,14918157.0
Zimbabwe,ZWE,2008,14812438.0
Zimbabwe,ZWE,2009,14706719.0
Zimbabwe,ZWE,2010,14601000.0
Zimbabwe,ZWE,2011,14541334.0
Zimbabwe,ZWE,2012,14481668.0
Zimbabwe,ZWE,2013,14422002.0
Zimbabwe,ZWE,2014,14362336.0
Zimbabwe,ZWE,2015,14302670.0
Zimbabwe,ZWE,2016,14248338.0
Zimbabwe,ZWE,2017,14194006.0
Zimbabwe,ZWE,2018,14139674.0
Zimbabwe,ZWE,2019,14085342.0
Zimbabwe,ZWE,2020,14031010.0
Zimbabwe,ZWE,2021,13978010.0
Zimbabwe,ZWE,2022,13925010.0
Zimbabwe,ZWE,2023,13872010.0
Zimbabwe,ZWE,2024,13819010.0
